{"elements":[{"from":[11,3,9],"to":[14,4,12],"rotation":{"angle":22.5,"axis":"y","origin":[19,10,17]},"faces":{"north":{"uv":[0,3,3,4],"texture":"#1"},"east":{"uv":[2,0,5,1],"texture":"#1"},"south":{"uv":[0,0,3,1],"texture":"#1"},"west":{"uv":[2,4,5,5],"texture":"#1"},"up":{"uv":[6,0,9,3],"texture":"#1"},"down":{"uv":[0,0,3,3],"texture":"#1"}}},{"from":[12,0,10],"to":[13,3,11],"rotation":{"angle":22.5,"axis":"y","origin":[19,10,17]},"faces":{"north":{"uv":[15,0,16,3],"texture":"#1"},"east":{"uv":[15,0,16,3],"texture":"#1"},"south":{"uv":[15,0,16,3],"texture":"#1"},"west":{"uv":[15,0,16,3],"texture":"#1"},"up":{"uv":[0,0,1,1],"texture":"#1"},"down":{"uv":[14,5,15,6],"texture":"#1"}}},{"from":[8,4,7],"to":[11,5,10],"rotation":{"angle":-22.5,"axis":"y","origin":[16,11,15]},"faces":{"north":{"uv":[0,3,3,4],"texture":"#1"},"east":{"uv":[2,0,5,1],"texture":"#1"},"south":{"uv":[0,0,3,1],"texture":"#1"},"west":{"uv":[2,4,5,5],"texture":"#1"},"up":{"uv":[6,0,9,3],"texture":"#1"},"down":{"uv":[0,0,3,3],"texture":"#1"}}},{"from":[9,0,8],"to":[10,4,9],"rotation":{"angle":-22.5,"axis":"y","origin":[16,10,15]},"faces":{"north":{"uv":[15,0,16,4],"texture":"#1"},"east":{"uv":[15,0,16,4],"texture":"#1"},"south":{"uv":[15,0,16,4],"texture":"#1"},"west":{"uv":[15,0,16,4],"texture":"#1"},"up":{"uv":[0,0,1,1],"texture":"#1"},"down":{"uv":[14,5,15,6],"texture":"#1"}}},{"from":[7.3,0,-2.7],"to":[8.7,4.4,-1.3],"rotation":{"angle":45,"axis":"y","origin":[15,13,5]},"faces":{"north":{"uv":[14,0,16,5],"texture":"#1"},"east":{"uv":[14,0,16,5],"texture":"#1"},"south":{"uv":[14,0,16,5],"texture":"#1"},"west":{"uv":[14,0,16,5],"texture":"#1"},"up":{"uv":[0,0,2,2],"texture":"#1"},"down":{"uv":[14,5,16,7],"texture":"#1"}}},{"from":[5.3,4.4,-4.7],"to":[10.7,6.1,0.7],"rotation":{"angle":45,"axis":"y","origin":[15,12.4,5]},"faces":{"north":{"uv":[0,13,5,15],"texture":"#1"},"east":{"uv":[0,11,5,13],"texture":"#1"},"south":{"uv":[0,8,5,10],"texture":"#1"},"west":{"uv":[0,6,5,8],"texture":"#1"},"up":{"uv":[0,0,5,5],"texture":"#1"},"down":{"uv":[0,0,5,5],"texture":"#1"}}}],"parent":"minecraft:block/cross","textures":{"1":"block/brown_mushroom_mx","particle":"block/brown_mushroom_mx"}}