{"display":{"thirdperson_righthand":{"rotation":[77,2,2],"translation":[0,1.5,0],"scale":[0.3,0.3,0.3]},"thirdperson_lefthand":{"rotation":[77,2,2],"translation":[0,1.5,0],"scale":[0.3,0.3,0.3]},"firstperson_righthand":{"rotation":[-180,0,0],"translation":[1.13,8.95,1.13],"scale":[0.51,0.51,0.51]},"firstperson_lefthand":{"rotation":[-180,0,0],"translation":[1.13,9.2,1.13],"scale":[0.51,0.51,0.51]},"ground":{"rotation":[-180,0,0],"translation":[0,7.25,0],"scale":[0.45,0.45,0.45]},"gui":{"rotation":[13,-22,0],"translation":[1.25,-3.25,0],"scale":[0.5,0.5,0.5]},"head":{"rotation":[-180,0,0],"translation":[1,11.25,17.25],"scale":[1.6,1.6,1.6]},"fixed":{"rotation":[4,0,0],"translation":[0,-5.75,-6.5]}},"textures":{"2":"item/hanega","4":"item/hanega","particle":"item/hanega"},"elements":[{"name":"hanega_model","from":[-9,-2,13],"to":[25,32,13],"rotation":{"angle":0,"axis":"y","origin":[9,8,7]},"faces":{"north":{"uv":[0,0,16,16],"texture":"#4"},"east":{"uv":[0,0,12,12],"texture":"#2"},"south":{"uv":[16,0,0,16],"texture":"#4"},"west":{"uv":[0,0,12,12],"texture":"#2"},"up":{"uv":[0,0,12,12],"texture":"#2"},"down":{"uv":[0,0,12,12],"texture":"#2"}}}],"gui_light":"front"}