{"display":{"thirdperson_righthand":{"rotation":[73,3,85],"translation":[2.75,2.75,3.25],"scale":[0.3,0.3,0.3]},"thirdperson_lefthand":{"rotation":[73,3,85],"translation":[2.75,2.75,3.25],"scale":[0.3,0.3,0.3]},"firstperson_righthand":{"rotation":[-180,0,0],"translation":[1.13,8.95,1.13],"scale":[0.51,0.51,0.51]},"firstperson_lefthand":{"rotation":[-180,0,0],"translation":[1.13,9.2,1.13],"scale":[0.51,0.51,0.51]},"ground":{"rotation":[-180,0,0],"translation":[0,7.25,0],"scale":[0.45,0.45,0.45]},"gui":{"rotation":[13,-22,0],"translation":[1.25,-3.25,0],"scale":[0.5,0.5,0.5]},"head":{"translation":[1,-13.75,1.25],"scale":[1.6,1.6,1.6]},"fixed":{"rotation":[4,0,0],"translation":[0,-5.75,-6.5]}},"textures":{"1":"item/hanega_charged_dynamic","2":"item/anemo_spore","particle":"item/hanega"},"elements":[{"name":"hanega_model","from":[-9,9,13],"to":[3,21,13],"rotation":{"angle":0,"axis":"y","origin":[9,8,7]},"faces":{"north":{"uv":[0,0,16,16],"texture":"#1"},"east":{"uv":[0,0,12,12],"texture":"#1"},"south":{"uv":[16,0,0,16],"texture":"#1"},"west":{"uv":[0,0,12,12],"texture":"#1"},"up":{"uv":[0,0,12,12],"texture":"#1"},"down":{"uv":[0,0,12,12],"texture":"#1"}}},{"name":"hanega_model","from":[-8,20,13],"to":[2,20,19],"rotation":{"angle":0,"axis":"x","origin":[9,8,7]},"faces":{"north":{"uv":[0,0,12,12],"rotation":180,"texture":"#1"},"east":{"uv":[0,0,12,12],"rotation":270,"texture":"#1"},"south":{"uv":[0,0,12,12],"texture":"#1"},"west":{"uv":[0,0,12,12],"rotation":90,"texture":"#1"},"up":{"uv":[0,0,16,9],"rotation":180,"texture":"#2"},"down":{"uv":[16,0,0,9],"texture":"#2"}}},{"name":"hanega_model","from":[13,20,13],"to":[23,20,19],"rotation":{"angle":0,"axis":"x","origin":[9,8,7]},"faces":{"north":{"uv":[0,0,12,12],"rotation":180,"texture":"#1"},"east":{"uv":[0,0,12,12],"rotation":270,"texture":"#1"},"south":{"uv":[0,0,12,12],"texture":"#1"},"west":{"uv":[0,0,12,12],"rotation":90,"texture":"#1"},"up":{"uv":[0,0,16,9],"rotation":180,"texture":"#2"},"down":{"uv":[16,0,0,9],"texture":"#2"}}},{"name":"hanega_model","from":[2,10,13],"to":[2,20,19],"rotation":{"angle":0,"axis":"z","origin":[9,8,7]},"faces":{"north":{"uv":[0,0,12,12],"rotation":90,"texture":"#1"},"east":{"uv":[0,9,16,16],"rotation":270,"texture":"#2"},"south":{"uv":[0,0,12,12],"rotation":90,"texture":"#1"},"west":{"uv":[16,9,0,16],"rotation":90,"texture":"#2"},"up":{"uv":[0,0,12,12],"rotation":180,"texture":"#1"},"down":{"uv":[0,0,12,12],"texture":"#1"}}},{"name":"hanega_model","from":[23,10,13],"to":[23,20,19],"rotation":{"angle":0,"axis":"z","origin":[9,8,7]},"faces":{"north":{"uv":[0,0,12,12],"rotation":90,"texture":"#1"},"east":{"uv":[0,9,16,16],"rotation":270,"texture":"#2"},"south":{"uv":[0,0,12,12],"rotation":90,"texture":"#1"},"west":{"uv":[16,9,0,16],"rotation":90,"texture":"#2"},"up":{"uv":[0,0,12,12],"rotation":180,"texture":"#1"},"down":{"uv":[0,0,12,12],"texture":"#1"}}},{"name":"hanega_model","from":[-8,10,13],"to":[-8,20,19],"rotation":{"angle":0,"axis":"z","origin":[9,8,7]},"faces":{"north":{"uv":[0,0,12,12],"rotation":90,"texture":"#1"},"east":{"uv":[0,8,16,16],"rotation":270,"texture":"#2"},"south":{"uv":[0,0,12,12],"rotation":90,"texture":"#1"},"west":{"uv":[16,8,0,16],"rotation":90,"texture":"#2"},"up":{"uv":[0,0,12,12],"rotation":180,"texture":"#1"},"down":{"uv":[0,0,12,12],"texture":"#1"}}},{"name":"hanega_model","from":[13,10,13],"to":[13,20,19],"rotation":{"angle":0,"axis":"z","origin":[9,8,7]},"faces":{"north":{"uv":[0,0,12,12],"rotation":90,"texture":"#1"},"east":{"uv":[0,8,16,16],"rotation":270,"texture":"#2"},"south":{"uv":[0,0,12,12],"rotation":90,"texture":"#1"},"west":{"uv":[16,8,0,16],"rotation":90,"texture":"#2"},"up":{"uv":[0,0,12,12],"rotation":180,"texture":"#1"},"down":{"uv":[0,0,12,12],"texture":"#1"}}},{"name":"hanega_model","from":[-8,10,13],"to":[2,10,19],"rotation":{"angle":0,"axis":"x","origin":[9,8,7]},"faces":{"north":{"uv":[0,0,12,12],"rotation":180,"texture":"#1"},"east":{"uv":[0,0,12,12],"rotation":270,"texture":"#1"},"south":{"uv":[0,0,12,12],"texture":"#1"},"west":{"uv":[0,0,12,12],"rotation":90,"texture":"#1"},"up":{"uv":[0,7,16,16],"rotation":180,"texture":"#2"},"down":{"uv":[16,7,0,16],"texture":"#2"}}},{"name":"hanega_model","from":[13,10,13],"to":[23,10,19],"rotation":{"angle":0,"axis":"x","origin":[9,8,7]},"faces":{"north":{"uv":[0,0,12,12],"rotation":180,"texture":"#1"},"east":{"uv":[0,0,12,12],"rotation":270,"texture":"#1"},"south":{"uv":[0,0,12,12],"texture":"#1"},"west":{"uv":[0,0,12,12],"rotation":90,"texture":"#1"},"up":{"uv":[0,7,16,16],"rotation":180,"texture":"#2"},"down":{"uv":[16,7,0,16],"texture":"#2"}}},{"name":"hanega_model","from":[12,9,13],"to":[24,21,13],"rotation":{"angle":0,"axis":"y","origin":[9,8,7]},"faces":{"north":{"uv":[0,0,16,16],"texture":"#1"},"east":{"uv":[0,0,12,12],"texture":"#1"},"south":{"uv":[16,0,0,16],"texture":"#1"},"west":{"uv":[0,0,12,12],"texture":"#1"},"up":{"uv":[0,0,12,12],"texture":"#1"},"down":{"uv":[0,0,12,12],"texture":"#1"}}}],"gui_light":"front"}