{"display":{"thirdperson_righthand":{"rotation":[75,45,0],"translation":[0,2.5,0],"scale":[0.25,0.25,0.25]},"thirdperson_lefthand":{"rotation":[75,45,0],"translation":[0,2.5,0],"scale":[0.25,0.25,0.25]},"firstperson_righthand":{"rotation":[0,45,0],"translation":[0,1,0],"scale":[0.3,0.3,0.3]},"firstperson_lefthand":{"rotation":[0,45,0],"translation":[0,1,0],"scale":[0.3,0.3,0.3]},"ground":{"translation":[0,3,0],"scale":[0.25,0.25,0.25]},"gui":{"rotation":[30,225,0],"translation":[-0.5,0,0],"scale":[0.5,0.5,0.5]},"fixed":{"rotation":[-90,-10,0],"translation":[0,0,-14],"scale":[2,2,2]}},"texture_size":[128,128],"textures":{"0":"block/plants/various"},"elements":[{"from":[1,0,2],"to":[4,5,5],"faces":{"north":{"uv":[12,0.125,12.375,0.75],"texture":"#0"},"east":{"uv":[12,0.125,12.375,0.75],"texture":"#0"},"south":{"uv":[12,0.125,12.375,0.75],"texture":"#0"},"west":{"uv":[12,0.125,12.375,0.75],"texture":"#0"},"up":{"uv":[12,0.125,12.375,0.5],"texture":"#0"},"down":{"uv":[12,0.125,12.375,0.5],"texture":"#0"}}},{"from":[-2,5,-1],"to":[7,10,8],"faces":{"north":{"uv":[14.875,3.875,16,4.5],"texture":"#0"},"east":{"uv":[14.875,3.875,16,4.5],"texture":"#0"},"south":{"uv":[14.875,3.875,16,4.5],"texture":"#0"},"west":{"uv":[14.875,3.875,16,4.5],"texture":"#0"},"up":{"uv":[13.75,2.75,14.875,3.875],"texture":"#0"},"down":{"uv":[14.875,2.75,16,3.875],"texture":"#0"}}},{"from":[9,3,9],"to":[16,7,16],"faces":{"north":{"uv":[14.875,3.875,15.75,4.375],"texture":"#0"},"east":{"uv":[15.125,4,16,4.5],"texture":"#0"},"south":{"uv":[14.875,3.875,15.75,4.375],"texture":"#0"},"west":{"uv":[15.125,4,16,4.5],"texture":"#0"},"up":{"uv":[14,3.625,14.875,2.75],"texture":"#0"},"down":{"uv":[15.125,4.5,16,5.375],"texture":"#0"}}},{"from":[11,0,11],"to":[14,3,14],"faces":{"north":{"uv":[12,0.125,12.375,0.5],"texture":"#0"},"east":{"uv":[12,0.125,12.375,0.5],"texture":"#0"},"south":{"uv":[12,0.125,12.375,0.5],"texture":"#0"},"west":{"uv":[12,0.125,12.375,0.5],"texture":"#0"},"up":{"uv":[12,0.125,12.375,0.5],"texture":"#0"},"down":{"uv":[12,0.125,12.375,0.5],"texture":"#0"}}}]}