{"display":{"thirdperson_righthand":{"rotation":[75,45,0],"translation":[0,2.5,0],"scale":[0.2,0.2,0.2]},"thirdperson_lefthand":{"rotation":[75,45,0],"translation":[0,2.5,0],"scale":[0.2,0.2,0.2]},"firstperson_righthand":{"rotation":[0,45,0],"scale":[0.15,0.15,0.15]},"firstperson_lefthand":{"rotation":[0,225,0],"scale":[0.15,0.15,0.15]},"ground":{"translation":[0,3,0],"scale":[0.2,0.2,0.2]},"gui":{"rotation":[30,225,0],"translation":[-0.5,0,0],"scale":[0.35,0.35,0.35]},"fixed":{"rotation":[-90,0,0],"translation":[0,0,-14],"scale":[2,2,2]}},"textures":{"0":"block/plants/various"},"elements":[{"from":[7.5,0,8],"to":[8.5,14,8],"rotation":{"angle":-22.5,"axis":"x","origin":[8,0,8]},"faces":{"north":{"uv":[6.25,0.75,6.375,2.5],"rotation":180,"texture":"#0"},"east":{"uv":[0,0,14,0],"rotation":270,"texture":"#0"},"south":{"uv":[6.25,0.75,6.375,2.5],"texture":"#0"},"west":{"uv":[0,0,14,0],"rotation":90,"texture":"#0"},"up":{"uv":[0,0,1,0],"rotation":180,"texture":"#0"},"down":{"uv":[0,0,1,0],"texture":"#0"}}},{"from":[7.5,0,8],"to":[8.5,14,8],"rotation":{"angle":0,"axis":"x","origin":[8,0,8]},"faces":{"north":{"uv":[6.25,0.75,6.375,2.5],"rotation":180,"texture":"#0"},"east":{"uv":[0,0,14,0],"rotation":270,"texture":"#0"},"south":{"uv":[6.25,0.75,6.375,2.5],"texture":"#0"},"west":{"uv":[0,0,14,0],"rotation":90,"texture":"#0"},"up":{"uv":[0,0,1,0],"rotation":180,"texture":"#0"},"down":{"uv":[0,0,1,0],"texture":"#0"}}},{"from":[8,0,7.5],"to":[8,10,8.5],"rotation":{"angle":22.5,"axis":"z","origin":[8,0,8]},"faces":{"north":{"uv":[0,0,10,0],"rotation":270,"texture":"#0"},"east":{"uv":[6.25,0,6.375,1.25],"rotation":180,"texture":"#0"},"south":{"uv":[0,0,10,0],"rotation":90,"texture":"#0"},"west":{"uv":[6.25,0,6.375,1.25],"texture":"#0"},"up":{"uv":[0,0,1,0],"rotation":90,"texture":"#0"},"down":{"uv":[0,0,1,0],"rotation":90,"texture":"#0"}}},{"from":[7.5,0,8],"to":[8.5,0,18],"rotation":{"angle":-45,"axis":"x","origin":[8,0,8]},"faces":{"north":{"uv":[0,0,1,0],"texture":"#0"},"east":{"uv":[0,0,10,0],"texture":"#0"},"south":{"uv":[0,0,1,0],"texture":"#0"},"west":{"uv":[0,0,10,0],"texture":"#0"},"up":{"uv":[6.25,1.125,6.375,2.375],"texture":"#0"},"down":{"uv":[6.25,1.125,6.375,2.375],"texture":"#0"}}},{"from":[8,0,7.5],"to":[24,0,8.5],"rotation":{"angle":45,"axis":"z","origin":[8,0,8]},"faces":{"north":{"uv":[0,0,16,0],"texture":"#0"},"east":{"uv":[0,0,1,0],"texture":"#0"},"south":{"uv":[0,0,16,0],"texture":"#0"},"west":{"uv":[0,0,1,0],"texture":"#0"},"up":{"uv":[6.25,0,6.375,2],"rotation":90,"texture":"#0"},"down":{"uv":[6.25,0,6.375,2],"rotation":270,"texture":"#0"}}},{"from":[-1,7,11],"to":[17,7,32],"faces":{"north":{"uv":[0,0,16,0],"texture":"#0"},"east":{"uv":[0,0,16,0],"texture":"#0"},"south":{"uv":[0,0,16,0],"texture":"#0"},"west":{"uv":[0,0,16,0],"texture":"#0"},"up":{"uv":[5.25,2.625,7.5,0],"texture":"#0"},"down":{"uv":[5.25,0,7.5,2.625],"texture":"#0"}}},{"from":[-16,4.5,-1],"to":[5,4.5,17],"rotation":{"angle":22.5,"axis":"y","origin":[0,0,0]},"faces":{"north":{"uv":[0,0,16,0],"texture":"#0"},"east":{"uv":[0,0,16,0],"texture":"#0"},"south":{"uv":[0,0,16,0],"texture":"#0"},"west":{"uv":[0,0,16,0],"texture":"#0"},"up":{"uv":[5.25,2.625,7.5,0],"rotation":90,"texture":"#0"},"down":{"uv":[5.25,0,7.5,2.625],"rotation":270,"texture":"#0"}}},{"from":[2,5.5,-16],"to":[20,5.5,5],"rotation":{"angle":-45,"axis":"y","origin":[10,6,6]},"faces":{"north":{"uv":[0,0,16,0],"texture":"#0"},"east":{"uv":[0,0,16,0],"texture":"#0"},"south":{"uv":[0,0,16,0],"texture":"#0"},"west":{"uv":[0,0,16,0],"texture":"#0"},"up":{"uv":[5.25,0,7.5,2.625],"texture":"#0"},"down":{"uv":[5.25,2.625,7.5,0],"texture":"#0"}}},{"from":[-1,11.25,-16],"to":[17,11.25,5],"rotation":{"angle":22.5,"axis":"x","origin":[10,6,6]},"faces":{"north":{"uv":[0,0,16,0],"texture":"#0"},"east":{"uv":[0,0,16,0],"texture":"#0"},"south":{"uv":[0,0,16,0],"texture":"#0"},"west":{"uv":[0,0,16,0],"texture":"#0"},"up":{"uv":[5.25,0,7.5,2.625],"texture":"#0"},"down":{"uv":[5.25,2.625,7.5,0],"texture":"#0"}}},{"from":[1.5,12.5,2.75],"to":[19.5,12.5,23.75],"rotation":{"angle":-22.5,"axis":"x","origin":[10,6,6]},"faces":{"north":{"uv":[0,0,16,0],"rotation":180,"texture":"#0"},"east":{"uv":[0,0,16,0],"rotation":180,"texture":"#0"},"south":{"uv":[0,0,16,0],"rotation":180,"texture":"#0"},"west":{"uv":[0,0,16,0],"rotation":180,"texture":"#0"},"up":{"uv":[7.5,2.625,9.75,0],"texture":"#0"},"down":{"uv":[7.5,0,9.75,2.625],"texture":"#0"}}},{"from":[-2,9.25,-16],"to":[16,9.25,5],"rotation":{"angle":45,"axis":"y","origin":[10,6,6]},"faces":{"north":{"uv":[0,0,16,0],"texture":"#0"},"east":{"uv":[0,0,16,0],"texture":"#0"},"south":{"uv":[0,0,16,0],"texture":"#0"},"west":{"uv":[0,0,16,0],"texture":"#0"},"up":{"uv":[5.25,0,7.5,2.625],"texture":"#0"},"down":{"uv":[5.25,2.625,7.5,0],"texture":"#0"}}},{"from":[11,7.5,2],"to":[32,7.5,20],"rotation":{"angle":22.5,"axis":"z","origin":[10,6,6]},"faces":{"north":{"uv":[0,0,16,0],"texture":"#0"},"east":{"uv":[0,0,16,0],"texture":"#0"},"south":{"uv":[0,0,16,0],"texture":"#0"},"west":{"uv":[0,0,16,0],"texture":"#0"},"up":{"uv":[7.5,0,9.75,2.625],"rotation":90,"texture":"#0"},"down":{"uv":[7.5,2.625,9.75,0],"rotation":270,"texture":"#0"}}},{"from":[6,2.5,2],"to":[27,2.5,20],"rotation":{"angle":-45,"axis":"y","origin":[10,6,6]},"faces":{"north":{"uv":[0,0,16,0],"texture":"#0"},"east":{"uv":[0,0,16,0],"texture":"#0"},"south":{"uv":[0,0,16,0],"texture":"#0"},"west":{"uv":[0,0,16,0],"texture":"#0"},"up":{"uv":[7.5,0,9.75,2.625],"rotation":90,"texture":"#0"},"down":{"uv":[7.5,2.625,9.75,0],"rotation":270,"texture":"#0"}}}]}