{"display":{"thirdperson_righthand":{"rotation":[75,45,0],"translation":[0,2.5,0],"scale":[0.2,0.2,0.2]},"thirdperson_lefthand":{"rotation":[75,45,0],"translation":[0,2.5,0],"scale":[0.2,0.2,0.2]},"firstperson_righthand":{"rotation":[0,45,0],"scale":[0.2,0.2,0.2]},"firstperson_lefthand":{"rotation":[0,45,0],"scale":[0.2,0.2,0.2]},"ground":{"translation":[0,3,0],"scale":[0.15,0.15,0.15]},"gui":{"rotation":[30,90,0],"scale":[0.4,0.4,0.4]},"fixed":{"rotation":[-90,45,0],"translation":[0,0,-14],"scale":[2,2,2]}},"texture_size":[128,128],"textures":{"0":"block/plants/various"},"elements":[{"from":[-10,0.75,-2],"to":[6,0.75,18],"rotation":{"angle":-22.5,"axis":"z","origin":[5,-0.25,8]},"faces":{"north":{"uv":[0,0,2,0],"texture":"#0"},"east":{"uv":[0,0,0.25,0],"texture":"#0"},"south":{"uv":[0,0,2,0],"texture":"#0"},"west":{"uv":[0,0,0.25,0],"texture":"#0"},"up":{"uv":[0,10.625,2,8.125],"texture":"#0"},"down":{"uv":[0,8.125,2,10.625],"texture":"#0"}}},{"from":[10,0.75,-2],"to":[26,0.75,18],"rotation":{"angle":22.5,"axis":"z","origin":[11,-0.25,8]},"faces":{"north":{"uv":[0,0,2,0],"texture":"#0"},"east":{"uv":[0,0,0.25,0],"texture":"#0"},"south":{"uv":[0,0,2,0],"texture":"#0"},"west":{"uv":[0,0,0.25,0],"texture":"#0"},"up":{"uv":[2,8.125,0,10.625],"texture":"#0"},"down":{"uv":[2,10.625,0,8.125],"texture":"#0"}}},{"from":[-2,0.75,-10],"to":[18,0.75,6],"rotation":{"angle":22.5,"axis":"x","origin":[8,-0.25,5]},"faces":{"north":{"uv":[0,0,0.25,0],"texture":"#0"},"east":{"uv":[0,0,2,0],"texture":"#0"},"south":{"uv":[0,0,0.25,0],"texture":"#0"},"west":{"uv":[0,0,2,0],"texture":"#0"},"up":{"uv":[0,10.625,2,8.125],"rotation":90,"texture":"#0"},"down":{"uv":[0,8.125,2,10.625],"rotation":270,"texture":"#0"}}},{"from":[-2,0.75,10],"to":[18,0.75,26],"rotation":{"angle":-22.5,"axis":"x","origin":[8,-0.25,11]},"faces":{"north":{"uv":[0,0,0.25,0],"texture":"#0"},"east":{"uv":[0,0,2,0],"texture":"#0"},"south":{"uv":[0,0,0.25,0],"texture":"#0"},"west":{"uv":[0,0,2,0],"texture":"#0"},"up":{"uv":[2,8.125,0,10.625],"rotation":90,"texture":"#0"},"down":{"uv":[2,10.625,0,8.125],"rotation":270,"texture":"#0"}}},{"from":[5,0,5],"to":[11,2,11],"rotation":{"angle":0,"axis":"y","origin":[3,0,0]},"faces":{"north":{"uv":[2.75,9.125,3.5,9.375],"texture":"#0"},"east":{"uv":[2.75,9.125,3.5,9.375],"texture":"#0"},"south":{"uv":[2.75,9.125,3.5,9.375],"texture":"#0"},"west":{"uv":[2.75,9.125,3.5,9.375],"texture":"#0"},"up":{"uv":[2,9.125,2.75,9.875],"texture":"#0"},"down":{"uv":[2,9.875,2.75,10.625],"texture":"#0"}}},{"from":[6.5,2,8],"to":[9.5,28,8],"rotation":{"angle":45,"axis":"y","origin":[8,0,8]},"faces":{"north":{"uv":[0,10.625,0.375,13.875],"texture":"#0"},"east":{"uv":[0,0,0,3.25],"texture":"#0"},"south":{"uv":[0,10.625,0.375,13.875],"texture":"#0"},"west":{"uv":[0,0,0,3.25],"texture":"#0"},"up":{"uv":[0,0,0.375,0],"texture":"#0"},"down":{"uv":[0,0,0.375,0],"texture":"#0"}}},{"from":[8,2,6.5],"to":[8,22,9.5],"rotation":{"angle":22.5,"axis":"x","origin":[8,0,8]},"faces":{"north":{"uv":[0,0,0,3.25],"texture":"#0"},"east":{"uv":[0,10.625,0.375,13.125],"texture":"#0"},"south":{"uv":[0,0,0,3.25],"texture":"#0"},"west":{"uv":[0,10.625,0.375,13.125],"texture":"#0"},"up":{"uv":[0,0,0.375,0],"rotation":270,"texture":"#0"},"down":{"uv":[0,0,0.375,0],"rotation":90,"texture":"#0"}}},{"from":[8,2,6.5],"to":[8,22,9.5],"rotation":{"angle":-22.5,"axis":"x","origin":[8,0,8]},"faces":{"north":{"uv":[0,0,0,3.25],"texture":"#0"},"east":{"uv":[0,10.625,0.375,13.125],"texture":"#0"},"south":{"uv":[0,0,0,3.25],"texture":"#0"},"west":{"uv":[0,10.625,0.375,13.125],"texture":"#0"},"up":{"uv":[0,0,0.375,0],"rotation":270,"texture":"#0"},"down":{"uv":[0,0,0.375,0],"rotation":90,"texture":"#0"}}},{"from":[-1,0.25,-16],"to":[17,0.25,5],"rotation":{"angle":-45,"axis":"y","origin":[8,0.25,8]},"faces":{"north":{"uv":[0,0,2,0],"texture":"#0"},"east":{"uv":[0,0,2,0],"texture":"#0"},"south":{"uv":[0,0,2,0],"texture":"#0"},"west":{"uv":[0,0,2,0],"texture":"#0"},"up":{"uv":[1.25,10.625,3.5,13.25],"texture":"#0"},"down":{"uv":[1.25,13.25,3.5,10.625],"texture":"#0"}}},{"from":[-16,0.25,-1],"to":[5,0.25,17],"rotation":{"angle":45,"axis":"y","origin":[8,0.25,8]},"faces":{"north":{"uv":[0,0,2,0],"texture":"#0"},"east":{"uv":[0,0,2,0],"texture":"#0"},"south":{"uv":[0,0,2,0],"texture":"#0"},"west":{"uv":[0,0,2,0],"texture":"#0"},"up":{"uv":[1.25,10.625,3.5,13.25],"rotation":270,"texture":"#0"},"down":{"uv":[1.25,13.25,3.5,10.625],"rotation":90,"texture":"#0"}}},{"from":[-16,0.5,-1],"to":[5,0.5,17],"rotation":{"angle":0,"axis":"y","origin":[8,0.25,8]},"faces":{"north":{"uv":[0,0,2,0],"texture":"#0"},"east":{"uv":[0,0,2,0],"texture":"#0"},"south":{"uv":[0,0,2,0],"texture":"#0"},"west":{"uv":[0,0,2,0],"texture":"#0"},"up":{"uv":[1.25,10.625,3.5,13.25],"rotation":270,"texture":"#0"},"down":{"uv":[1.25,13.25,3.5,10.625],"rotation":90,"texture":"#0"}}}]}