{"display":{"thirdperson_righthand":{"rotation":[75,45,0],"translation":[0,2.5,0],"scale":[0.2,0.2,0.2]},"thirdperson_lefthand":{"rotation":[75,45,0],"translation":[0,2.5,0],"scale":[0.2,0.2,0.2]},"firstperson_righthand":{"rotation":[0,45,0],"scale":[0.15,0.15,0.15]},"firstperson_lefthand":{"rotation":[0,45,0],"scale":[0.15,0.15,0.15]},"ground":{"translation":[0,3,0],"scale":[0.15,0.15,0.15]},"gui":{"rotation":[30,0,0],"translation":[0,-3.5,0],"scale":[0.4,0.4,0.4]},"fixed":{"rotation":[-90,0,0],"translation":[0,0,-14],"scale":[2,2,2]}},"texture_size":[128,128],"textures":{"0":"block/plants/various"},"elements":[{"from":[0,0,1],"to":[0,16,21],"rotation":{"angle":45,"axis":"y","origin":[0,0,0]},"faces":{"north":{"uv":[0,0,0,2],"texture":"#0"},"east":{"uv":[10.5,7,12.5,9],"texture":"#0"},"south":{"uv":[0,0,0,2],"texture":"#0"},"west":{"uv":[10.5,7,12.5,9],"texture":"#0"},"up":{"uv":[0,0,0,2],"texture":"#0"},"down":{"uv":[0,0,0,2],"texture":"#0"}}},{"from":[11,0,-10],"to":[11,16,10],"rotation":{"angle":-45,"axis":"y","origin":[0,0,0]},"faces":{"north":{"uv":[0,0,0,2],"texture":"#0"},"east":{"uv":[10.5,7,12.5,9],"texture":"#0"},"south":{"uv":[0,0,0,2],"texture":"#0"},"west":{"uv":[10.5,7,12.5,9],"texture":"#0"},"up":{"uv":[0,0,0,2],"texture":"#0"},"down":{"uv":[0,0,0,2],"texture":"#0"}}},{"from":[2,16.5,2],"to":[14,19.5,14],"faces":{"north":{"uv":[10.5,9,12,9.375],"texture":"#0"},"east":{"uv":[10.5,9,12,9.375],"texture":"#0"},"south":{"uv":[10.5,9,12,9.375],"texture":"#0"},"west":{"uv":[10.5,9,12,9.375],"texture":"#0"},"up":{"uv":[9,8.375,10.5,9.875],"texture":"#0"},"down":{"uv":[9,6.875,10.5,8.375],"texture":"#0"}}},{"from":[0,16,0],"to":[16,16,16],"faces":{"north":{"uv":[0,0,2,0],"texture":"#0"},"east":{"uv":[0,0,2,0],"texture":"#0"},"south":{"uv":[0,0,2,0],"texture":"#0"},"west":{"uv":[0,0,2,0],"texture":"#0"},"up":{"uv":[7,6.875,9,8.875],"texture":"#0"},"down":{"uv":[7,8.875,9,6.875],"texture":"#0"}}},{"from":[-12,16.25,0],"to":[4,16.25,16],"rotation":{"angle":-45,"axis":"y","origin":[8,0,8]},"faces":{"north":{"uv":[0,0,2,0],"texture":"#0"},"east":{"uv":[0,0,2,0],"texture":"#0"},"south":{"uv":[0,0,2,0],"texture":"#0"},"west":{"uv":[0,0,2,0],"texture":"#0"},"up":{"uv":[7,8.875,9,10.875],"texture":"#0"},"down":{"uv":[7,10.875,9,8.875],"texture":"#0"}}},{"from":[12,16.25,0],"to":[28,16.25,16],"rotation":{"angle":-45,"axis":"y","origin":[8,0,8]},"faces":{"north":{"uv":[0,0,2,0],"texture":"#0"},"east":{"uv":[0,0,2,0],"texture":"#0"},"south":{"uv":[0,0,2,0],"texture":"#0"},"west":{"uv":[0,0,2,0],"texture":"#0"},"up":{"uv":[7,8.875,9,10.875],"rotation":180,"texture":"#0"},"down":{"uv":[7,10.875,9,8.875],"rotation":180,"texture":"#0"}}},{"from":[0,16.25,-12],"to":[16,16.25,4],"rotation":{"angle":-45,"axis":"y","origin":[8,0,8]},"faces":{"north":{"uv":[0,0,2,0],"texture":"#0"},"east":{"uv":[0,0,2,0],"texture":"#0"},"south":{"uv":[0,0,2,0],"texture":"#0"},"west":{"uv":[0,0,2,0],"texture":"#0"},"up":{"uv":[7,8.875,9,10.875],"rotation":90,"texture":"#0"},"down":{"uv":[7,10.875,9,8.875],"rotation":270,"texture":"#0"}}},{"from":[0,16.25,12],"to":[16,16.25,28],"rotation":{"angle":-45,"axis":"y","origin":[8,0,8]},"faces":{"north":{"uv":[0,0,2,0],"texture":"#0"},"east":{"uv":[0,0,2,0],"texture":"#0"},"south":{"uv":[0,0,2,0],"texture":"#0"},"west":{"uv":[0,0,2,0],"texture":"#0"},"up":{"uv":[7,8.875,9,10.875],"rotation":270,"texture":"#0"},"down":{"uv":[7,10.875,9,8.875],"rotation":90,"texture":"#0"}}},{"from":[14,16.25,0],"to":[30,16.25,16],"rotation":{"angle":45,"axis":"z","origin":[14,16,8]},"faces":{"north":{"uv":[0,0,2,0],"texture":"#0"},"east":{"uv":[0,0,2,0],"texture":"#0"},"south":{"uv":[0,0,2,0],"texture":"#0"},"west":{"uv":[0,0,2,0],"texture":"#0"},"up":{"uv":[7,8.875,9,10.875],"rotation":180,"texture":"#0"},"down":{"uv":[7,10.875,9,8.875],"rotation":180,"texture":"#0"}}},{"from":[-14,16.25,0],"to":[2,16.25,16],"rotation":{"angle":-45,"axis":"z","origin":[2,16,8]},"faces":{"north":{"uv":[0,0,2,0],"texture":"#0"},"east":{"uv":[0,0,2,0],"texture":"#0"},"south":{"uv":[0,0,2,0],"texture":"#0"},"west":{"uv":[0,0,2,0],"texture":"#0"},"up":{"uv":[7,8.875,9,10.875],"texture":"#0"},"down":{"uv":[7,10.875,9,8.875],"texture":"#0"}}},{"from":[0,16.25,-14],"to":[16,16.25,2],"rotation":{"angle":45,"axis":"x","origin":[8,16,2]},"faces":{"north":{"uv":[0,0,2,0],"texture":"#0"},"east":{"uv":[0,0,2,0],"texture":"#0"},"south":{"uv":[0,0,2,0],"texture":"#0"},"west":{"uv":[0,0,2,0],"texture":"#0"},"up":{"uv":[7,8.875,9,10.875],"rotation":90,"texture":"#0"},"down":{"uv":[7,10.875,9,8.875],"rotation":270,"texture":"#0"}}},{"from":[0,16.5,14],"to":[16,16.5,30],"rotation":{"angle":-45,"axis":"x","origin":[8,16,14]},"faces":{"north":{"uv":[0,0,2,0],"texture":"#0"},"east":{"uv":[0,0,2,0],"texture":"#0"},"south":{"uv":[0,0,2,0],"texture":"#0"},"west":{"uv":[0,0,2,0],"texture":"#0"},"up":{"uv":[7,8.875,9,10.875],"rotation":270,"texture":"#0"},"down":{"uv":[7,10.875,9,8.875],"rotation":90,"texture":"#0"}}}]}