{"display":{"thirdperson_righthand":{"rotation":[65,45,0],"translation":[0,0.5,0],"scale":[0.2,0.2,0.2]},"thirdperson_lefthand":{"rotation":[65,45,0],"translation":[0,0.5,0],"scale":[0.2,0.2,0.2]},"firstperson_righthand":{"rotation":[0,45,0],"scale":[0.15,0.15,0.15]},"firstperson_lefthand":{"rotation":[0,45,0],"scale":[0.15,0.15,0.15]},"ground":{"translation":[0,3.1,0],"scale":[0.15,0.15,0.15]},"gui":{"rotation":[30,225,0],"translation":[0,-0.75,0],"scale":[0.3,0.3,0.3]},"fixed":{"rotation":[-90,45,0],"translation":[0,0,-35],"scale":[2,2,2]}},"texture_size":[128,128],"textures":{"0":"block/plants/various"},"elements":[{"from":[8.75,-13.5,7],"to":[9.75,1.5,8],"rotation":{"angle":-22.5,"axis":"z","origin":[8,-14,8]},"faces":{"north":{"uv":[0,3.125,0.125,5],"texture":"#0"},"east":{"uv":[0.25,3.125,0.375,5],"texture":"#0"},"south":{"uv":[0.5,3.125,0.625,5],"texture":"#0"},"west":{"uv":[0.75,3.125,0.875,5],"texture":"#0"},"up":{"uv":[0.25,3,0.375,3.125],"texture":"#0"},"down":{"uv":[0.25,6.5,0.375,6.625],"texture":"#0"}}},{"from":[6.75,-3.5,5],"to":[11.75,-3.5,10],"rotation":{"angle":-22.5,"axis":"z","origin":[8,-14,8]},"faces":{"north":{"uv":[0,0,0.875,0],"texture":"#0"},"east":{"uv":[0,0,0.875,0],"texture":"#0"},"south":{"uv":[0,0,0.875,0],"texture":"#0"},"west":{"uv":[0,0,0.875,0],"texture":"#0"},"up":{"uv":[4.625,0,5.25,0.625],"texture":"#0"},"down":{"uv":[4.625,0.625,5.25,0],"texture":"#0"}}},{"from":[11.75,-3.5,4],"to":[11.75,2.5,11],"rotation":{"angle":-22.5,"axis":"z","origin":[8,-14,8]},"faces":{"north":{"uv":[3.75,0,3.75,0.75],"texture":"#0"},"east":{"uv":[4.625,0,3.75,0.75],"texture":"#0"},"south":{"uv":[3.75,0,3.75,0.75],"texture":"#0"},"west":{"uv":[3.75,0,4.625,0.75],"texture":"#0"},"up":{"uv":[0,0,0,0.875],"texture":"#0"},"down":{"uv":[0,0,0,0.875],"texture":"#0"}}},{"from":[6.75,-3.5,4],"to":[6.75,2.5,11],"rotation":{"angle":-22.5,"axis":"z","origin":[8,-14,8]},"faces":{"north":{"uv":[3.75,0,3.75,0.75],"texture":"#0"},"east":{"uv":[3.75,0,4.625,0.75],"texture":"#0"},"south":{"uv":[3.75,0,3.75,0.75],"texture":"#0"},"west":{"uv":[4.625,0,3.75,0.75],"texture":"#0"},"up":{"uv":[0,0,0,0.875],"texture":"#0"},"down":{"uv":[0,0,0,0.875],"texture":"#0"}}},{"from":[5.75,-3.5,5],"to":[12.75,2.5,5],"rotation":{"angle":-22.5,"axis":"z","origin":[8,-14,8]},"faces":{"north":{"uv":[4.625,0,3.75,0.75],"texture":"#0"},"east":{"uv":[3.75,0,3.75,0.75],"texture":"#0"},"south":{"uv":[3.75,0,4.625,0.75],"texture":"#0"},"west":{"uv":[3.75,0,3.75,0.75],"texture":"#0"},"up":{"uv":[0,0,0,0.875],"rotation":90,"texture":"#0"},"down":{"uv":[0,0,0,0.875],"rotation":270,"texture":"#0"}}},{"from":[5.75,-3.5,10],"to":[12.75,2.5,10],"rotation":{"angle":-22.5,"axis":"z","origin":[8,-14,8]},"faces":{"north":{"uv":[3.75,0,4.625,0.75],"texture":"#0"},"east":{"uv":[3.75,0,3.75,0.75],"texture":"#0"},"south":{"uv":[4.625,0,3.75,0.75],"texture":"#0"},"west":{"uv":[3.75,0,3.75,0.75],"texture":"#0"},"up":{"uv":[0,0,0,0.875],"rotation":90,"texture":"#0"},"down":{"uv":[0,0,0,0.875],"rotation":270,"texture":"#0"}}},{"from":[8,-13.5,6.25],"to":[9,16.5,7.25],"rotation":{"angle":-22.5,"axis":"x","origin":[8,-14,8]},"faces":{"north":{"uv":[0,3.25,0.125,7],"texture":"#0"},"east":{"uv":[0.25,3.25,0.375,7],"texture":"#0"},"south":{"uv":[0.5,3.25,0.625,7],"texture":"#0"},"west":{"uv":[0.75,3.25,0.875,7],"texture":"#0"},"up":{"uv":[0.25,3,0.375,3.125],"texture":"#0"},"down":{"uv":[0.25,6.5,0.375,6.625],"texture":"#0"}}},{"from":[6,12.5,4.25],"to":[11,12.5,9.25],"rotation":{"angle":-22.5,"axis":"x","origin":[8,-14,8]},"faces":{"north":{"uv":[0,0,0.875,0],"texture":"#0"},"east":{"uv":[0,0,0.875,0],"texture":"#0"},"south":{"uv":[0,0,0.875,0],"texture":"#0"},"west":{"uv":[0,0,0.875,0],"texture":"#0"},"up":{"uv":[4.625,0,5.25,0.625],"texture":"#0"},"down":{"uv":[4.625,0.625,5.25,0],"texture":"#0"}}},{"from":[11,12.5,3.25],"to":[11,18.5,10.25],"rotation":{"angle":-22.5,"axis":"x","origin":[8,-14,8]},"faces":{"north":{"uv":[0,0,0,0.75],"texture":"#0"},"east":{"uv":[3.75,0,4.625,0.75],"texture":"#0"},"south":{"uv":[0,0,0,0.75],"texture":"#0"},"west":{"uv":[4.625,0,3.75,0.75],"texture":"#0"},"up":{"uv":[0,0,0,0.875],"texture":"#0"},"down":{"uv":[0,0,0,0.875],"texture":"#0"}}},{"from":[6,12.5,3.25],"to":[6,18.5,10.25],"rotation":{"angle":-22.5,"axis":"x","origin":[8,-14,8]},"faces":{"north":{"uv":[0,0,0,0.75],"texture":"#0"},"east":{"uv":[4.625,0,3.75,0.75],"texture":"#0"},"south":{"uv":[0,0,0,0.75],"texture":"#0"},"west":{"uv":[3.75,0,4.625,0.75],"texture":"#0"},"up":{"uv":[0,0,0,0.875],"texture":"#0"},"down":{"uv":[0,0,0,0.875],"texture":"#0"}}},{"from":[5,12.5,4.25],"to":[12,18.5,4.25],"rotation":{"angle":-22.5,"axis":"x","origin":[8,-14,8]},"faces":{"north":{"uv":[3.75,0,4.625,0.75],"texture":"#0"},"east":{"uv":[0,0,0,0.75],"texture":"#0"},"south":{"uv":[4.625,0,3.75,0.75],"texture":"#0"},"west":{"uv":[0,0,0,0.75],"texture":"#0"},"up":{"uv":[0,0,0,0.875],"rotation":90,"texture":"#0"},"down":{"uv":[0,0,0,0.875],"rotation":270,"texture":"#0"}}},{"from":[5,12.5,9.25],"to":[12,18.5,9.25],"rotation":{"angle":-22.5,"axis":"x","origin":[8,-14,8]},"faces":{"north":{"uv":[4.625,0,3.75,0.75],"texture":"#0"},"east":{"uv":[0,0,0,0.75],"texture":"#0"},"south":{"uv":[3.75,0,4.625,0.75],"texture":"#0"},"west":{"uv":[0,0,0,0.75],"texture":"#0"},"up":{"uv":[0,0,0,0.875],"rotation":90,"texture":"#0"},"down":{"uv":[0,0,0,0.875],"rotation":270,"texture":"#0"}}},{"from":[8,-13.5,8.75],"to":[9,11.5,9.75],"rotation":{"angle":22.5,"axis":"x","origin":[8,-14,8]},"faces":{"north":{"uv":[0,3.25,0.125,6.375],"texture":"#0"},"east":{"uv":[0.25,3.25,0.375,6.375],"texture":"#0"},"south":{"uv":[0.5,3.25,0.625,6.375],"texture":"#0"},"west":{"uv":[0.75,3.25,0.875,6.375],"texture":"#0"},"up":{"uv":[0.25,3,0.375,3.125],"texture":"#0"},"down":{"uv":[0.25,6.5,0.375,6.625],"texture":"#0"}}},{"from":[6,7.5,6.75],"to":[11,7.5,11.75],"rotation":{"angle":22.5,"axis":"x","origin":[8,-14,8]},"faces":{"north":{"uv":[0,0,0.875,0],"texture":"#0"},"east":{"uv":[0,0,0.875,0],"texture":"#0"},"south":{"uv":[0,0,0.875,0],"texture":"#0"},"west":{"uv":[0,0,0.875,0],"texture":"#0"},"up":{"uv":[4.625,0,5.25,0.625],"texture":"#0"},"down":{"uv":[4.625,0.625,5.25,0],"texture":"#0"}}},{"from":[11,7.5,5.75],"to":[11,13.5,12.75],"rotation":{"angle":22.5,"axis":"x","origin":[8,-14,8]},"faces":{"north":{"uv":[0,0,0,0.75],"texture":"#0"},"east":{"uv":[4.625,0,3.75,0.75],"texture":"#0"},"south":{"uv":[0,0,0,0.75],"texture":"#0"},"west":{"uv":[3.75,0,4.625,0.75],"texture":"#0"},"up":{"uv":[0,0,0,0.875],"texture":"#0"},"down":{"uv":[0,0,0,0.875],"texture":"#0"}}},{"from":[6,7.5,5.75],"to":[6,13.5,12.75],"rotation":{"angle":22.5,"axis":"x","origin":[8,-14,8]},"faces":{"north":{"uv":[0,0,0,0.75],"texture":"#0"},"east":{"uv":[3.75,0,4.625,0.75],"texture":"#0"},"south":{"uv":[0,0,0,0.75],"texture":"#0"},"west":{"uv":[4.625,0,3.75,0.75],"texture":"#0"},"up":{"uv":[0,0,0,0.875],"texture":"#0"},"down":{"uv":[0,0,0,0.875],"texture":"#0"}}},{"from":[5,7.5,6.75],"to":[12,13.5,6.75],"rotation":{"angle":22.5,"axis":"x","origin":[8,-14,8]},"faces":{"north":{"uv":[4.625,0,3.75,0.75],"texture":"#0"},"east":{"uv":[0,0,0,0.75],"texture":"#0"},"south":{"uv":[3.75,0,4.625,0.75],"texture":"#0"},"west":{"uv":[0,0,0,0.75],"texture":"#0"},"up":{"uv":[0,0,0,0.875],"rotation":90,"texture":"#0"},"down":{"uv":[0,0,0,0.875],"rotation":270,"texture":"#0"}}},{"from":[5,7.5,11.75],"to":[12,13.5,11.75],"rotation":{"angle":22.5,"axis":"x","origin":[8,-14,8]},"faces":{"north":{"uv":[3.75,0,4.625,0.75],"texture":"#0"},"east":{"uv":[0,0,0,0.75],"texture":"#0"},"south":{"uv":[4.625,0,3.75,0.75],"texture":"#0"},"west":{"uv":[0,0,0,0.75],"texture":"#0"},"up":{"uv":[0,0,0,0.875],"rotation":90,"texture":"#0"},"down":{"uv":[0,0,0,0.875],"rotation":270,"texture":"#0"}}},{"from":[7,-14,7],"to":[9,24,9],"rotation":{"angle":0,"axis":"y","origin":[0,-2,0]},"faces":{"north":{"uv":[0,2.75,0.25,8.125],"texture":"#0"},"east":{"uv":[0.25,2.75,0.5,8.125],"texture":"#0"},"south":{"uv":[0.5,2.75,0.75,8.125],"texture":"#0"},"west":{"uv":[0.75,2.75,1,8.125],"texture":"#0"},"up":{"uv":[0.25,3,0,2.75],"texture":"#0"},"down":{"uv":[0.25,7.875,0,8.125],"texture":"#0"}}},{"from":[-1,17,2],"to":[17,28,2],"rotation":{"angle":-22.5,"axis":"x","origin":[8,17,2]},"faces":{"north":{"uv":[2.25,0,0,1.375],"texture":"#0"},"east":{"uv":[0,0,0,1.375],"texture":"#0"},"south":{"uv":[0,0,2.25,1.375],"texture":"#0"},"west":{"uv":[0,0,0,1.375],"texture":"#0"},"up":{"uv":[0,0,0,2],"rotation":90,"texture":"#0"},"down":{"uv":[0,0,0,2],"rotation":270,"texture":"#0"}}},{"from":[2,17,2],"to":[14,17,14],"rotation":{"angle":0,"axis":"y","origin":[0,-4,0]},"faces":{"north":{"uv":[0,0,1.5,0],"texture":"#0"},"east":{"uv":[0,0,1.5,0],"texture":"#0"},"south":{"uv":[0,0,1.5,0],"texture":"#0"},"west":{"uv":[0,0,1.5,0],"texture":"#0"},"up":{"uv":[3.75,1.5,2.25,0],"texture":"#0"},"down":{"uv":[3.75,0,2.25,1.5],"texture":"#0"}}},{"from":[2,17,-1],"to":[2,28,17],"rotation":{"angle":22.5,"axis":"z","origin":[2,17,8]},"faces":{"north":{"uv":[0,0,0,1.375],"texture":"#0"},"east":{"uv":[0,0,2.25,1.375],"texture":"#0"},"south":{"uv":[0,0,0,1.375],"texture":"#0"},"west":{"uv":[2.25,0,0,1.375],"texture":"#0"},"up":{"uv":[0,0,0,2],"texture":"#0"},"down":{"uv":[0,0,0,2],"texture":"#0"}}},{"from":[14,17,-1],"to":[14,28,17],"rotation":{"angle":-22.5,"axis":"z","origin":[14,17,8]},"faces":{"north":{"uv":[0,0,0,1.375],"texture":"#0"},"east":{"uv":[2.25,0,0,1.375],"texture":"#0"},"south":{"uv":[0,0,0,1.375],"texture":"#0"},"west":{"uv":[0,0,2.25,1.375],"texture":"#0"},"up":{"uv":[0,2.25,0,0],"texture":"#0"},"down":{"uv":[0,0,0,2.25],"texture":"#0"}}},{"from":[-1,17,14],"to":[17,28,14],"rotation":{"angle":22.5,"axis":"x","origin":[8,17,14]},"faces":{"north":{"uv":[0,0,2.25,1.375],"texture":"#0"},"east":{"uv":[0,0,0,1.375],"texture":"#0"},"south":{"uv":[2.25,0,0,1.375],"texture":"#0"},"west":{"uv":[0,0,0,1.375],"texture":"#0"},"up":{"uv":[0,0,0,2],"rotation":90,"texture":"#0"},"down":{"uv":[0,0,0,2],"rotation":270,"texture":"#0"}}}]}