{"providers":[{"file":"icons/ranks/owner.png","chars":["𮯡"],"height":9,"ascent":8,"type":"bitmap"},{"file":"icons/ranks/admin.png","chars":["𮯢"],"height":9,"ascent":8,"type":"bitmap"},{"file":"icons/ranks/youtuber.png","chars":["𮯣"],"height":9,"ascent":8,"type":"bitmap"},{"file":"icons/ranks/helper.png","chars":["𮯤"],"height":9,"ascent":8,"type":"bitmap"},{"file":"icons/ranks/thelper.png","chars":["󈀏"],"height":9,"ascent":8,"type":"bitmap"},{"file":"icons/ranks/builder.png","chars":["𮯥"],"height":9,"ascent":8,"type":"bitmap"},{"file":"icons/ranks/rvipplus.png","chars":["𮯦"],"height":9,"ascent":8,"type":"bitmap"},{"file":"icons/ranks/rvip.png","chars":["𮯧"],"height":9,"ascent":8,"type":"bitmap"},{"file":"icons/ranks/mvipplus.png","chars":["𮯨"],"height":9,"ascent":8,"type":"bitmap"},{"file":"icons/ranks/mvip.png","chars":["𮯩"],"height":9,"ascent":8,"type":"bitmap"},{"file":"icons/ranks/vipplus.png","chars":["𮯪"],"height":9,"ascent":8,"type":"bitmap"},{"file":"icons/ranks/vip.png","chars":["𮯫"],"height":9,"ascent":8,"type":"bitmap"},{"file":"icons/ranks/rskyplus.png","chars":["󟧔"],"height":9,"ascent":8,"type":"bitmap"},{"file":"icons/ranks/rsky.png","chars":["󟧓"],"height":9,"ascent":8,"type":"bitmap"},{"file":"icons/ranks/mskyplus.png","chars":["󟧒"],"height":9,"ascent":8,"type":"bitmap"},{"file":"icons/ranks/msky.png","chars":["󟧑"],"height":9,"ascent":8,"type":"bitmap"},{"file":"icons/ranks/skyplus.png","chars":["󟧐"],"height":9,"ascent":8,"type":"bitmap"},{"file":"icons/ranks/sky.png","chars":["󟧏"],"height":9,"ascent":8,"type":"bitmap"},{"file":"icons/ranks/player.png","chars":["𮯱"],"height":9,"ascent":8,"type":"bitmap"},{"file":"icons/ranks/ownericon.png","chars":["𮯲"],"height":9,"ascent":8,"type":"bitmap"},{"file":"icons/ranks/adminicon.png","chars":["𮯳"],"height":9,"ascent":8,"type":"bitmap"},{"file":"icons/ranks/youtubericon.png","chars":["𮯴"],"height":9,"ascent":8,"type":"bitmap"},{"file":"icons/ranks/helpericon.png","chars":["𮯵"],"height":9,"ascent":8,"type":"bitmap"},{"file":"icons/ranks/thelpericon.png","chars":["󈀯"],"height":9,"ascent":8,"type":"bitmap"},{"file":"icons/ranks/buildericon.png","chars":["𮯶"],"height":9,"ascent":8,"type":"bitmap"},{"file":"icons/ranks/rvipplusicon.png","chars":["𮯷"],"height":9,"ascent":8,"type":"bitmap"},{"file":"icons/ranks/rvipicon.png","chars":["𮯸"],"height":9,"ascent":8,"type":"bitmap"},{"file":"icons/ranks/mvipplusicon.png","chars":["𮯹"],"height":9,"ascent":8,"type":"bitmap"},{"file":"icons/ranks/mvipicon.png","chars":["𮯺"],"height":9,"ascent":8,"type":"bitmap"},{"file":"icons/ranks/vipplusicon.png","chars":["𮯻"],"height":9,"ascent":8,"type":"bitmap"},{"file":"icons/ranks/vipicon.png","chars":["󟧻"],"height":9,"ascent":8,"type":"bitmap"},{"file":"icons/ranks/rskyplusicon.png","chars":["󟧛"],"height":9,"ascent":8,"type":"bitmap"},{"file":"icons/ranks/rskyicon.png","chars":["󟧚"],"height":9,"ascent":8,"type":"bitmap"},{"file":"icons/ranks/mskyplusicon.png","chars":["󟧙"],"height":9,"ascent":8,"type":"bitmap"},{"file":"icons/ranks/mskyicon.png","chars":["󟧘"],"height":9,"ascent":8,"type":"bitmap"},{"file":"icons/ranks/skyplusicon.png","chars":["󟧗"],"height":9,"ascent":8,"type":"bitmap"},{"file":"icons/ranks/skyicon.png","chars":["󟧖"],"height":9,"ascent":8,"type":"bitmap"},{"file":"icons/ranks/playericon.png","chars":["𮰂"],"height":9,"ascent":8,"type":"bitmap"},{"file":"icons/scoreboard/lobby/you.png","chars":["򩇞"],"height":9,"ascent":8,"type":"bitmap"},{"file":"icons/scoreboard/lobby/coins.png","chars":["򩇟"],"height":9,"ascent":8,"type":"bitmap"},{"file":"icons/scoreboard/lobby/mysterydust.png","chars":["򗕽"],"height":9,"ascent":8,"type":"bitmap"},{"file":"icons/scoreboard/lobby/allservers.png","chars":["򩇠"],"height":9,"ascent":8,"type":"bitmap"},{"file":"icons/scoreboard/lobby/boxpvp.png","chars":["򩇡"],"height":9,"ascent":8,"type":"bitmap"},{"file":"icons/scoreboard/lobby/oneblock.png","chars":["򩇢"],"height":9,"ascent":8,"type":"bitmap"},{"file":"icons/scoreboard/lobby/skyblock.png","chars":["򩇣"],"height":9,"ascent":8,"type":"bitmap"},{"file":"icons/scoreboard/lobby/survival.png","chars":["򩇤"],"height":9,"ascent":8,"type":"bitmap"},{"file":"icons/scoreboard/lobby/towny.png","chars":["򩇥"],"height":9,"ascent":8,"type":"bitmap"},{"file":"icons/scoreboard/other/region.png","chars":["𮰈"],"height":9,"ascent":8,"type":"bitmap"},{"file":"icons/scoreboard/other/money.png","chars":["𮰋"],"height":9,"ascent":8,"type":"bitmap"},{"file":"icons/scoreboard/other/fly.png","chars":["𮰊"],"height":9,"ascent":8,"type":"bitmap"},{"file":"icons/scoreboard/other/islandlevel.png","chars":["𮰃"],"height":9,"ascent":8,"type":"bitmap"},{"file":"icons/scoreboard/other/islandphase.png","chars":["𮰄"],"height":9,"ascent":8,"type":"bitmap"},{"file":"icons/scoreboard/other/phasecount.png","chars":["𮰇"],"height":9,"ascent":8,"type":"bitmap"},{"file":"icons/scoreboard/other/event.png","chars":["𮰅"],"height":9,"ascent":8,"type":"bitmap"},{"file":"icons/scoreboard/other/eventtime.png","chars":["𮰆"],"height":9,"ascent":8,"type":"bitmap"},{"file":"icons/scoreboard/other/nextphase.png","chars":["𮰉"],"height":9,"ascent":8,"type":"bitmap"},{"file":"icons/esc_main.png","chars":["򫥥"],"height":256,"ascent":-10,"type":"bitmap"},{"file":"icons/esc_footer.png","chars":["𮰍"],"height":108,"ascent":7,"type":"bitmap"},{"file":"icons/esc_header.png","chars":[""],"height":90,"ascent":89,"type":"bitmap"},{"file":"icons/badges/iron1.png","chars":["𮰎"],"height":9,"ascent":7,"type":"bitmap"},{"file":"icons/badges/iron2.png","chars":["𮰏"],"height":9,"ascent":7,"type":"bitmap"},{"file":"icons/badges/iron3.png","chars":["𮰐"],"height":9,"ascent":7,"type":"bitmap"},{"file":"icons/badges/gold1.png","chars":["𮰑"],"height":9,"ascent":7,"type":"bitmap"},{"file":"icons/badges/gold2.png","chars":["𮰒"],"height":9,"ascent":7,"type":"bitmap"},{"file":"icons/badges/gold3.png","chars":["𮰓"],"height":9,"ascent":7,"type":"bitmap"},{"file":"icons/badges/diamond1.png","chars":["𮰔"],"height":9,"ascent":7,"type":"bitmap"},{"file":"icons/badges/diamond2.png","chars":["𮰕"],"height":9,"ascent":7,"type":"bitmap"},{"file":"icons/badges/diamond3.png","chars":["𮰖"],"height":9,"ascent":7,"type":"bitmap"},{"file":"icons/badges/emerald1.png","chars":["𮰗"],"height":9,"ascent":7,"type":"bitmap"},{"file":"icons/badges/emerald2.png","chars":["𮰘"],"height":9,"ascent":7,"type":"bitmap"},{"file":"icons/badges/emerald3.png","chars":["𮰙"],"height":9,"ascent":7,"type":"bitmap"},{"file":"icons/badges/netherite1.png","chars":["𮰚"],"height":9,"ascent":7,"type":"bitmap"},{"file":"icons/badges/netherite2.png","chars":["𮰛"],"height":9,"ascent":7,"type":"bitmap"},{"file":"icons/badges/netherite3.png","chars":["𮰜"],"height":9,"ascent":7,"type":"bitmap"},{"file":"icons/badges/vip1.png","chars":["𮰝"],"height":9,"ascent":7,"type":"bitmap"},{"file":"icons/badges/vip2.png","chars":["𮰞"],"height":9,"ascent":7,"type":"bitmap"},{"file":"icons/badges/vip3.png","chars":["𮰟"],"height":9,"ascent":7,"type":"bitmap"},{"file":"icons/badges/vipplus1.png","chars":["𮰠"],"height":9,"ascent":7,"type":"bitmap"},{"file":"icons/badges/vipplus2.png","chars":["𮰡"],"height":9,"ascent":7,"type":"bitmap"},{"file":"icons/badges/vipplus3.png","chars":["𮰢"],"height":9,"ascent":7,"type":"bitmap"},{"file":"icons/badges/mvip1.png","chars":["𮰣"],"height":9,"ascent":7,"type":"bitmap"},{"file":"icons/badges/mvip2.png","chars":["𮰤"],"height":9,"ascent":7,"type":"bitmap"},{"file":"icons/badges/mvip3.png","chars":["𮰥"],"height":9,"ascent":7,"type":"bitmap"},{"file":"icons/badges/mvipplus1.png","chars":["𮰦"],"height":9,"ascent":7,"type":"bitmap"},{"file":"icons/badges/mvipplus2.png","chars":["𮰧"],"height":9,"ascent":7,"type":"bitmap"},{"file":"icons/badges/mvipplus3.png","chars":["𮰨"],"height":9,"ascent":7,"type":"bitmap"},{"file":"icons/badges/rvip1.png","chars":["𮰩"],"height":9,"ascent":7,"type":"bitmap"},{"file":"icons/badges/rvip2.png","chars":["𮰪"],"height":9,"ascent":7,"type":"bitmap"},{"file":"icons/badges/rvip3.png","chars":["𮰫"],"height":9,"ascent":7,"type":"bitmap"},{"file":"icons/badges/rvipplus1.png","chars":["𮰬"],"height":9,"ascent":7,"type":"bitmap"},{"file":"icons/badges/rvipplus2.png","chars":["𮰭"],"height":9,"ascent":7,"type":"bitmap"},{"file":"icons/badges/rvipplus3.png","chars":["𮰮"],"height":9,"ascent":7,"type":"bitmap"},{"file":"icons/badges/rvipplus4.png","chars":["𮰯"],"height":9,"ascent":7,"type":"bitmap"},{"file":"icons/badges/rvipplus5.png","chars":["𮰰"],"height":9,"ascent":7,"type":"bitmap"},{"file":"icons/badges/rvipplus6.png","chars":["𮰱"],"height":9,"ascent":9,"type":"bitmap"},{"file":"icons/gadgets/common.png","chars":["򒴜"],"height":9,"ascent":8,"type":"bitmap"},{"file":"icons/gadgets/rare.png","chars":["򒴝"],"height":9,"ascent":8,"type":"bitmap"},{"file":"icons/gadgets/epic.png","chars":["򒴞"],"height":9,"ascent":8,"type":"bitmap"},{"file":"icons/gadgets/legendary.png","chars":["򒴟"],"height":9,"ascent":8,"type":"bitmap"},{"file":"icons/envoy/rarebox.png","chars":["𮰲"],"height":9,"ascent":8,"type":"bitmap"},{"file":"icons/envoy/epicbox.png","chars":["𮰳"],"height":9,"ascent":8,"type":"bitmap"},{"file":"icons/envoy/legendarybox.png","chars":["𮰴"],"height":9,"ascent":8,"type":"bitmap"},{"file":"icons/crate/item_common.png","chars":["𮰵"],"height":9,"ascent":6,"type":"bitmap"},{"file":"icons/crate/item_rare.png","chars":["𮰶"],"height":9,"ascent":6,"type":"bitmap"},{"file":"icons/crate/item_epic.png","chars":["𮰷"],"height":9,"ascent":6,"type":"bitmap"},{"file":"icons/crate/item_legendary.png","chars":["𮰸"],"height":9,"ascent":6,"type":"bitmap"},{"file":"icons/leaderboard/hologram_leaderboard-hitme.png","chars":["򍔽"],"height":60,"ascent":50,"type":"bitmap"},{"file":"icons/leaderboard/hologram_leaderboard-kill.png","chars":["򍔾"],"height":60,"ascent":50,"type":"bitmap"},{"file":"icons/crate/hologram_main.png","chars":["󞇧"],"height":80,"ascent":55,"type":"bitmap"},{"file":"icons/crate/hologram_crate-cosmetic.png","chars":["󞇨"],"height":50,"ascent":35,"type":"bitmap"},{"file":"icons/crate/hologram_crate-badge.png","chars":["󞇩"],"height":50,"ascent":35,"type":"bitmap"},{"file":"icons/crate/hologram_crate-lucky.png","chars":["󞇪"],"height":50,"ascent":35,"type":"bitmap"},{"file":"icons/crate/hologram_crate-lucky-leftclick.png","chars":["󞇯"],"height":12,"ascent":10,"type":"bitmap"},{"file":"icons/crate/hologram_crate-lucky-rightclick.png","chars":["󞇰"],"height":12,"ascent":12,"type":"bitmap"},{"file":"icons/crate/hologram_crate-badge-leftclick.png","chars":["󞇱"],"height":12,"ascent":10,"type":"bitmap"},{"file":"icons/crate/hologram_crate-badge-rightclick.png","chars":["󞇲"],"height":12,"ascent":12,"type":"bitmap"},{"file":"icons/crate/hologram_crate-cosmetic-leftclick.png","chars":["󞇳"],"height":12,"ascent":10,"type":"bitmap"},{"file":"icons/crate/hologram_crate-cosmetic-rightclick.png","chars":["󞇴"],"height":12,"ascent":12,"type":"bitmap"},{"file":"icons/other/title.png","chars":["𮰹"],"height":45,"ascent":45,"type":"bitmap"},{"file":"icons/other/title.png","chars":["𮰺"],"height":100,"ascent":30,"type":"bitmap"},{"file":"icons/other/title.png","chars":["𮰻"],"height":80,"ascent":25,"type":"bitmap"},{"file":"icons/npc/npc_towny.png","chars":["񡻂"],"height":80,"ascent":55,"type":"bitmap"},{"file":"icons/npc/npc_survival.png","chars":["񡻃"],"height":80,"ascent":55,"type":"bitmap"},{"file":"icons/npc/npc_skyblock.png","chars":["񡻄"],"height":80,"ascent":55,"type":"bitmap"},{"file":"icons/npc/npc_oneblock.png","chars":["񡻅"],"height":80,"ascent":55,"type":"bitmap"},{"file":"icons/npc/npc_boxpvp.png","chars":["񡻆"],"height":80,"ascent":55,"type":"bitmap"},{"file":"icons/npc/npc.png","chars":["򬑛"],"height":12,"ascent":10,"type":"bitmap"},{"file":"icons/npc/npc_clicktojoin-towny.png","chars":["񡼴"],"height":12,"ascent":10,"type":"bitmap"},{"file":"icons/npc/npc_clicktojoin-survival.png","chars":["񡼵"],"height":12,"ascent":10,"type":"bitmap"},{"file":"icons/npc/npc_clicktojoin-skyblock.png","chars":["񡼶"],"height":12,"ascent":10,"type":"bitmap"},{"file":"icons/npc/npc_clicktojoin-oneblock.png","chars":["񡼷"],"height":12,"ascent":10,"type":"bitmap"},{"file":"icons/npc/npc_clicktojoin-boxpvp.png","chars":["񡼸"],"height":12,"ascent":10,"type":"bitmap"},{"file":"icons/other/game_football.png","chars":["󛎿"],"height":80,"ascent":55,"type":"bitmap"},{"file":"icons/other/game_hitme.png","chars":["򴳫"],"height":80,"ascent":55,"type":"bitmap"},{"file":"icons/other/game_kotl.png","chars":["󅟑"],"height":80,"ascent":55,"type":"bitmap"},{"file":"icons/other/game_mine.png","chars":["󌌸"],"height":80,"ascent":55,"type":"bitmap"},{"file":"icons/other/game_luckyblock.png","chars":["򶏡"],"height":60,"ascent":40,"type":"bitmap"},{"file":"icons/other/gadgets_mysteryboxes.png","chars":["򒴠"],"height":80,"ascent":50,"type":"bitmap"},{"file":"icons/other/gadgets_clicktoview-mysteryboxes.png","chars":["򒴧"],"height":12,"ascent":4,"type":"bitmap"},{"file":"icons/join-leave/avatar1.png","chars":["󊟖"],"height":60,"ascent":-8,"type":"bitmap"},{"file":"icons/join-leave/avatar2.png","chars":["󊟗"],"height":60,"ascent":-8,"type":"bitmap"},{"file":"icons/join-leave/avatar3.png","chars":["󊟘"],"height":60,"ascent":-8,"type":"bitmap"},{"file":"icons/join-leave/avatar4.png","chars":["󊟙"],"height":60,"ascent":-8,"type":"bitmap"},{"file":"icons/join-leave/avatar5.png","chars":["󊟚"],"height":60,"ascent":-8,"type":"bitmap"},{"file":"icons/join-leave/welcome1.png","chars":["󊟧"],"height":50,"ascent":10,"type":"bitmap"},{"file":"icons/join-leave/welcome2.png","chars":["󊟨"],"height":50,"ascent":10,"type":"bitmap"},{"file":"icons/join-leave/welcome3.png","chars":["󊟩"],"height":50,"ascent":10,"type":"bitmap"},{"file":"icons/join-leave/welcome4.png","chars":["󊟪"],"height":50,"ascent":10,"type":"bitmap"},{"file":"icons/join-leave/welcome5.png","chars":["󊟫"],"height":50,"ascent":10,"type":"bitmap"},{"file":"icons/join-leave/goodbye1.png","chars":["󙤿"],"height":50,"ascent":10,"type":"bitmap"},{"file":"icons/join-leave/goodbye2.png","chars":["󙥀"],"height":50,"ascent":10,"type":"bitmap"},{"file":"icons/join-leave/goodbye3.png","chars":["󙥑"],"height":50,"ascent":10,"type":"bitmap"},{"file":"icons/join-leave/goodbye4.png","chars":["󙥒"],"height":50,"ascent":10,"type":"bitmap"},{"file":"icons/join-leave/goodbye5.png","chars":["󙥓"],"height":50,"ascent":10,"type":"bitmap"},{"file":"icons/gui/gui_games.png","chars":["򱅓"],"height":256,"ascent":21,"type":"bitmap"},{"file":"icons/gui/gui_parkour.png","chars":["򱅔"],"height":256,"ascent":21,"type":"bitmap"},{"file":"icons/gui/gui_settings.png","chars":["󛏶"],"height":256,"ascent":22,"type":"bitmap"},{"file":"icons/gui/gui_shop.png","chars":["󛏷"],"height":256,"ascent":22,"type":"bitmap"},{"file":"icons/gui/gui_join-leave-messages.png","chars":["󛏸"],"height":256,"ascent":22,"type":"bitmap"},{"file":"icons/gui/gui_dailyrewards.png","chars":["򘾞"],"height":256,"ascent":22,"type":"bitmap"},{"file":"icons/gui/gui_badges.png","chars":["󒁇"],"height":256,"ascent":21,"type":"bitmap"},{"file":"icons/gui/gui_crates-main.png","chars":["󁌖"],"height":256,"ascent":20,"type":"bitmap"},{"file":"icons/gui/gui_crates-cosmetic-open.png","chars":["󁌗"],"height":256,"ascent":22,"type":"bitmap"},{"file":"icons/gui/gui_crates-badge-open.png","chars":["󁌜"],"height":256,"ascent":22,"type":"bitmap"},{"file":"icons/gui/gui_crates-lucky-open.png","chars":["󁌝"],"height":256,"ascent":22,"type":"bitmap"},{"file":"icons/gui/gui_crates-cosmetic-preview.png","chars":["󁌞"],"height":256,"ascent":22,"type":"bitmap"},{"file":"icons/gui/gui_crates-badge-preview.png","chars":["󁌟"],"height":256,"ascent":22,"type":"bitmap"},{"file":"icons/gui/gui_crates-lucky-preview.png","chars":["󁌠"],"height":256,"ascent":22,"type":"bitmap"},{"file":"icons/gui/gui_cosmetics-main.png","chars":["򗕕"],"height":256,"ascent":22,"type":"bitmap"},{"file":"icons/gui/gui_cosmetics-customcosmetics.png","chars":["򗕖"],"height":256,"ascent":22,"type":"bitmap"},{"file":"icons/gui/gui_cosmetics-particles.png","chars":["򗕦"],"height":256,"ascent":22,"type":"bitmap"},{"file":"icons/gui/gui_cosmetics-cloaks.png","chars":["򗕧"],"height":256,"ascent":22,"type":"bitmap"},{"file":"icons/gui/gui_cosmetics-mysterybox.png","chars":["򗕸"],"height":256,"ascent":22,"type":"bitmap"},{"file":"icons/gui/gui_cosmetics-giftinventory.png","chars":["򗕹"],"height":256,"ascent":22,"type":"bitmap"},{"file":"icons/gui/gui_cosmetics-giftinventory2.png","chars":["򗖡"],"height":256,"ascent":22,"type":"bitmap"},{"file":"icons/gui/gui_cosmetics-openboxes.png","chars":["򗕺"],"height":256,"ascent":22,"type":"bitmap"},{"file":"icons/gui/gui_cosmetics-animations.png","chars":["򗕻"],"height":256,"ascent":22,"type":"bitmap"},{"file":"icons/gui/gui_cosmetics-confirmations.png","chars":["򗕼"],"height":256,"ascent":22,"type":"bitmap"},{"file":"icons/gui/gui_cosmetics-confirmations2.png","chars":["򗖠"],"height":256,"ascent":22,"type":"bitmap"},{"file":"icons/gui/gui_cosmetics-settings.png","chars":["򗖢"],"height":256,"ascent":22,"type":"bitmap"},{"file":"icons/gui/gui_cosmetics-crafting.png","chars":["򗖣"],"height":256,"ascent":22,"type":"bitmap"},{"file":"icons/gui-items/towny.png","chars":["򝺡"],"height":50,"ascent":15,"type":"bitmap"},{"file":"icons/gui-items/survival.png","chars":["򝺢"],"height":50,"ascent":15,"type":"bitmap"},{"file":"icons/gui-items/skyblock.png","chars":["򝺣"],"height":50,"ascent":15,"type":"bitmap"},{"file":"icons/gui-items/oneblock.png","chars":["򝺤"],"height":50,"ascent":15,"type":"bitmap"},{"file":"icons/gui-items/boxpvp.png","chars":["򝺥"],"height":50,"ascent":15,"type":"bitmap"},{"file":"icons/gui-items/clicktojoin-towny.png","chars":["򝺴"],"height":9,"ascent":8,"type":"bitmap"},{"file":"icons/gui-items/clicktojoin-survival.png","chars":["򝺵"],"height":9,"ascent":8,"type":"bitmap"},{"file":"icons/gui-items/clicktojoin-skyblock.png","chars":["򝺶"],"height":9,"ascent":8,"type":"bitmap"},{"file":"icons/gui-items/clicktojoin-oneblock.png","chars":["򝺷"],"height":9,"ascent":8,"type":"bitmap"},{"file":"icons/gui-items/clicktojoin-boxpvp.png","chars":["򝺸"],"height":9,"ascent":8,"type":"bitmap"},{"file":"icons/gui/black.png","chars":[""],"height":1,"ascent":-5000,"type":"bitmap"},{"file":"icons/gui/black.png","chars":[""],"height":2,"ascent":-5000,"type":"bitmap"},{"file":"icons/gui/black.png","chars":[""],"height":3,"ascent":-5000,"type":"bitmap"},{"file":"icons/gui/black.png","chars":[""],"height":4,"ascent":-5000,"type":"bitmap"},{"file":"icons/gui/black.png","chars":[""],"height":5,"ascent":-5000,"type":"bitmap"},{"file":"icons/gui/black.png","chars":[""],"height":6,"ascent":-5000,"type":"bitmap"},{"file":"icons/gui/black.png","chars":[""],"height":7,"ascent":-5000,"type":"bitmap"},{"file":"icons/gui/black.png","chars":[""],"height":15,"ascent":-5000,"type":"bitmap"},{"file":"icons/gui/black.png","chars":[""],"height":31,"ascent":-5000,"type":"bitmap"},{"file":"icons/gui/black.png","chars":[""],"height":63,"ascent":-5000,"type":"bitmap"},{"file":"icons/gui/black.png","chars":[""],"height":127,"ascent":-5000,"type":"bitmap"},{"file":"icons/gui/black.png","chars":[""],"height":256,"ascent":-5000,"type":"bitmap"},{"file":"icons/gui/black.png","chars":[""],"height":512,"ascent":-5000,"type":"bitmap"},{"file":"icons/gui/black.png","chars":[""],"height":1024,"ascent":-5000,"type":"bitmap"},{"file":"icons/gui/black.png","chars":[""],"height":-3,"ascent":-5000,"type":"bitmap"},{"file":"icons/gui/black.png","chars":[""],"height":-4,"ascent":-5000,"type":"bitmap"},{"file":"icons/gui/black.png","chars":[""],"height":-5,"ascent":-5000,"type":"bitmap"},{"file":"icons/gui/black.png","chars":[""],"height":-6,"ascent":-5000,"type":"bitmap"},{"file":"icons/gui/black.png","chars":[""],"height":-7,"ascent":-5000,"type":"bitmap"},{"file":"icons/gui/black.png","chars":[""],"height":-8,"ascent":-5000,"type":"bitmap"},{"file":"icons/gui/black.png","chars":[""],"height":-9,"ascent":-5000,"type":"bitmap"},{"file":"icons/gui/black.png","chars":[""],"height":-10,"ascent":-5000,"type":"bitmap"},{"file":"icons/gui/black.png","chars":[""],"height":-18,"ascent":-5000,"type":"bitmap"},{"file":"icons/gui/black.png","chars":[""],"height":-34,"ascent":-5000,"type":"bitmap"},{"file":"icons/gui/black.png","chars":[""],"height":-66,"ascent":-5000,"type":"bitmap"},{"file":"icons/gui/black.png","chars":[""],"height":-130,"ascent":-5000,"type":"bitmap"},{"file":"icons/gui/black.png","chars":[""],"height":-259,"ascent":-5000,"type":"bitmap"},{"file":"icons/gui/black.png","chars":[""],"height":-515,"ascent":-5000,"type":"bitmap"},{"file":"icons/gui/black.png","chars":[""],"height":-1027,"ascent":-5000,"type":"bitmap"},{"type":"bitmap","file":"minecraft:font/nan2uu.png","height":8,"ascent":8,"chars":["🎩👞👖💀🌟🔝👢🔗💧💕💪🔋❤🔥"]},{"type":"bitmap","file":"minecraft:font/nan2uu_x.png","ascent":7,"chars":["🛡💉🔱🗡🏹🎣⛏⏳☽⛨☠☂💭"]},{"type":"bitmap","file":"minecraft:font/nan2uu_d.png","height":7,"ascent":7,"chars":["🍀"]},{"type":"bitmap","file":"minecraft:font/nan2uu_sw.png","height":9,"ascent":7.5,"chars":["🥩🥓🥫🍢🍡"]},{"type":"bitmap","file":"minecraft:font/end_chest_gui.png","height":71,"ascent":13,"chars":["📘"]},{"type":"bitmap","file":"minecraft:font/chest_gui.png","height":71,"ascent":13,"chars":["📙"]},{"type":"bitmap","file":"minecraft:font/large_chest_gui.png","height":125,"ascent":13,"chars":["📖"]},{"type":"bitmap","file":"minecraft:font/barrel_gui.png","height":71,"ascent":13,"chars":["📗"]},{"type":"bitmap","file":"font/suojin.png","height":-10,"ascent":-77777,"chars":[""]}]}