{"providers":[{"type":"bitmap","file":"minecraft:font/nan2uu.png","height":8,"ascent":8,"chars":["🎩👞👖💀🌟🔝👢🔗💧💕💪🔋❤🔥"]},{"type":"bitmap","file":"minecraft:font/nan2uu_x.png","ascent":7,"chars":["🛡💉🔱🗡🏹🎣⛏⏳☽⛨☠☂💭"]},{"type":"bitmap","file":"minecraft:font/nan2uu_d.png","height":7,"ascent":7,"chars":["🍀"]},{"type":"bitmap","file":"minecraft:font/nan2uu_sw.png","height":9,"ascent":7.5,"chars":["🥩🥓🥫🍢🍡"]},{"type":"bitmap","file":"minecraft:font/end_chest_gui.png","height":71,"ascent":13,"chars":["📘"]},{"type":"bitmap","file":"minecraft:font/chest_gui.png","height":71,"ascent":13,"chars":["📙"]},{"type":"bitmap","file":"minecraft:font/large_chest_gui.png","height":125,"ascent":13,"chars":["📖"]},{"type":"bitmap","file":"minecraft:font/barrel_gui.png","height":71,"ascent":13,"chars":["📗"]},{"type":"bitmap","file":"font/suojin.png","height":-10,"ascent":-77777,"chars":[""]}]}