{"display":{"thirdperson_righthand":{"rotation":[95,90,0],"translation":[0,2.5,0],"scale":[0.3,0.3,0.3]},"thirdperson_lefthand":{"rotation":[95,90,0],"translation":[0,2.5,0],"scale":[0.3,0.3,0.3]},"firstperson_righthand":{"scale":[0.3,0.3,0.3]},"firstperson_lefthand":{"scale":[0.3,0.3,0.3]},"ground":{"translation":[0,3,0],"scale":[0.2,0.2,0.2]},"gui":{"rotation":[-30,-90,0],"scale":[0.35,0.35,0.35]},"head":{"rotation":[45,90,0],"translation":[0,-5,14.5]},"fixed":{"rotation":[0,90,0],"translation":[0,0,-3],"scale":[0.5,0.5,0.5]}},"texture_size":[64,64],"textures":{"0":"entity/shulker/shulker","4":"wing/shulker_stars","0_1":"wing/shulker_wing_1","0_2":"wing/shulker_wing_2","0_3":"wing/shulker_wing_3"},"elements":[{"from":[4,2,21],"to":[12,10,23],"rotation":{"angle":0,"axis":"y","origin":[1,0,0]},"faces":{"north":{"uv":[0,4.5,2,6.5],"texture":"#0_1"},"east":{"uv":[4.5,4.5,5,6.5],"texture":"#0_1"},"south":{"uv":[2.5,4.5,4.5,6.5],"texture":"#0_1"},"west":{"uv":[2,2.5,2.5,4.5],"texture":"#0_1"},"up":{"uv":[2.5,6.5,2,4.5],"rotation":270,"texture":"#0_1"},"down":{"uv":[3,2.5,2.5,4.5],"rotation":90,"texture":"#0_1"}}},{"from":[7,2,-10],"to":[9,10,-2],"rotation":{"angle":0,"axis":"y","origin":[1,0,0]},"faces":{"north":{"uv":[2,2.5,2.5,4.5],"texture":"#0_1"},"east":{"uv":[0,4.5,2,6.5],"texture":"#0_1"},"south":{"uv":[4.5,4.5,5,6.5],"texture":"#0_1"},"west":{"uv":[2.5,4.5,4.5,6.5],"texture":"#0_1"},"up":{"uv":[2.5,6.5,2,4.5],"texture":"#0_1"},"down":{"uv":[3,2.5,2.5,4.5],"texture":"#0_1"}}},{"from":[4,5,-10],"to":[12,7,-2],"rotation":{"angle":0,"axis":"y","origin":[1,0,0]},"faces":{"north":{"uv":[2,2.5,2.5,4.5],"rotation":270,"texture":"#0_1"},"east":{"uv":[2.5,6.5,2,4.5],"rotation":90,"texture":"#0_1"},"south":{"uv":[4.5,4.5,5,6.5],"rotation":90,"texture":"#0_1"},"west":{"uv":[3,2.5,2.5,4.5],"rotation":90,"texture":"#0_1"},"up":{"uv":[2.5,4.5,4.5,6.5],"rotation":90,"texture":"#0_1"},"down":{"uv":[0,4.5,2,6.5],"rotation":90,"texture":"#0_1"}}},{"from":[4,2,-7],"to":[12,10,-5],"rotation":{"angle":0,"axis":"y","origin":[1,0,0]},"faces":{"north":{"uv":[0,4.5,2,6.5],"texture":"#0_1"},"east":{"uv":[4.5,4.5,5,6.5],"texture":"#0_1"},"south":{"uv":[2.5,4.5,4.5,6.5],"texture":"#0_1"},"west":{"uv":[2,2.5,2.5,4.5],"texture":"#0_1"},"up":{"uv":[2.5,6.5,2,4.5],"rotation":270,"texture":"#0_1"},"down":{"uv":[3,2.5,2.5,4.5],"rotation":90,"texture":"#0_1"}}},{"from":[4,5,18],"to":[12,7,26],"rotation":{"angle":0,"axis":"y","origin":[1,0,0]},"faces":{"north":{"uv":[2,2.5,2.5,4.5],"rotation":270,"texture":"#0_1"},"east":{"uv":[2.5,6.5,2,4.5],"rotation":90,"texture":"#0_1"},"south":{"uv":[4.5,4.5,5,6.5],"rotation":90,"texture":"#0_1"},"west":{"uv":[3,2.5,2.5,4.5],"rotation":90,"texture":"#0_1"},"up":{"uv":[2.5,4.5,4.5,6.5],"rotation":90,"texture":"#0_1"},"down":{"uv":[0,4.5,2,6.5],"rotation":90,"texture":"#0_1"}}},{"from":[7,2,18],"to":[9,10,26],"rotation":{"angle":0,"axis":"y","origin":[1,0,0]},"faces":{"north":{"uv":[2,2.5,2.5,4.5],"texture":"#0_1"},"east":{"uv":[0,4.5,2,6.5],"texture":"#0_1"},"south":{"uv":[4.5,4.5,5,6.5],"texture":"#0_1"},"west":{"uv":[2.5,4.5,4.5,6.5],"texture":"#0_1"},"up":{"uv":[2.5,6.5,2,4.5],"texture":"#0_1"},"down":{"uv":[3,2.5,2.5,4.5],"texture":"#0_1"}}},{"from":[4,-7,22],"to":[12,1,24],"rotation":{"angle":-22.5,"axis":"x","origin":[1,0,0]},"faces":{"north":{"uv":[0,4.5,2,6.5],"texture":"#0_2"},"east":{"uv":[4.5,4.5,5,6.5],"texture":"#0_2"},"south":{"uv":[2.5,4.5,4.5,6.5],"texture":"#0_2"},"west":{"uv":[2,2.5,2.5,4.5],"texture":"#0_2"},"up":{"uv":[2.5,6.5,2,4.5],"rotation":270,"texture":"#0_2"},"down":{"uv":[3,2.5,2.5,4.5],"rotation":90,"texture":"#0_2"}}},{"from":[7,-1,-12],"to":[9,7,-4],"rotation":{"angle":22.5,"axis":"x","origin":[1,0,0]},"faces":{"north":{"uv":[2,2.5,2.5,4.5],"texture":"#0_2"},"east":{"uv":[0,4.5,2,6.5],"texture":"#0_2"},"south":{"uv":[4.5,4.5,5,6.5],"texture":"#0_2"},"west":{"uv":[2.5,4.5,4.5,6.5],"texture":"#0_2"},"up":{"uv":[2.5,6.5,2,4.5],"texture":"#0_2"},"down":{"uv":[3,2.5,2.5,4.5],"texture":"#0_2"}}},{"from":[4,2,-12],"to":[12,4,-4],"rotation":{"angle":22.5,"axis":"x","origin":[1,0,0]},"faces":{"north":{"uv":[2,2.5,2.5,4.5],"rotation":270,"texture":"#0_2"},"east":{"uv":[2.5,6.5,2,4.5],"rotation":90,"texture":"#0_2"},"south":{"uv":[4.5,4.5,5,6.5],"rotation":90,"texture":"#0_2"},"west":{"uv":[3,2.5,2.5,4.5],"rotation":90,"texture":"#0_2"},"up":{"uv":[2.5,4.5,4.5,6.5],"rotation":90,"texture":"#0_2"},"down":{"uv":[0,4.5,2,6.5],"rotation":90,"texture":"#0_2"}}},{"from":[4,-1,-9],"to":[12,7,-7],"rotation":{"angle":22.5,"axis":"x","origin":[1,0,0]},"faces":{"north":{"uv":[0,4.5,2,6.5],"texture":"#0_2"},"east":{"uv":[4.5,4.5,5,6.5],"texture":"#0_2"},"south":{"uv":[2.5,4.5,4.5,6.5],"texture":"#0_2"},"west":{"uv":[2,2.5,2.5,4.5],"texture":"#0_2"},"up":{"uv":[2.5,6.5,2,4.5],"rotation":270,"texture":"#0_2"},"down":{"uv":[3,2.5,2.5,4.5],"rotation":90,"texture":"#0_2"}}},{"from":[4,-4,19],"to":[12,-2,27],"rotation":{"angle":-22.5,"axis":"x","origin":[1,0,0]},"faces":{"north":{"uv":[2,2.5,2.5,4.5],"rotation":270,"texture":"#0_2"},"east":{"uv":[2.5,6.5,2,4.5],"rotation":90,"texture":"#0_2"},"south":{"uv":[4.5,4.5,5,6.5],"rotation":90,"texture":"#0_2"},"west":{"uv":[3,2.5,2.5,4.5],"rotation":90,"texture":"#0_2"},"up":{"uv":[2.5,4.5,4.5,6.5],"rotation":90,"texture":"#0_2"},"down":{"uv":[0,4.5,2,6.5],"rotation":90,"texture":"#0_2"}}},{"from":[7,-7,19],"to":[9,1,27],"rotation":{"angle":-22.5,"axis":"x","origin":[1,0,0]},"faces":{"north":{"uv":[2,2.5,2.5,4.5],"texture":"#0_2"},"east":{"uv":[0,4.5,2,6.5],"texture":"#0_2"},"south":{"uv":[4.5,4.5,5,6.5],"texture":"#0_2"},"west":{"uv":[2.5,4.5,4.5,6.5],"texture":"#0_2"},"up":{"uv":[2.5,6.5,2,4.5],"texture":"#0_2"},"down":{"uv":[3,2.5,2.5,4.5],"texture":"#0_2"}}},{"from":[4,4,18],"to":[6,12,26],"rotation":{"angle":-22.5,"axis":"z","origin":[1,0,0]},"faces":{"north":{"uv":[2,2.5,2.5,4.5],"texture":"#0_3"},"east":{"uv":[0,4.5,2,6.5],"texture":"#0_3"},"south":{"uv":[4.5,4.5,5,6.5],"texture":"#0_3"},"west":{"uv":[2.5,4.5,4.5,6.5],"texture":"#0_3"},"up":{"uv":[2.5,6.5,2,4.5],"texture":"#0_3"},"down":{"uv":[3,2.5,2.5,4.5],"texture":"#0_3"}}},{"from":[1,7,18],"to":[9,9,26],"rotation":{"angle":-22.5,"axis":"z","origin":[1,0,0]},"faces":{"north":{"uv":[2,2.5,2.5,4.5],"rotation":270,"texture":"#0_3"},"east":{"uv":[2.5,6.5,2,4.5],"rotation":90,"texture":"#0_3"},"south":{"uv":[4.5,4.5,5,6.5],"rotation":90,"texture":"#0_3"},"west":{"uv":[3,2.5,2.5,4.5],"rotation":90,"texture":"#0_3"},"up":{"uv":[2.5,4.5,4.5,6.5],"rotation":90,"texture":"#0_3"},"down":{"uv":[0,4.5,2,6.5],"rotation":90,"texture":"#0_3"}}},{"from":[1,4,-7],"to":[9,12,-5],"rotation":{"angle":-22.5,"axis":"z","origin":[1,0,0]},"faces":{"north":{"uv":[0,4.5,2,6.5],"texture":"#0_3"},"east":{"uv":[4.5,4.5,5,6.5],"texture":"#0_3"},"south":{"uv":[2.5,4.5,4.5,6.5],"texture":"#0_3"},"west":{"uv":[2,2.5,2.5,4.5],"texture":"#0_3"},"up":{"uv":[2.5,6.5,2,4.5],"rotation":270,"texture":"#0_3"},"down":{"uv":[3,2.5,2.5,4.5],"rotation":90,"texture":"#0_3"}}},{"from":[1,7,-10],"to":[9,9,-2],"rotation":{"angle":-22.5,"axis":"z","origin":[1,0,0]},"faces":{"north":{"uv":[2,2.5,2.5,4.5],"rotation":270,"texture":"#0_3"},"east":{"uv":[2.5,6.5,2,4.5],"rotation":90,"texture":"#0_3"},"south":{"uv":[4.5,4.5,5,6.5],"rotation":90,"texture":"#0_3"},"west":{"uv":[3,2.5,2.5,4.5],"rotation":90,"texture":"#0_3"},"up":{"uv":[2.5,4.5,4.5,6.5],"rotation":90,"texture":"#0_3"},"down":{"uv":[0,4.5,2,6.5],"rotation":90,"texture":"#0_3"}}},{"from":[4,4,-10],"to":[6,12,-2],"rotation":{"angle":-22.5,"axis":"z","origin":[1,0,0]},"faces":{"north":{"uv":[2,2.5,2.5,4.5],"texture":"#0_3"},"east":{"uv":[0,4.5,2,6.5],"texture":"#0_3"},"south":{"uv":[4.5,4.5,5,6.5],"texture":"#0_3"},"west":{"uv":[2.5,4.5,4.5,6.5],"texture":"#0_3"},"up":{"uv":[2.5,6.5,2,4.5],"texture":"#0_3"},"down":{"uv":[3,2.5,2.5,4.5],"texture":"#0_3"}}},{"from":[1,4,21],"to":[9,12,23],"rotation":{"angle":-22.5,"axis":"z","origin":[1,0,0]},"faces":{"north":{"uv":[0,4.5,2,6.5],"texture":"#0_3"},"east":{"uv":[4.5,4.5,5,6.5],"texture":"#0_3"},"south":{"uv":[2.5,4.5,4.5,6.5],"texture":"#0_3"},"west":{"uv":[2,2.5,2.5,4.5],"texture":"#0_3"},"up":{"uv":[2.5,6.5,2,4.5],"rotation":270,"texture":"#0_3"},"down":{"uv":[3,2.5,2.5,4.5],"rotation":90,"texture":"#0_3"}}},{"from":[0,-7,22],"to":[16,9,22],"rotation":{"angle":0,"axis":"z","origin":[1,0,0]},"faces":{"north":{"uv":[0,0,16,16],"texture":"#4"},"east":{"uv":[0,0,16,16],"texture":"#4"},"south":{"uv":[0,0,16,16],"texture":"#4"},"west":{"uv":[0,0,16,16],"texture":"#4"},"up":{"uv":[16,16,0,0],"rotation":90,"texture":"#4"},"down":{"uv":[16,0,0,16],"rotation":270,"texture":"#4"}}},{"from":[0,-7,-6],"to":[16,9,-6],"rotation":{"angle":0,"axis":"z","origin":[1,0,0]},"faces":{"north":{"uv":[0,0,16,16],"texture":"#4"},"east":{"uv":[0,0,16,16],"texture":"#4"},"south":{"uv":[0,0,16,16],"texture":"#4"},"west":{"uv":[0,0,16,16],"texture":"#4"},"up":{"uv":[16,16,0,0],"rotation":90,"texture":"#4"},"down":{"uv":[16,0,0,16],"rotation":270,"texture":"#4"}}},{"from":[8,-7,-14],"to":[8,9,2],"rotation":{"angle":0,"axis":"z","origin":[1,0,0]},"faces":{"north":{"uv":[0,0,16,16],"texture":"#4"},"east":{"uv":[0,0,16,16],"texture":"#4"},"south":{"uv":[0,0,16,16],"texture":"#4"},"west":{"uv":[0,0,16,16],"texture":"#4"},"up":{"uv":[16,16,0,0],"texture":"#4"},"down":{"uv":[16,0,0,16],"texture":"#4"}}},{"from":[8,-7,14],"to":[8,9,30],"rotation":{"angle":0,"axis":"z","origin":[1,0,0]},"faces":{"north":{"uv":[0,0,16,16],"texture":"#4"},"east":{"uv":[0,0,16,16],"texture":"#4"},"south":{"uv":[0,0,16,16],"texture":"#4"},"west":{"uv":[0,0,16,16],"texture":"#4"},"up":{"uv":[16,16,0,0],"texture":"#4"},"down":{"uv":[16,0,0,16],"texture":"#4"}}},{"from":[0,0,2],"to":[16,12,2],"faces":{"north":{"uv":[4,4,0,7],"texture":"#0"},"east":{"uv":[4,4,8,7],"texture":"#0"},"south":{"uv":[0,4,4,7],"texture":"#0"},"west":{"uv":[12,4,16,7],"texture":"#0"},"up":{"uv":[8,4,4,0],"rotation":90,"texture":"#0"},"down":{"uv":[12,0,8,4],"rotation":270,"texture":"#0"}}},{"from":[16,0,-14],"to":[16,12,2],"faces":{"north":{"uv":[4,4,8,7],"texture":"#0"},"east":{"uv":[0,4,4,7],"texture":"#0"},"south":{"uv":[12,4,16,7],"texture":"#0"},"west":{"uv":[4,4,0,7],"texture":"#0"},"up":{"uv":[8,4,4,0],"texture":"#0"},"down":{"uv":[12,0,8,4],"texture":"#0"}}},{"from":[0,0,-14],"to":[0,12,2],"faces":{"north":{"uv":[4,4,8,7],"texture":"#0"},"east":{"uv":[12,4,8,7],"texture":"#0"},"south":{"uv":[12,4,16,7],"texture":"#0"},"west":{"uv":[8,4,12,7],"texture":"#0"},"up":{"uv":[8,4,4,0],"texture":"#0"},"down":{"uv":[12,0,8,4],"texture":"#0"}}},{"from":[0,0,-14],"to":[16,12,-14],"faces":{"north":{"uv":[8,4,12,7],"texture":"#0"},"east":{"uv":[4,4,8,7],"texture":"#0"},"south":{"uv":[12,4,8,7],"texture":"#0"},"west":{"uv":[12,4,16,7],"texture":"#0"},"up":{"uv":[8,4,4,0],"rotation":90,"texture":"#0"},"down":{"uv":[12,0,8,4],"rotation":270,"texture":"#0"}}},{"from":[0,12,-14],"to":[16,12,2],"faces":{"north":{"uv":[8,4,12,7],"texture":"#0"},"east":{"uv":[4,4,8,7],"texture":"#0"},"south":{"uv":[12,4,8,7],"texture":"#0"},"west":{"uv":[12,4,16,7],"texture":"#0"},"up":{"uv":[8,4,4,0],"rotation":90,"texture":"#0"},"down":{"uv":[8,0,4,4],"rotation":270,"texture":"#0"}}},{"from":[0,0,-14],"to":[16,0,2],"faces":{"north":{"uv":[8,4,12,7],"texture":"#0"},"east":{"uv":[4,4,8,7],"texture":"#0"},"south":{"uv":[12,4,8,7],"texture":"#0"},"west":{"uv":[12,4,16,7],"texture":"#0"},"up":{"uv":[12,4,8,0],"rotation":90,"texture":"#0"},"down":{"uv":[12,0,8,4],"rotation":270,"texture":"#0"}}},{"from":[0,12,14],"to":[16,12,30],"faces":{"north":{"uv":[8,4,12,7],"texture":"#0"},"east":{"uv":[4,4,8,7],"texture":"#0"},"south":{"uv":[12,4,8,7],"texture":"#0"},"west":{"uv":[12,4,16,7],"texture":"#0"},"up":{"uv":[8,4,4,0],"rotation":90,"texture":"#0"},"down":{"uv":[8,0,4,4],"rotation":270,"texture":"#0"}}},{"from":[0,0,14],"to":[16,12,14],"faces":{"north":{"uv":[8,4,12,7],"texture":"#0"},"east":{"uv":[4,4,8,7],"texture":"#0"},"south":{"uv":[12,4,8,7],"texture":"#0"},"west":{"uv":[12,4,16,7],"texture":"#0"},"up":{"uv":[8,4,4,0],"rotation":90,"texture":"#0"},"down":{"uv":[12,0,8,4],"rotation":270,"texture":"#0"}}},{"from":[0,0,14],"to":[0,12,30],"faces":{"north":{"uv":[4,4,8,7],"texture":"#0"},"east":{"uv":[12,4,8,7],"texture":"#0"},"south":{"uv":[12,4,16,7],"texture":"#0"},"west":{"uv":[8,4,12,7],"texture":"#0"},"up":{"uv":[8,4,4,0],"texture":"#0"},"down":{"uv":[12,0,8,4],"texture":"#0"}}},{"from":[16,0,14],"to":[16,12,30],"faces":{"north":{"uv":[4,4,8,7],"texture":"#0"},"east":{"uv":[0,4,4,7],"texture":"#0"},"south":{"uv":[12,4,16,7],"texture":"#0"},"west":{"uv":[4,4,0,7],"texture":"#0"},"up":{"uv":[8,4,4,0],"texture":"#0"},"down":{"uv":[12,0,8,4],"texture":"#0"}}},{"from":[0,0,30],"to":[16,12,30],"faces":{"north":{"uv":[4,4,0,7],"texture":"#0"},"east":{"uv":[4,4,8,7],"texture":"#0"},"south":{"uv":[0,4,4,7],"texture":"#0"},"west":{"uv":[12,4,16,7],"texture":"#0"},"up":{"uv":[8,4,4,0],"rotation":90,"texture":"#0"},"down":{"uv":[12,0,8,4],"rotation":270,"texture":"#0"}}},{"from":[0,0,14],"to":[16,0,30],"faces":{"north":{"uv":[8,4,12,7],"texture":"#0"},"east":{"uv":[4,4,8,7],"texture":"#0"},"south":{"uv":[12,4,8,7],"texture":"#0"},"west":{"uv":[12,4,16,7],"texture":"#0"},"up":{"uv":[12,4,8,0],"rotation":90,"texture":"#0"},"down":{"uv":[12,0,8,4],"rotation":270,"texture":"#0"}}}]}