{"elements":[{"from":[4,3,6],"to":[10,6,12],"rotation":{"angle":-22.5,"axis":"y","origin":[15,10,17]},"faces":{"north":{"uv":[6,11,12,14],"texture":"#1"},"east":{"uv":[0,11,6,14],"texture":"#1"},"south":{"uv":[6,7,12,10],"texture":"#1"},"west":{"uv":[0,7,6,10],"texture":"#1"},"up":{"uv":[0,0,6,6],"texture":"#1"},"down":{"uv":[6,0,12,6],"texture":"#1"}}},{"from":[6,0,8],"to":[8,3,10],"rotation":{"angle":-22.5,"axis":"y","origin":[15,10,17]},"faces":{"north":{"uv":[14,0,16,3],"texture":"#1"},"east":{"uv":[14,0,16,3],"texture":"#1"},"south":{"uv":[14,0,16,3],"texture":"#1"},"west":{"uv":[14,0,16,3],"texture":"#1"},"up":{"uv":[0,0,2,2],"texture":"#1"},"down":{"uv":[14,4,16,6],"texture":"#1"}}},{"from":[5,2,10],"to":[9,4,14],"rotation":{"angle":0,"axis":"y","origin":[12,10,3]},"faces":{"north":{"uv":[5,12,9,14],"texture":"#1"},"east":{"uv":[7,7,11,9],"texture":"#1"},"south":{"uv":[0,7,4,9],"texture":"#1"},"west":{"uv":[7,11,11,13],"texture":"#1"},"up":{"uv":[12,12,16,16],"rotation":270,"texture":"#1"},"down":{"uv":[6,0,12,6],"rotation":90,"texture":"#1"}}},{"from":[6,0,11],"to":[8,2,13],"rotation":{"angle":0,"axis":"y","origin":[12,10,3]},"faces":{"north":{"uv":[14,0,16,2],"texture":"#1"},"east":{"uv":[14,0,16,2],"texture":"#1"},"south":{"uv":[14,0,16,2],"texture":"#1"},"west":{"uv":[14,0,16,2],"texture":"#1"},"up":{"uv":[0,0,2,2],"rotation":270,"texture":"#1"},"down":{"uv":[14,4,16,6],"rotation":90,"texture":"#1"}}},{"from":[-3,1,9],"to":[1,3,13],"rotation":{"angle":-45,"axis":"y","origin":[8,9,16]},"faces":{"north":{"uv":[7,11,11,13],"texture":"#1"},"east":{"uv":[5,12,9,14],"texture":"#1"},"south":{"uv":[7,7,11,9],"texture":"#1"},"west":{"uv":[0,7,4,9],"texture":"#1"},"up":{"uv":[12,12,16,16],"texture":"#1"},"down":{"uv":[6,0,12,6],"texture":"#1"}}},{"from":[-2,0,10],"to":[0,1,12],"rotation":{"angle":-45,"axis":"y","origin":[8,10,16]},"faces":{"north":{"uv":[14,0,16,1],"texture":"#1"},"east":{"uv":[14,0,16,1],"texture":"#1"},"south":{"uv":[14,0,16,1],"texture":"#1"},"west":{"uv":[14,0,16,1],"texture":"#1"},"up":{"uv":[0,0,2,2],"texture":"#1"},"down":{"uv":[14,4,16,6],"texture":"#1"}}}],"parent":"minecraft:block/cross","textures":{"1":"block/red_mushroom_mx","particle":"block/red_mushroom_mx"}}