{"display":{"thirdperson_righthand":{"rotation":[75,45,0],"translation":[0,2.5,0],"scale":[0.25,0.25,0.25]},"thirdperson_lefthand":{"rotation":[75,45,0],"translation":[0,2.5,0],"scale":[0.25,0.25,0.25]},"firstperson_righthand":{"rotation":[0,45,0],"scale":[0.3,0.3,0.3]},"firstperson_lefthand":{"rotation":[0,45,0],"scale":[0.3,0.3,0.3]},"ground":{"translation":[0,3,0],"scale":[0.25,0.25,0.25]},"gui":{"rotation":[30,225,0],"translation":[0,-1,0],"scale":[0.625,0.625,0.625]},"fixed":{"rotation":[-90,10,0],"translation":[0,0,-14],"scale":[2,2,2]}},"texture_size":[128,128],"textures":{"0":"block/plants/various"},"elements":[{"from":[6,0,6],"to":[10,6,10],"faces":{"north":{"uv":[12,0,12.5,0.75],"texture":"#0"},"east":{"uv":[12,0,12.5,0.75],"texture":"#0"},"south":{"uv":[12,0,12.5,0.75],"texture":"#0"},"west":{"uv":[12,0,12.5,0.75],"texture":"#0"},"up":{"uv":[12,0,12.5,0.5],"texture":"#0"},"down":{"uv":[12,0,12.5,0.5],"texture":"#0"}}},{"from":[1,6,1],"to":[15,14,15],"faces":{"north":{"uv":[14.25,1.75,16,2.75],"texture":"#0"},"east":{"uv":[14.25,1.75,16,2.75],"texture":"#0"},"south":{"uv":[14.25,1.75,16,2.75],"texture":"#0"},"west":{"uv":[14.25,1.75,16,2.75],"texture":"#0"},"up":{"uv":[12.5,0,14.25,1.75],"texture":"#0"},"down":{"uv":[14.25,0,16,1.75],"texture":"#0"}}}]}