{"display":{"thirdperson_righthand":{"rotation":[75,45,0],"translation":[0,1.5,0],"scale":[0.1,0.1,0.1]},"thirdperson_lefthand":{"rotation":[75,45,0],"translation":[0,1.5,0],"scale":[0.1,0.1,0.1]},"firstperson_righthand":{"rotation":[0,45,0],"scale":[0.1,0.1,0.1]},"firstperson_lefthand":{"rotation":[0,45,0],"scale":[0.1,0.1,0.1]},"ground":{"translation":[0,3,0],"scale":[0.1,0.1,0.1]},"gui":{"rotation":[30,225,0],"translation":[0,-1,0],"scale":[0.35,0.35,0.35]},"fixed":{"rotation":[-90,45,0],"translation":[0,0,-18],"scale":[2,2,2]}},"texture_size":[128,128],"textures":{"0":"block/plants/various"},"elements":[{"from":[-8,-2,8],"to":[8,30,8],"rotation":{"angle":0,"axis":"y","origin":[8,-2,8]},"faces":{"north":{"uv":[3.5,7.75,5.5,11.75],"texture":"#0"},"east":{"uv":[0,0,0,4],"texture":"#0"},"south":{"uv":[5.5,7.75,3.5,11.75],"texture":"#0"},"west":{"uv":[0,0,0,4],"texture":"#0"},"up":{"uv":[0,0,2,0],"texture":"#0"},"down":{"uv":[0,0,2,0],"texture":"#0"}}},{"from":[9,0,8],"to":[25,32,8],"rotation":{"angle":22.5,"axis":"y","origin":[8,-2,8]},"faces":{"north":{"uv":[5.5,7.75,3.5,11.75],"texture":"#0"},"east":{"uv":[0,0,0,4],"texture":"#0"},"south":{"uv":[3.5,7.75,5.5,11.75],"texture":"#0"},"west":{"uv":[0,0,0,4],"texture":"#0"},"up":{"uv":[0,0,2,0],"rotation":180,"texture":"#0"},"down":{"uv":[0,0,2,0],"rotation":180,"texture":"#0"}}},{"from":[-10,-2,8],"to":[6,22,8],"rotation":{"angle":-45,"axis":"y","origin":[8,-2,8]},"faces":{"north":{"uv":[3.5,7.75,5.5,10.75],"texture":"#0"},"east":{"uv":[0,0,0,4],"texture":"#0"},"south":{"uv":[5.5,7.75,3.5,10.75],"texture":"#0"},"west":{"uv":[0,0,0,4],"texture":"#0"},"up":{"uv":[0,0,2,0],"texture":"#0"},"down":{"uv":[0,0,2,0],"texture":"#0"}}},{"from":[-10,-2,8],"to":[6,22,8],"rotation":{"angle":45,"axis":"y","origin":[8,-2,8]},"faces":{"north":{"uv":[3.5,7.75,5.5,10.75],"texture":"#0"},"east":{"uv":[0,0,0,4],"texture":"#0"},"south":{"uv":[5.5,7.75,3.5,10.75],"texture":"#0"},"west":{"uv":[0,0,0,4],"texture":"#0"},"up":{"uv":[0,0,2,0],"texture":"#0"},"down":{"uv":[0,0,2,0],"texture":"#0"}}},{"from":[8,-2,-8],"to":[8,22,8],"rotation":{"angle":-22.5,"axis":"y","origin":[8,-2,8]},"faces":{"north":{"uv":[0,0,0,4],"texture":"#0"},"east":{"uv":[3.5,7.75,5.5,10.75],"texture":"#0"},"south":{"uv":[0,0,0,4],"texture":"#0"},"west":{"uv":[5.5,7.75,3.5,10.75],"texture":"#0"},"up":{"uv":[0,0,2,0],"rotation":90,"texture":"#0"},"down":{"uv":[0,0,2,0],"rotation":270,"texture":"#0"}}},{"from":[9,-2,8],"to":[25,22,8],"rotation":{"angle":-22.5,"axis":"y","origin":[8,-2,8]},"faces":{"north":{"uv":[5.5,7.75,3.5,10.75],"texture":"#0"},"east":{"uv":[0,0,0,4],"texture":"#0"},"south":{"uv":[3.5,7.75,5.5,10.75],"texture":"#0"},"west":{"uv":[0,0,0,4],"texture":"#0"},"up":{"uv":[0,0,2,0],"rotation":180,"texture":"#0"},"down":{"uv":[0,0,2,0],"rotation":180,"texture":"#0"}}},{"from":[8,-2,8],"to":[24,30,8],"rotation":{"angle":-22.5,"axis":"z","origin":[8,-2,8]},"faces":{"north":{"uv":[5.5,7.75,3.5,11.75],"texture":"#0"},"east":{"uv":[0,0,0,4],"texture":"#0"},"south":{"uv":[3.5,7.75,5.5,11.75],"texture":"#0"},"west":{"uv":[0,0,0,4],"texture":"#0"},"up":{"uv":[0,0,2,0],"texture":"#0"},"down":{"uv":[0,0,2,0],"texture":"#0"}}},{"from":[8,-2,8],"to":[8,30,24],"rotation":{"angle":22.5,"axis":"x","origin":[8,-2,8]},"faces":{"north":{"uv":[0,0,0,4],"texture":"#0"},"east":{"uv":[5.5,7.75,3.5,11.75],"texture":"#0"},"south":{"uv":[0,0,0,4],"texture":"#0"},"west":{"uv":[3.5,7.75,5.5,11.75],"texture":"#0"},"up":{"uv":[0,0,2,0],"rotation":90,"texture":"#0"},"down":{"uv":[0,0,2,0],"rotation":270,"texture":"#0"}}},{"from":[8,-2,-8],"to":[8,30,8],"rotation":{"angle":-22.5,"axis":"x","origin":[8,-2,8]},"faces":{"north":{"uv":[0,0,0,4],"texture":"#0"},"east":{"uv":[3.5,7.75,5.5,11.75],"texture":"#0"},"south":{"uv":[0,0,0,4],"texture":"#0"},"west":{"uv":[5.5,7.75,3.5,11.75],"texture":"#0"},"up":{"uv":[0,0,2,0],"rotation":90,"texture":"#0"},"down":{"uv":[0,0,2,0],"rotation":270,"texture":"#0"}}}]}