{"display":{"thirdperson_righthand":{"rotation":[75,45,0],"translation":[0,2.5,0],"scale":[0.25,0.25,0.25]},"thirdperson_lefthand":{"rotation":[75,45,0],"translation":[0,2.5,0],"scale":[0.25,0.25,0.25]},"firstperson_righthand":{"rotation":[0,45,0],"scale":[0.25,0.25,0.25]},"firstperson_lefthand":{"rotation":[0,45,0],"scale":[0.25,0.25,0.25]},"ground":{"translation":[0,3,0],"scale":[0.2,0.2,0.2]},"gui":{"rotation":[30,225,0],"scale":[0.45,0.45,0.45]},"fixed":{"rotation":[-90,45,0],"translation":[0,0,-14],"scale":[2,2,2]}},"texture_size":[128,128],"textures":{"0":"block/plants/various"},"elements":[{"from":[0,0,4.5],"to":[8,0,11.5],"rotation":{"angle":-45,"axis":"z","origin":[8,0,8]},"faces":{"north":{"uv":[1,2.75,2,2.75],"texture":"#0"},"east":{"uv":[0,0,0.625,0],"texture":"#0"},"south":{"uv":[1,2.75,2,2.75],"texture":"#0"},"west":{"uv":[0,0,0.625,0],"texture":"#0"},"up":{"uv":[1,2.75,2,3.625],"texture":"#0"},"down":{"uv":[1,3.625,2,2.75],"texture":"#0"}}},{"from":[8,0,4.5],"to":[16,0,11.5],"rotation":{"angle":45,"axis":"z","origin":[8,0,8]},"faces":{"north":{"uv":[1,2.75,2,2.75],"texture":"#0"},"east":{"uv":[0,0,0.625,0],"texture":"#0"},"south":{"uv":[1,2.75,2,2.75],"texture":"#0"},"west":{"uv":[0,0,0.625,0],"texture":"#0"},"up":{"uv":[2,3.625,1,2.75],"texture":"#0"},"down":{"uv":[2,2.75,1,3.625],"texture":"#0"}}},{"from":[4.5,0,8],"to":[11.5,0,16],"rotation":{"angle":-22.5,"axis":"x","origin":[8,0,8]},"faces":{"north":{"uv":[1,2.75,1.625,2.75],"texture":"#0"},"east":{"uv":[0,0,1,0],"texture":"#0"},"south":{"uv":[1,2.75,1.625,2.75],"texture":"#0"},"west":{"uv":[0,0,1,0],"texture":"#0"},"up":{"uv":[2,2.75,1,3.625],"rotation":90,"texture":"#0"},"down":{"uv":[2,3.625,1,2.75],"rotation":270,"texture":"#0"}}},{"from":[4.5,0,8],"to":[11.5,8,8],"rotation":{"angle":-22.5,"axis":"x","origin":[8,0,8]},"faces":{"north":{"uv":[1,2.75,2,3.625],"rotation":90,"texture":"#0"},"east":{"uv":[0,0,1,0],"rotation":270,"texture":"#0"},"south":{"uv":[1,3.625,2,2.75],"rotation":90,"texture":"#0"},"west":{"uv":[0,0,1,0],"rotation":90,"texture":"#0"},"up":{"uv":[1,2.75,1.625,2.75],"rotation":180,"texture":"#0"},"down":{"uv":[1,2.75,1.625,2.75],"texture":"#0"}}},{"from":[4.5,0,8.5],"to":[11.5,19,8.5],"rotation":{"angle":22.5,"axis":"x","origin":[8,0,8]},"faces":{"north":{"uv":[2,2.75,4.5,3.625],"rotation":90,"texture":"#0"},"east":{"uv":[0,0,1,0],"rotation":270,"texture":"#0"},"south":{"uv":[2,3.625,4.5,2.75],"rotation":90,"texture":"#0"},"west":{"uv":[0,0,1,0],"rotation":90,"texture":"#0"},"up":{"uv":[1,2.75,1.625,2.75],"rotation":180,"texture":"#0"},"down":{"uv":[1,2.75,1.625,2.75],"texture":"#0"}}},{"from":[4.5,-0.5,-11],"to":[11.5,-0.5,8],"rotation":{"angle":45,"axis":"x","origin":[8,0,8]},"faces":{"north":{"uv":[1,2.75,1.625,2.75],"texture":"#0"},"east":{"uv":[0,0,1,0],"texture":"#0"},"south":{"uv":[1,2.75,1.625,2.75],"texture":"#0"},"west":{"uv":[0,0,1,0],"texture":"#0"},"up":{"uv":[2,3.625,4.5,2.75],"rotation":90,"texture":"#0"},"down":{"uv":[2,2.75,4.5,3.625],"rotation":270,"texture":"#0"}}},{"from":[4.5,7.5,-14],"to":[11.5,7.5,5],"rotation":{"angle":0,"axis":"x","origin":[8,0,8]},"faces":{"north":{"uv":[1,2.75,1.625,2.75],"texture":"#0"},"east":{"uv":[0,0,1,0],"texture":"#0"},"south":{"uv":[1,2.75,1.625,2.75],"texture":"#0"},"west":{"uv":[0,0,1,0],"texture":"#0"},"up":{"uv":[2,2.75,4.5,3.625],"rotation":90,"texture":"#0"},"down":{"uv":[2,3.625,4.5,2.75],"rotation":270,"texture":"#0"}}},{"from":[4.5,7.5,11],"to":[11.5,7.5,30],"rotation":{"angle":0,"axis":"x","origin":[8,0,8]},"faces":{"north":{"uv":[1,2.75,1.625,2.75],"texture":"#0"},"east":{"uv":[0,0,1,0],"texture":"#0"},"south":{"uv":[1,2.75,1.625,2.75],"texture":"#0"},"west":{"uv":[0,0,1,0],"texture":"#0"},"up":{"uv":[4.5,2.75,2,3.625],"rotation":90,"texture":"#0"},"down":{"uv":[4.5,3.625,2,2.75],"rotation":270,"texture":"#0"}}},{"from":[4.5,4.5,8],"to":[11.5,4.5,27],"rotation":{"angle":22.5,"axis":"y","origin":[8,0,8]},"faces":{"north":{"uv":[1,2.75,1.625,2.75],"texture":"#0"},"east":{"uv":[0,0,1,0],"texture":"#0"},"south":{"uv":[1,2.75,1.625,2.75],"texture":"#0"},"west":{"uv":[0,0,1,0],"texture":"#0"},"up":{"uv":[4.5,3.625,2,2.75],"rotation":90,"texture":"#0"},"down":{"uv":[4.5,2.75,2,3.625],"rotation":270,"texture":"#0"}}},{"from":[8,2.5,4.5],"to":[27,2.5,11.5],"rotation":{"angle":45,"axis":"y","origin":[8,0,8]},"faces":{"north":{"uv":[0,0,1,0],"texture":"#0"},"east":{"uv":[1,2.75,1.625,2.75],"texture":"#0"},"south":{"uv":[0,0,1,0],"texture":"#0"},"west":{"uv":[1,2.75,1.625,2.75],"texture":"#0"},"up":{"uv":[4.5,3.625,2,2.75],"texture":"#0"},"down":{"uv":[4.5,2.75,2,3.625],"texture":"#0"}}},{"from":[-12,1.5,4.5],"to":[7,1.5,11.5],"rotation":{"angle":45,"axis":"y","origin":[8,0,8]},"faces":{"north":{"uv":[0,0,1,0],"texture":"#0"},"east":{"uv":[1,2.75,1.625,2.75],"texture":"#0"},"south":{"uv":[0,0,1,0],"texture":"#0"},"west":{"uv":[1,2.75,1.625,2.75],"texture":"#0"},"up":{"uv":[2,3.625,4.5,2.75],"texture":"#0"},"down":{"uv":[2,2.75,4.5,3.625],"texture":"#0"}}},{"from":[13.5,5.75,4.5],"to":[26.5,5.75,11.5],"rotation":{"angle":0,"axis":"y","origin":[8,0,8]},"faces":{"north":{"uv":[0,0,1,0],"texture":"#0"},"east":{"uv":[1,2.75,1.625,2.75],"texture":"#0"},"south":{"uv":[0,0,1,0],"texture":"#0"},"west":{"uv":[1,2.75,1.625,2.75],"texture":"#0"},"up":{"uv":[2,3.625,3.625,2.75],"rotation":180,"texture":"#0"},"down":{"uv":[2,2.75,3.625,3.625],"rotation":180,"texture":"#0"}}},{"from":[4.5,2.5,-8],"to":[11.5,2.5,7],"rotation":{"angle":45,"axis":"y","origin":[8,0,8]},"faces":{"north":{"uv":[1,2.75,1.625,2.75],"texture":"#0"},"east":{"uv":[0,0,1,0],"texture":"#0"},"south":{"uv":[1,2.75,1.625,2.75],"texture":"#0"},"west":{"uv":[0,0,1,0],"texture":"#0"},"up":{"uv":[2,3.625,3.875,2.75],"rotation":90,"texture":"#0"},"down":{"uv":[2,2.75,3.875,3.625],"rotation":270,"texture":"#0"}}},{"from":[9,3.5,4.5],"to":[22,3.5,11.5],"rotation":{"angle":-45,"axis":"y","origin":[8,0,8]},"faces":{"north":{"uv":[0,0,1,0],"texture":"#0"},"east":{"uv":[1,2.75,1.625,2.75],"texture":"#0"},"south":{"uv":[0,0,1,0],"texture":"#0"},"west":{"uv":[1,2.75,1.625,2.75],"texture":"#0"},"up":{"uv":[2,3.625,3.625,2.75],"rotation":180,"texture":"#0"},"down":{"uv":[2,2.75,3.625,3.625],"rotation":180,"texture":"#0"}}},{"from":[4.5,3,15.25],"to":[11.5,3,27.25],"rotation":{"angle":0,"axis":"x","origin":[8,0,8]},"faces":{"north":{"uv":[1,2.75,1.625,2.75],"texture":"#0"},"east":{"uv":[0,0,1,0],"texture":"#0"},"south":{"uv":[1,2.75,1.625,2.75],"texture":"#0"},"west":{"uv":[0,0,1,0],"texture":"#0"},"up":{"uv":[3.5,3.625,2,2.75],"rotation":90,"texture":"#0"},"down":{"uv":[3.5,2.75,2,3.625],"rotation":270,"texture":"#0"}}},{"from":[-9.5,5.75,4.5],"to":[2.5,5.75,11.5],"rotation":{"angle":0,"axis":"y","origin":[8,0,8]},"faces":{"north":{"uv":[0,0,1,0],"texture":"#0"},"east":{"uv":[1,2.75,1.625,2.75],"texture":"#0"},"south":{"uv":[0,0,1,0],"texture":"#0"},"west":{"uv":[1,2.75,1.625,2.75],"texture":"#0"},"up":{"uv":[3.5,3.625,2,2.75],"rotation":180,"texture":"#0"},"down":{"uv":[3.5,2.75,2,3.625],"rotation":180,"texture":"#0"}}},{"from":[4.5,0.25,8],"to":[11.5,12.25,8],"rotation":{"angle":45,"axis":"y","origin":[8,0,8]},"faces":{"north":{"uv":[3.5,3.625,2,2.75],"rotation":270,"texture":"#0"},"east":{"uv":[0,0,1,0],"rotation":90,"texture":"#0"},"south":{"uv":[3.5,2.75,2,3.625],"rotation":270,"texture":"#0"},"west":{"uv":[0,0,1,0],"rotation":270,"texture":"#0"},"up":{"uv":[1,2.75,1.625,2.75],"texture":"#0"},"down":{"uv":[1,2.75,1.625,2.75],"rotation":180,"texture":"#0"}}}]}