{"display":{"thirdperson_righthand":{"rotation":[75,45,0],"translation":[0,1.5,0],"scale":[0.15,0.15,0.15]},"thirdperson_lefthand":{"rotation":[75,45,0],"translation":[0,1.5,0],"scale":[0.15,0.15,0.15]},"firstperson_righthand":{"rotation":[0,45,0],"scale":[0.15,0.15,0.15]},"firstperson_lefthand":{"rotation":[0,45,0],"scale":[0.15,0.15,0.15]},"ground":{"translation":[0,3.2,0],"scale":[0.15,0.15,0.15]},"gui":{"rotation":[30,0,0],"translation":[0,-1.5,0],"scale":[0.5,0.5,0.5]},"fixed":{"rotation":[-90,0,0],"translation":[0,0,-14],"scale":[2,2,2]}},"texture_size":[128,128],"textures":{"0":"block/plants/various"},"elements":[{"from":[8,0,-3],"to":[8,32,19],"rotation":{"angle":45,"axis":"y","origin":[8,0,8]},"faces":{"north":{"uv":[0,0,0,7.875],"texture":"#0"},"east":{"uv":[8.5,12,10.5,16],"texture":"#0"},"south":{"uv":[0,0,0,7.875],"texture":"#0"},"west":{"uv":[8.5,12,10.5,16],"texture":"#0"},"up":{"uv":[0,0,0,7.33333],"texture":"#0"},"down":{"uv":[0,0,0,7.33333],"texture":"#0"}}},{"from":[-3,0,8],"to":[19,32,8],"rotation":{"angle":45,"axis":"y","origin":[8,0,8]},"faces":{"north":{"uv":[8.5,12,10.5,16],"texture":"#0"},"east":{"uv":[0,0,0,7.875],"texture":"#0"},"south":{"uv":[8.5,12,10.5,16],"texture":"#0"},"west":{"uv":[0,0,0,7.875],"texture":"#0"},"up":{"uv":[0,0,0,7.33333],"rotation":90,"texture":"#0"},"down":{"uv":[0,0,0,7.33333],"rotation":270,"texture":"#0"}}}]}