{"display":{"thirdperson_righthand":{"rotation":[75,45,0],"translation":[0,1.5,1],"scale":[0.15,0.15,0.15]},"thirdperson_lefthand":{"rotation":[75,45,0],"translation":[0,1.5,1],"scale":[0.15,0.15,0.15]},"firstperson_righthand":{"rotation":[0,45,0],"translation":[0,1,0],"scale":[0.15,0.15,0.15]},"firstperson_lefthand":{"rotation":[0,45,0],"translation":[0,1,0],"scale":[0.15,0.15,0.15]},"ground":{"translation":[0,3,0],"scale":[0.15,0.15,0.15]},"gui":{"rotation":[30,225,0],"translation":[0,2,0],"scale":[0.4,0.4,0.4]},"fixed":{"rotation":[-90,0,0],"translation":[0,0,-36],"scale":[2,2,2]}},"texture_size":[32,32],"textures":{"0":"block/plants/tubule"},"elements":[{"from":[6,-11,4],"to":[10,13,8],"faces":{"north":{"uv":[0,0,2,12],"texture":"#0"},"east":{"uv":[0,0,2,12],"texture":"#0"},"south":{"uv":[0,0,2,12],"texture":"#0"},"west":{"uv":[0,0,2,12],"texture":"#0"},"up":{"uv":[8,0,10,2],"texture":"#0"},"down":{"uv":[4,5,6,7],"texture":"#0"}}},{"from":[4,-11,-1],"to":[8,5,3],"faces":{"north":{"uv":[2,0,4,8],"texture":"#0"},"east":{"uv":[2,0,4,8],"texture":"#0"},"south":{"uv":[2,0,4,8],"texture":"#0"},"west":{"uv":[2,0,4,8],"texture":"#0"},"up":{"uv":[8,0,10,2],"texture":"#0"},"down":{"uv":[4,5,6,7],"texture":"#0"}}},{"from":[8,-11,7],"to":[12,5,11],"faces":{"north":{"uv":[2,0,4,8],"texture":"#0"},"east":{"uv":[2,0,4,8],"texture":"#0"},"south":{"uv":[2,0,4,8],"texture":"#0"},"west":{"uv":[2,0,4,8],"texture":"#0"},"up":{"uv":[8,0,10,2],"texture":"#0"},"down":{"uv":[4,5,6,7],"texture":"#0"}}},{"from":[3,-11,8],"to":[7,-1,12],"faces":{"north":{"uv":[4,0,6,5],"texture":"#0"},"east":{"uv":[4,0,6,5],"texture":"#0"},"south":{"uv":[4,0,6,5],"texture":"#0"},"west":{"uv":[4,0,6,5],"texture":"#0"},"up":{"uv":[8,0,10,2],"texture":"#0"},"down":{"uv":[4,5,6,7],"texture":"#0"}}},{"from":[10,-11,0],"to":[14,-1,4],"faces":{"north":{"uv":[4,0,6,5],"texture":"#0"},"east":{"uv":[4,0,6,5],"texture":"#0"},"south":{"uv":[4,0,6,5],"texture":"#0"},"west":{"uv":[4,0,6,5],"texture":"#0"},"up":{"uv":[8,0,10,2],"texture":"#0"},"down":{"uv":[4,5,6,7],"texture":"#0"}}},{"from":[13,-11,4],"to":[17,-4,8],"faces":{"north":{"uv":[6,0,8,3.5],"texture":"#0"},"east":{"uv":[6,0,8,3.5],"texture":"#0"},"south":{"uv":[6,0,8,3.5],"texture":"#0"},"west":{"uv":[6,0,8,3.5],"texture":"#0"},"up":{"uv":[8,0,10,2],"texture":"#0"},"down":{"uv":[4,5,6,7],"texture":"#0"}}},{"from":[7,-11,13],"to":[11,-4,17],"faces":{"north":{"uv":[6,0,8,3.5],"texture":"#0"},"east":{"uv":[6,0,8,3.5],"texture":"#0"},"south":{"uv":[6,0,8,3.5],"texture":"#0"},"west":{"uv":[6,0,8,3.5],"texture":"#0"},"up":{"uv":[8,0,10,2],"texture":"#0"},"down":{"uv":[4,5,6,7],"texture":"#0"}}},{"from":[-1,-11,4],"to":[3,-4,8],"faces":{"north":{"uv":[6,0,8,3.5],"texture":"#0"},"east":{"uv":[6,0,8,3.5],"texture":"#0"},"south":{"uv":[6,0,8,3.5],"texture":"#0"},"west":{"uv":[6,0,8,3.5],"texture":"#0"},"up":{"uv":[8,0,10,2],"texture":"#0"},"down":{"uv":[4,5,6,7],"texture":"#0"}}},{"from":[9,-11,15],"to":[21,21,15],"rotation":{"angle":-45,"axis":"y","origin":[15,0,15]},"faces":{"north":{"uv":[11,0,16,16],"texture":"#0"},"east":{"uv":[0,0,0,1],"texture":"#0"},"south":{"uv":[11,0,16,16],"texture":"#0"},"west":{"uv":[0,0,0,1],"texture":"#0"},"up":{"uv":[0,0,8.5,0],"texture":"#0"},"down":{"uv":[0,0,8.5,0],"texture":"#0"}}},{"from":[15,-11,9],"to":[15,21,21],"rotation":{"angle":-45,"axis":"y","origin":[15,0,15]},"faces":{"north":{"uv":[0,0,0,1],"texture":"#0"},"east":{"uv":[11,0,16,16],"texture":"#0"},"south":{"uv":[0,0,0,1],"texture":"#0"},"west":{"uv":[11,0,16,16],"texture":"#0"},"up":{"uv":[0,0,8.5,0],"rotation":90,"texture":"#0"},"down":{"uv":[0,0,8.5,0],"rotation":270,"texture":"#0"}}},{"from":[-1,-11,5],"to":[-1,13,17],"rotation":{"angle":-45,"axis":"y","origin":[-1,0,11]},"faces":{"north":{"uv":[0,0,0,12],"texture":"#0"},"east":{"uv":[11,0,16,15],"texture":"#0"},"south":{"uv":[0,0,0,12],"texture":"#0"},"west":{"uv":[11,0,16,15],"texture":"#0"},"up":{"uv":[0,0,8.5,0],"rotation":90,"texture":"#0"},"down":{"uv":[0,0,8.5,0],"rotation":270,"texture":"#0"}}},{"from":[-7,-11,11],"to":[5,13,11],"rotation":{"angle":-45,"axis":"y","origin":[-1,0,11]},"faces":{"north":{"uv":[11,0,16,12],"texture":"#0"},"east":{"uv":[0,0,0,12],"texture":"#0"},"south":{"uv":[11,0,16,12],"texture":"#0"},"west":{"uv":[0,0,0,12],"texture":"#0"},"up":{"uv":[0,0,8.5,0],"texture":"#0"},"down":{"uv":[0,0,8.5,0],"texture":"#0"}}},{"from":[9,-11,-9],"to":[9,17,3],"rotation":{"angle":-45,"axis":"y","origin":[9,0,-3]},"faces":{"north":{"uv":[0,0,0,0],"texture":"#0"},"east":{"uv":[11,0,16,14],"texture":"#0"},"south":{"uv":[0,0,0,0],"texture":"#0"},"west":{"uv":[11,0,16,14],"texture":"#0"},"up":{"uv":[0,0,8.5,0],"rotation":90,"texture":"#0"},"down":{"uv":[0,0,8.5,0],"rotation":270,"texture":"#0"}}},{"from":[3,-11,-3],"to":[15,17,-3],"rotation":{"angle":-45,"axis":"y","origin":[9,0,-3]},"faces":{"north":{"uv":[11,0,16,14],"texture":"#0"},"east":{"uv":[0,0,0,0],"texture":"#0"},"south":{"uv":[11,0,16,14],"texture":"#0"},"west":{"uv":[0,0,0,0],"texture":"#0"},"up":{"uv":[0,0,8.5,0],"texture":"#0"},"down":{"uv":[0,0,8.5,0],"texture":"#0"}}}]}