{"display":{"thirdperson_righthand":{"rotation":[75,45,0],"translation":[0,1.5,1],"scale":[0.375,0.375,0.375]},"thirdperson_lefthand":{"rotation":[75,45,0],"translation":[0,1.5,1],"scale":[0.375,0.375,0.375]},"firstperson_righthand":{"rotation":[0,45,0],"translation":[0,2,0],"scale":[0.4,0.4,0.4]},"firstperson_lefthand":{"rotation":[0,225,0],"translation":[0,2,0],"scale":[0.4,0.4,0.4]},"ground":{"translation":[0,4,0],"scale":[0.25,0.25,0.25]},"gui":{"rotation":[30,225,0],"translation":[0,4.5,0],"scale":[0.625,0.625,0.625]},"head":{"translation":[-20.75,16.5,-6.75],"scale":[1.5,1.5,1.5]},"fixed":{"translation":[0,4.5,0],"scale":[0.5,0.5,0.5]}},"texture_size":[64,32],"textures":{"0":"entity/blaze"},"elements":[{"from":[5,3.5,4],"to":[11,9.5,10],"rotation":{"angle":0,"axis":"y","origin":[0,-4,1]},"faces":{"north":{"uv":[2,4,4,8],"texture":"#0"},"east":{"uv":[0,4,2,8],"texture":"#0"},"south":{"uv":[6,4,8,8],"texture":"#0"},"west":{"uv":[4,4,6,8],"texture":"#0"},"up":{"uv":[4,4,2,0],"texture":"#0"},"down":{"uv":[6,0,4,4],"texture":"#0"}}},{"from":[8,0,0.5],"to":[9.5,6,2],"faces":{"north":{"uv":[0,8,0.5,13],"texture":"#0"},"east":{"uv":[1.5,8,2,13],"texture":"#0"},"south":{"uv":[1,8,1.5,13],"texture":"#0"},"west":{"uv":[0.5,8,1,13],"texture":"#0"},"up":{"uv":[0.5,8,1,9],"texture":"#0"},"down":{"uv":[7,7,7.5,8],"texture":"#0"}}},{"from":[6.5,0,12],"to":[8,6,13.5],"faces":{"north":{"uv":[0,8,0.5,13],"texture":"#0"},"east":{"uv":[1.5,8,2,13],"texture":"#0"},"south":{"uv":[1,8,1.5,13],"texture":"#0"},"west":{"uv":[0.5,8,1,13],"texture":"#0"},"up":{"uv":[0.5,8,1,9],"texture":"#0"},"down":{"uv":[7,7,7.5,8],"texture":"#0"}}},{"from":[13,0,7],"to":[14.5,6,8.5],"faces":{"north":{"uv":[0,8,0.5,13],"texture":"#0"},"east":{"uv":[1.5,8,2,13],"texture":"#0"},"south":{"uv":[1,8,1.5,13],"texture":"#0"},"west":{"uv":[0.5,8,1,13],"texture":"#0"},"up":{"uv":[0.5,8,1,9],"texture":"#0"},"down":{"uv":[7,7,7.5,8],"texture":"#0"}}},{"from":[1.5,0,5.5],"to":[3,6,7],"faces":{"north":{"uv":[0,8,0.5,13],"texture":"#0"},"east":{"uv":[1.5,8,2,13],"texture":"#0"},"south":{"uv":[1,8,1.5,13],"texture":"#0"},"west":{"uv":[0.5,8,1,13],"texture":"#0"},"up":{"uv":[0.5,8,1,9],"texture":"#0"},"down":{"uv":[7,7,7.5,8],"texture":"#0"}}},{"from":[10.5,-3,-5.5],"to":[12,3,-4],"rotation":{"angle":-45,"axis":"y","origin":[0,1,0]},"faces":{"north":{"uv":[0.5,8,1,13],"texture":"#0"},"east":{"uv":[0,8,0.5,13],"texture":"#0"},"south":{"uv":[1.5,8,2,13],"texture":"#0"},"west":{"uv":[1,8,1.5,13],"texture":"#0"},"up":{"uv":[0.5,8,1,9],"rotation":90,"texture":"#0"},"down":{"uv":[7,7,7.5,8],"rotation":270,"texture":"#0"}}},{"from":[14,-3,-0.5],"to":[15.5,3,1],"rotation":{"angle":-45,"axis":"y","origin":[0,1,0]},"faces":{"north":{"uv":[0.5,8,1,13],"texture":"#0"},"east":{"uv":[0,8,0.5,13],"texture":"#0"},"south":{"uv":[1.5,8,2,13],"texture":"#0"},"west":{"uv":[1,8,1.5,13],"texture":"#0"},"up":{"uv":[0.5,8,1,9],"rotation":90,"texture":"#0"},"down":{"uv":[7,7,7.5,8],"rotation":270,"texture":"#0"}}},{"from":[5.5,-3,-2],"to":[7,3,-0.5],"rotation":{"angle":-45,"axis":"y","origin":[0,1,0]},"faces":{"north":{"uv":[0.5,8,1,13],"texture":"#0"},"east":{"uv":[0,8,0.5,13],"texture":"#0"},"south":{"uv":[1.5,8,2,13],"texture":"#0"},"west":{"uv":[1,8,1.5,13],"texture":"#0"},"up":{"uv":[0.5,8,1,9],"rotation":90,"texture":"#0"},"down":{"uv":[7,7,7.5,8],"rotation":270,"texture":"#0"}}},{"from":[9,-3,3],"to":[10.5,3,4.5],"rotation":{"angle":-45,"axis":"y","origin":[0,1,0]},"faces":{"north":{"uv":[0.5,8,1,13],"texture":"#0"},"east":{"uv":[0,8,0.5,13],"texture":"#0"},"south":{"uv":[1.5,8,2,13],"texture":"#0"},"west":{"uv":[1,8,1.5,13],"texture":"#0"},"up":{"uv":[0.5,8,1,9],"rotation":90,"texture":"#0"},"down":{"uv":[7,7,7.5,8],"rotation":270,"texture":"#0"}}},{"from":[1.5,-8,7.75],"to":[3,-2,9.25],"rotation":{"angle":22.5,"axis":"y","origin":[0,1,0]},"faces":{"north":{"uv":[1,8,1.5,13],"texture":"#0"},"east":{"uv":[0.5,8,1,13],"texture":"#0"},"south":{"uv":[0,8,0.5,13],"texture":"#0"},"west":{"uv":[1.5,8,2,13],"texture":"#0"},"up":{"uv":[0.5,8,1,9],"rotation":180,"texture":"#0"},"down":{"uv":[7,7,7.5,8],"rotation":180,"texture":"#0"}}},{"from":[6,-8,9.25],"to":[7.5,-2,10.75],"rotation":{"angle":22.5,"axis":"y","origin":[0,1,0]},"faces":{"north":{"uv":[1,8,1.5,13],"texture":"#0"},"east":{"uv":[0.5,8,1,13],"texture":"#0"},"south":{"uv":[0,8,0.5,13],"texture":"#0"},"west":{"uv":[1.5,8,2,13],"texture":"#0"},"up":{"uv":[0.5,8,1,9],"rotation":180,"texture":"#0"},"down":{"uv":[7,7,7.5,8],"rotation":180,"texture":"#0"}}},{"from":[3,-8,10.75],"to":[4.5,-2,12.25],"rotation":{"angle":22.5,"axis":"y","origin":[0,1,0]},"faces":{"north":{"uv":[1,8,1.5,13],"texture":"#0"},"east":{"uv":[0.5,8,1,13],"texture":"#0"},"south":{"uv":[0,8,0.5,13],"texture":"#0"},"west":{"uv":[1.5,8,2,13],"texture":"#0"},"up":{"uv":[0.5,8,1,9],"rotation":180,"texture":"#0"},"down":{"uv":[7,7,7.5,8],"rotation":180,"texture":"#0"}}},{"from":[4.5,-8,6.25],"to":[6,-2,7.75],"rotation":{"angle":22.5,"axis":"y","origin":[0,1,0]},"faces":{"north":{"uv":[1,8,1.5,13],"texture":"#0"},"east":{"uv":[0.5,8,1,13],"texture":"#0"},"south":{"uv":[0,8,0.5,13],"texture":"#0"},"west":{"uv":[1.5,8,2,13],"texture":"#0"},"up":{"uv":[0.5,8,1,9],"rotation":180,"texture":"#0"},"down":{"uv":[7.5,8,7,7],"rotation":90,"texture":"#0"}}}]}