{"display":{"thirdperson_righthand":{"rotation":[75,45,0],"translation":[0,1,1],"scale":[0.25,0.25,0.25]},"thirdperson_lefthand":{"rotation":[75,45,0],"translation":[0,1,1],"scale":[0.25,0.25,0.25]},"firstperson_righthand":{"rotation":[0,45,0],"translation":[0,2,0],"scale":[0.2,0.2,0.2]},"firstperson_lefthand":{"rotation":[0,45,0],"translation":[0,2,0],"scale":[0.2,0.2,0.2]},"ground":{"translation":[0,3,0],"scale":[0.2,0.2,0.2]},"gui":{"rotation":[30,225,0],"translation":[-1,0.25,0],"scale":[0.625,0.625,0.625]},"head":{"rotation":[0,25,0],"translation":[0,16.75,0.25],"scale":[1.25,1.25,1.25]},"fixed":{"scale":[0.5,0.5,0.5]}},"texture_size":[96,96],"textures":{"0":"pets/animation/camel_anim1_pet","1":"pets/animation/camel_anim2_pet","2":"pets/animation/camel_anim3_pet","3":"pets/animation/camel_anim4_pet","4":"pets/animation/camel_anim5_pet","5":"pets/animation/camel_anim6_pet","6":"pets/animation/camel_anim7_pet","7":"pets/animation/camel_anim8_pet","8":"pets/animation/camel_anim9_pet","9":"pets/animation/camel_anim10_pet"},"elements":[{"from":[7.13,5.72116,14.04535],"to":[8.63,12.72116,14.04535],"rotation":{"angle":-22.5,"axis":"x","origin":[7.75,12.75,14]},"faces":{"north":{"uv":[0,4.33333,0.5,6.66667],"texture":"#0"},"east":{"uv":[0,0,0,2],"texture":"#0"},"south":{"uv":[0,4.33333,0.5,6.66667],"texture":"#0"},"west":{"uv":[0,0,0,2],"texture":"#0"},"up":{"uv":[0,0,0.5,0],"texture":"#0"},"down":{"uv":[0,0,0.5,0],"texture":"#0"}}},{"from":[6.012,9.75,-4],"to":[9.512,13.25,5.5],"rotation":{"angle":0,"axis":"x","origin":[8,12,2]},"faces":{"north":{"uv":[10.16667,2.83333,11.33333,4],"texture":"#0"},"east":{"uv":[14.5,2.83333,11.33333,4],"texture":"#0"},"south":{"uv":[10.16667,2.83333,11.33333,4],"texture":"#0"},"west":{"uv":[10.16667,2.83333,7,4],"texture":"#0"},"up":{"uv":[9.5,4,10.66667,7.16667],"texture":"#0"},"down":{"uv":[10.66667,4,11.83333,7.16667],"texture":"#0"}}},{"from":[6,13.25,-4],"to":[9.5,20.25,-0.5],"rotation":{"angle":0,"axis":"x","origin":[8,12,2]},"faces":{"north":{"uv":[5.83333,1.16667,4.66667,3.5],"texture":"#0"},"east":{"uv":[3.5,1.16667,4.66667,3.5],"texture":"#0"},"south":{"uv":[5.83333,1.16667,7,3.5],"texture":"#0"},"west":{"uv":[4.66667,1.16667,3.5,3.5],"texture":"#0"},"up":{"uv":[4.66667,1.16667,5.83333,0],"texture":"#0"},"down":{"uv":[4.66667,0,5.83333,1.16667],"texture":"#0"}}},{"from":[11.92893,18.58579,-1.75],"to":[12.42893,20.08579,-0.75],"rotation":{"angle":45,"axis":"z","origin":[8,12,2]},"faces":{"north":{"uv":[2.83333,0.33333,3,0.83333],"texture":"#0"},"east":{"uv":[3.33333,0.83333,3,0.33333],"texture":"#0"},"south":{"uv":[3.5,0.83333,3.33333,0.33333],"texture":"#0"},"west":{"uv":[3.5,0.83333,3.83333,0.33333],"texture":"#0"},"up":{"uv":[2.83333,0.66667,2.5,0.83333],"rotation":90,"texture":"#0"},"down":{"uv":[3.83333,0.66667,4.16667,0.83333],"rotation":90,"texture":"#0"}}},{"from":[3.21396,18.22868,-1.75],"to":[3.71396,19.72868,-0.75],"rotation":{"angle":-45,"axis":"z","origin":[8,12,2]},"faces":{"north":{"uv":[2.83333,0.33333,3,0.83333],"texture":"#0"},"east":{"uv":[3.83333,0.83333,3.5,0.33333],"texture":"#0"},"south":{"uv":[3.5,0.83333,3.33333,0.33333],"texture":"#0"},"west":{"uv":[3,0.83333,3.33333,0.33333],"texture":"#0"},"up":{"uv":[2.83333,0.66667,2.5,0.83333],"rotation":90,"texture":"#0"},"down":{"uv":[3.83333,0.66667,4.16667,0.83333],"rotation":90,"texture":"#0"}}},{"from":[6.5,17.75,-7],"to":[9,20.25,-4],"rotation":{"angle":0,"axis":"x","origin":[8,12,2]},"faces":{"north":{"uv":[1,7.83333,1.83333,8.66667],"texture":"#0"},"east":{"uv":[0,7.83333,1,8.66667],"texture":"#0"},"south":{"uv":[1,7.83333,1.83333,8.66667],"texture":"#0"},"west":{"uv":[1,7.83333,0,8.66667],"texture":"#0"},"up":{"uv":[1,7.83333,1.83333,6.83333],"texture":"#0"},"down":{"uv":[1.83333,6.83333,2.66667,7.83333],"texture":"#0"}}},{"from":[4.25,9,1.5],"to":[11.5,14,14],"rotation":{"angle":0,"axis":"y","origin":[0,7,1]},"faces":{"north":{"uv":[4.5,8.66667,7,10.66667],"texture":"#0"},"east":{"uv":[0,8.66667,4.5,10.66667],"texture":"#0"},"south":{"uv":[7,8.66667,9.5,10.66667],"texture":"#0"},"west":{"uv":[4.5,8.66667,0,10.66667],"texture":"#0"},"up":{"uv":[4.5,8.66667,7,4.16667],"texture":"#0"},"down":{"uv":[7,4.16667,9.5,8.66667],"texture":"#0"}}},{"from":[4.25,0,2],"to":[6.75,9,4.5],"rotation":{"angle":0,"axis":"y","origin":[0,7,1]},"faces":{"north":{"uv":[0.83333,0.83333,1.66667,4.33333],"texture":"#0"},"east":{"uv":[0,0.83333,0.83333,4.33333],"texture":"#0"},"south":{"uv":[2.5,0.83333,3.33333,4.33333],"texture":"#0"},"west":{"uv":[1.66667,0.83333,2.5,4.33333],"texture":"#0"},"up":{"uv":[0.83333,0,1.66667,0.83333],"texture":"#0"},"down":{"uv":[1.66667,0,2.5,0.83333],"texture":"#0"}}},{"from":[9,0,2],"to":[11.5,9,4.5],"rotation":{"angle":0,"axis":"y","origin":[0,7,1]},"faces":{"north":{"uv":[1.66667,0.83333,0.83333,4.33333],"texture":"#0"},"east":{"uv":[2.5,0.83333,1.66667,4.33333],"texture":"#0"},"south":{"uv":[3.33333,0.83333,2.5,4.33333],"texture":"#0"},"west":{"uv":[0.83333,0.83333,0,4.33333],"texture":"#0"},"up":{"uv":[0.83333,0,1.66667,0.83333],"texture":"#0"},"down":{"uv":[1.66667,0,2.5,0.83333],"texture":"#0"}}},{"from":[4.25,0,11],"to":[6.75,9,13.5],"rotation":{"angle":0,"axis":"y","origin":[0,7,1]},"faces":{"north":{"uv":[0.83333,0.83333,1.66667,4.33333],"texture":"#0"},"east":{"uv":[0,0.83333,0.83333,4.33333],"texture":"#0"},"south":{"uv":[2.5,0.83333,3.33333,4.33333],"texture":"#0"},"west":{"uv":[1.66667,0.83333,2.5,4.33333],"texture":"#0"},"up":{"uv":[0.83333,0,1.66667,0.83333],"texture":"#0"},"down":{"uv":[1.66667,0,2.5,0.83333],"texture":"#0"}}},{"from":[9,0,11],"to":[11.5,9,13.5],"rotation":{"angle":0,"axis":"y","origin":[0,7,1]},"faces":{"north":{"uv":[1.66667,0.83333,0.83333,4.33333],"texture":"#0"},"east":{"uv":[2.5,0.83333,1.66667,4.33333],"texture":"#0"},"south":{"uv":[3.33333,0.83333,2.5,4.33333],"texture":"#0"},"west":{"uv":[0.83333,0.83333,0,4.33333],"texture":"#0"},"up":{"uv":[0.83333,0,1.66667,0.83333],"texture":"#0"},"down":{"uv":[1.66667,0,2.5,0.83333],"texture":"#0"}}},{"from":[5.63,14,5.25],"to":[10.13,16.5,10.75],"rotation":{"angle":0,"axis":"y","origin":[0,0,1]},"faces":{"north":{"uv":[8.83333,1.83333,10.33333,2.66667],"texture":"#0"},"east":{"uv":[10.33333,1.83333,12.16667,2.66667],"texture":"#0"},"south":{"uv":[12.16667,1.83333,13.66667,2.66667],"texture":"#0"},"west":{"uv":[7,1.83333,8.83333,2.66667],"texture":"#0"},"up":{"uv":[8.83333,0,10.33333,1.83333],"texture":"#0"},"down":{"uv":[8.83333,0,10.33333,1.83333],"texture":"#0"}}},{"from":[7.13,5.72116,14.04535],"to":[8.63,12.72116,14.04535],"rotation":{"angle":-22.5,"axis":"z","origin":[7.75,12.75,14]},"faces":{"north":{"uv":[0,4.33333,0.5,6.66667],"texture":"#1"},"east":{"uv":[0,0,0,2],"texture":"#1"},"south":{"uv":[0,4.33333,0.5,6.66667],"texture":"#1"},"west":{"uv":[0,0,0,2],"texture":"#1"},"up":{"uv":[0,0,0.5,0],"texture":"#1"},"down":{"uv":[0,0,0.5,0],"texture":"#1"}}},{"from":[6.012,9.75,-4],"to":[9.512,13.25,5.5],"rotation":{"angle":0,"axis":"x","origin":[8,12,2]},"faces":{"north":{"uv":[10.16667,2.83333,11.33333,4],"texture":"#1"},"east":{"uv":[14.5,2.83333,11.33333,4],"texture":"#1"},"south":{"uv":[10.16667,2.83333,11.33333,4],"texture":"#1"},"west":{"uv":[10.16667,2.83333,7,4],"texture":"#1"},"up":{"uv":[9.5,4,10.66667,7.16667],"texture":"#1"},"down":{"uv":[10.66667,4,11.83333,7.16667],"texture":"#1"}}},{"from":[6,13.25,-4],"to":[9.5,20.25,-0.5],"rotation":{"angle":0,"axis":"x","origin":[8,12,2]},"faces":{"north":{"uv":[5.83333,1.16667,4.66667,3.5],"texture":"#1"},"east":{"uv":[3.5,1.16667,4.66667,3.5],"texture":"#1"},"south":{"uv":[5.83333,1.16667,7,3.5],"texture":"#1"},"west":{"uv":[4.66667,1.16667,3.5,3.5],"texture":"#1"},"up":{"uv":[4.66667,1.16667,5.83333,0],"texture":"#1"},"down":{"uv":[4.66667,0,5.83333,1.16667],"texture":"#1"}}},{"from":[4.5585,19.61307,-1.75],"to":[6.0585,20.11307,-0.75],"rotation":{"angle":-22.5,"axis":"z","origin":[6,19.75,-1]},"faces":{"north":{"uv":[2.83333,0.33333,3,0.83333],"rotation":90,"texture":"#1"},"east":{"uv":[3.83333,0.66667,4.16667,0.83333],"texture":"#1"},"south":{"uv":[3.5,0.83333,3.33333,0.33333],"rotation":270,"texture":"#1"},"west":{"uv":[2.83333,0.66667,2.5,0.83333],"texture":"#1"},"up":{"uv":[3.33333,0.83333,3,0.33333],"rotation":270,"texture":"#1"},"down":{"uv":[3.5,0.83333,3.83333,0.33333],"rotation":270,"texture":"#1"}}},{"from":[9.36472,19.43984,-1.75],"to":[10.86472,19.93984,-0.75],"rotation":{"angle":22.5,"axis":"z","origin":[9.25,19.75,-1]},"faces":{"north":{"uv":[2.83333,0.33333,3,0.83333],"rotation":270,"texture":"#1"},"east":{"uv":[2.83333,0.66667,2.5,0.83333],"rotation":180,"texture":"#1"},"south":{"uv":[3.5,0.83333,3.33333,0.33333],"rotation":90,"texture":"#1"},"west":{"uv":[3.83333,0.66667,4.16667,0.83333],"rotation":180,"texture":"#1"},"up":{"uv":[3,0.83333,3.33333,0.33333],"rotation":90,"texture":"#1"},"down":{"uv":[3.83333,0.83333,3.5,0.33333],"rotation":90,"texture":"#1"}}},{"from":[6.5,17.75,-7],"to":[9,20.25,-4],"rotation":{"angle":0,"axis":"x","origin":[8,12,2]},"faces":{"north":{"uv":[1,7.83333,1.83333,8.66667],"texture":"#1"},"east":{"uv":[0,7.83333,1,8.66667],"texture":"#1"},"south":{"uv":[1,7.83333,1.83333,8.66667],"texture":"#1"},"west":{"uv":[1,7.83333,0,8.66667],"texture":"#1"},"up":{"uv":[1,7.83333,1.83333,6.83333],"texture":"#1"},"down":{"uv":[1.83333,6.83333,2.66667,7.83333],"texture":"#1"}}},{"from":[4.25,9,1.5],"to":[11.5,14,14],"rotation":{"angle":0,"axis":"x","origin":[0,7,1]},"faces":{"north":{"uv":[4.5,8.66667,7,10.66667],"texture":"#1"},"east":{"uv":[0,8.66667,4.5,10.66667],"texture":"#1"},"south":{"uv":[7,8.66667,9.5,10.66667],"texture":"#1"},"west":{"uv":[4.5,8.66667,0,10.66667],"texture":"#1"},"up":{"uv":[4.5,8.66667,7,4.16667],"texture":"#1"},"down":{"uv":[7,4.16667,9.5,8.66667],"texture":"#1"}}},{"from":[4.25,0,2],"to":[6.75,9,4.5],"rotation":{"angle":0,"axis":"x","origin":[0,7,1]},"faces":{"north":{"uv":[0.83333,0.83333,1.66667,4.33333],"texture":"#1"},"east":{"uv":[0,0.83333,0.83333,4.33333],"texture":"#1"},"south":{"uv":[2.5,0.83333,3.33333,4.33333],"texture":"#1"},"west":{"uv":[1.66667,0.83333,2.5,4.33333],"texture":"#1"},"up":{"uv":[0.83333,0,1.66667,0.83333],"texture":"#1"},"down":{"uv":[1.66667,0,2.5,0.83333],"texture":"#1"}}},{"from":[9,0,2],"to":[11.5,9,4.5],"rotation":{"angle":0,"axis":"x","origin":[0,7,1]},"faces":{"north":{"uv":[1.66667,0.83333,0.83333,4.33333],"texture":"#1"},"east":{"uv":[2.5,0.83333,1.66667,4.33333],"texture":"#1"},"south":{"uv":[3.33333,0.83333,2.5,4.33333],"texture":"#1"},"west":{"uv":[0.83333,0.83333,0,4.33333],"texture":"#1"},"up":{"uv":[0.83333,0,1.66667,0.83333],"texture":"#1"},"down":{"uv":[1.66667,0,2.5,0.83333],"texture":"#1"}}},{"from":[4.25,0,11],"to":[6.75,9,13.5],"rotation":{"angle":0,"axis":"x","origin":[0,7,1]},"faces":{"north":{"uv":[0.83333,0.83333,1.66667,4.33333],"texture":"#1"},"east":{"uv":[0,0.83333,0.83333,4.33333],"texture":"#1"},"south":{"uv":[2.5,0.83333,3.33333,4.33333],"texture":"#1"},"west":{"uv":[1.66667,0.83333,2.5,4.33333],"texture":"#1"},"up":{"uv":[0.83333,0,1.66667,0.83333],"texture":"#1"},"down":{"uv":[1.66667,0,2.5,0.83333],"texture":"#1"}}},{"from":[9,0,11],"to":[11.5,9,13.5],"rotation":{"angle":0,"axis":"x","origin":[0,7,1]},"faces":{"north":{"uv":[1.66667,0.83333,0.83333,4.33333],"texture":"#1"},"east":{"uv":[2.5,0.83333,1.66667,4.33333],"texture":"#1"},"south":{"uv":[3.33333,0.83333,2.5,4.33333],"texture":"#1"},"west":{"uv":[0.83333,0.83333,0,4.33333],"texture":"#1"},"up":{"uv":[0.83333,0,1.66667,0.83333],"texture":"#1"},"down":{"uv":[1.66667,0,2.5,0.83333],"texture":"#1"}}},{"from":[5.63,14,5.25],"to":[10.13,16.5,10.75],"rotation":{"angle":0,"axis":"x","origin":[0,0,1]},"faces":{"north":{"uv":[8.83333,1.83333,10.33333,2.66667],"texture":"#1"},"east":{"uv":[10.33333,1.83333,12.16667,2.66667],"texture":"#1"},"south":{"uv":[12.16667,1.83333,13.66667,2.66667],"texture":"#1"},"west":{"uv":[7,1.83333,8.83333,2.66667],"texture":"#1"},"up":{"uv":[8.83333,0,10.33333,1.83333],"texture":"#1"},"down":{"uv":[8.83333,0,10.33333,1.83333],"texture":"#1"}}},{"from":[7.13,5.72116,14.04535],"to":[8.63,12.72116,14.04535],"rotation":{"angle":-22.5,"axis":"x","origin":[7.75,12.75,14]},"faces":{"north":{"uv":[0,4.33333,0.5,6.66667],"texture":"#2"},"east":{"uv":[0,0,0,2],"texture":"#2"},"south":{"uv":[0,4.33333,0.5,6.66667],"texture":"#2"},"west":{"uv":[0,0,0,2],"texture":"#2"},"up":{"uv":[0,0,0.5,0],"texture":"#2"},"down":{"uv":[0,0,0.5,0],"texture":"#2"}}},{"from":[6.012,9.75,-4],"to":[9.512,13.25,5.5],"rotation":{"angle":0,"axis":"x","origin":[8,12,2]},"faces":{"north":{"uv":[10.16667,2.83333,11.33333,4],"texture":"#2"},"east":{"uv":[14.5,2.83333,11.33333,4],"texture":"#2"},"south":{"uv":[10.16667,2.83333,11.33333,4],"texture":"#2"},"west":{"uv":[10.16667,2.83333,7,4],"texture":"#2"},"up":{"uv":[9.5,4,10.66667,7.16667],"texture":"#2"},"down":{"uv":[10.66667,4,11.83333,7.16667],"texture":"#2"}}},{"from":[6,13.25,-4],"to":[9.5,20.25,-0.5],"rotation":{"angle":0,"axis":"x","origin":[8,12,2]},"faces":{"north":{"uv":[5.83333,1.16667,4.66667,3.5],"texture":"#2"},"east":{"uv":[3.5,1.16667,4.66667,3.5],"texture":"#2"},"south":{"uv":[5.83333,1.16667,7,3.5],"texture":"#2"},"west":{"uv":[4.66667,1.16667,3.5,3.5],"texture":"#2"},"up":{"uv":[4.66667,1.16667,5.83333,0],"texture":"#2"},"down":{"uv":[4.66667,0,5.83333,1.16667],"texture":"#2"}}},{"from":[6.5,17.75,-7],"to":[9,20.25,-4],"rotation":{"angle":0,"axis":"x","origin":[8,12,2]},"faces":{"north":{"uv":[1,7.83333,1.83333,8.66667],"texture":"#2"},"east":{"uv":[0,7.83333,1,8.66667],"texture":"#2"},"south":{"uv":[1,7.83333,1.83333,8.66667],"texture":"#2"},"west":{"uv":[1,7.83333,0,8.66667],"texture":"#2"},"up":{"uv":[1,7.83333,1.83333,6.83333],"texture":"#2"},"down":{"uv":[1.83333,6.83333,2.66667,7.83333],"texture":"#2"}}},{"from":[4.5585,19.61307,-1.75],"to":[6.0585,20.11307,-0.75],"rotation":{"angle":22.5,"axis":"z","origin":[6,19.75,-1]},"faces":{"north":{"uv":[2.83333,0.33333,3,0.83333],"rotation":90,"texture":"#2"},"east":{"uv":[3.83333,0.66667,4.16667,0.83333],"texture":"#2"},"south":{"uv":[3.5,0.83333,3.33333,0.33333],"rotation":270,"texture":"#2"},"west":{"uv":[2.83333,0.66667,2.5,0.83333],"texture":"#2"},"up":{"uv":[3.33333,0.83333,3,0.33333],"rotation":270,"texture":"#2"},"down":{"uv":[3.5,0.83333,3.83333,0.33333],"rotation":270,"texture":"#2"}}},{"from":[9.36472,19.75,-1.75],"to":[10.86472,20.25,-0.75],"rotation":{"angle":-22.5,"axis":"z","origin":[9.25,19.75,-1]},"faces":{"north":{"uv":[2.83333,0.33333,3,0.83333],"rotation":270,"texture":"#2"},"east":{"uv":[2.83333,0.66667,2.5,0.83333],"rotation":180,"texture":"#2"},"south":{"uv":[3.5,0.83333,3.33333,0.33333],"rotation":90,"texture":"#2"},"west":{"uv":[3.83333,0.66667,4.16667,0.83333],"rotation":180,"texture":"#2"},"up":{"uv":[3,0.83333,3.33333,0.33333],"rotation":90,"texture":"#2"},"down":{"uv":[3.83333,0.83333,3.5,0.33333],"rotation":90,"texture":"#2"}}},{"from":[4.25,9,1.5],"to":[11.5,14,14],"rotation":{"angle":0,"axis":"y","origin":[0,7,1]},"faces":{"north":{"uv":[4.5,8.66667,7,10.66667],"texture":"#2"},"east":{"uv":[0,8.66667,4.5,10.66667],"texture":"#2"},"south":{"uv":[7,8.66667,9.5,10.66667],"texture":"#2"},"west":{"uv":[4.5,8.66667,0,10.66667],"texture":"#2"},"up":{"uv":[4.5,8.66667,7,4.16667],"texture":"#2"},"down":{"uv":[7,4.16667,9.5,8.66667],"texture":"#2"}}},{"from":[4.25,0,2],"to":[6.75,9,4.5],"rotation":{"angle":0,"axis":"y","origin":[0,7,1]},"faces":{"north":{"uv":[0.83333,0.83333,1.66667,4.33333],"texture":"#2"},"east":{"uv":[0,0.83333,0.83333,4.33333],"texture":"#2"},"south":{"uv":[2.5,0.83333,3.33333,4.33333],"texture":"#2"},"west":{"uv":[1.66667,0.83333,2.5,4.33333],"texture":"#2"},"up":{"uv":[0.83333,0,1.66667,0.83333],"texture":"#2"},"down":{"uv":[1.66667,0,2.5,0.83333],"texture":"#2"}}},{"from":[9,0,2],"to":[11.5,9,4.5],"rotation":{"angle":0,"axis":"y","origin":[0,7,1]},"faces":{"north":{"uv":[1.66667,0.83333,0.83333,4.33333],"texture":"#2"},"east":{"uv":[2.5,0.83333,1.66667,4.33333],"texture":"#2"},"south":{"uv":[3.33333,0.83333,2.5,4.33333],"texture":"#2"},"west":{"uv":[0.83333,0.83333,0,4.33333],"texture":"#2"},"up":{"uv":[0.83333,0,1.66667,0.83333],"texture":"#2"},"down":{"uv":[1.66667,0,2.5,0.83333],"texture":"#2"}}},{"from":[4.25,0,11],"to":[6.75,9,13.5],"rotation":{"angle":0,"axis":"y","origin":[0,7,1]},"faces":{"north":{"uv":[0.83333,0.83333,1.66667,4.33333],"texture":"#2"},"east":{"uv":[0,0.83333,0.83333,4.33333],"texture":"#2"},"south":{"uv":[2.5,0.83333,3.33333,4.33333],"texture":"#2"},"west":{"uv":[1.66667,0.83333,2.5,4.33333],"texture":"#2"},"up":{"uv":[0.83333,0,1.66667,0.83333],"texture":"#2"},"down":{"uv":[1.66667,0,2.5,0.83333],"texture":"#2"}}},{"from":[9,0,11],"to":[11.5,9,13.5],"rotation":{"angle":0,"axis":"y","origin":[0,7,1]},"faces":{"north":{"uv":[1.66667,0.83333,0.83333,4.33333],"texture":"#2"},"east":{"uv":[2.5,0.83333,1.66667,4.33333],"texture":"#2"},"south":{"uv":[3.33333,0.83333,2.5,4.33333],"texture":"#2"},"west":{"uv":[0.83333,0.83333,0,4.33333],"texture":"#2"},"up":{"uv":[0.83333,0,1.66667,0.83333],"texture":"#2"},"down":{"uv":[1.66667,0,2.5,0.83333],"texture":"#2"}}},{"from":[5.63,14,5.25],"to":[10.13,16.5,10.75],"rotation":{"angle":0,"axis":"y","origin":[0,0,1]},"faces":{"north":{"uv":[8.83333,1.83333,10.33333,2.66667],"texture":"#2"},"east":{"uv":[10.33333,1.83333,12.16667,2.66667],"texture":"#2"},"south":{"uv":[12.16667,1.83333,13.66667,2.66667],"texture":"#2"},"west":{"uv":[7,1.83333,8.83333,2.66667],"texture":"#2"},"up":{"uv":[8.83333,0,10.33333,1.83333],"texture":"#2"},"down":{"uv":[8.83333,0,10.33333,1.83333],"texture":"#2"}}},{"from":[7.13,5.72116,14.04535],"to":[8.63,12.72116,14.04535],"rotation":{"angle":22.5,"axis":"z","origin":[7.75,12.75,14]},"faces":{"north":{"uv":[0,4.33333,0.5,6.66667],"texture":"#3"},"east":{"uv":[0,0,0,2],"texture":"#3"},"south":{"uv":[0,4.33333,0.5,6.66667],"texture":"#3"},"west":{"uv":[0,0,0,2],"texture":"#3"},"up":{"uv":[0,0,0.5,0],"texture":"#3"},"down":{"uv":[0,0,0.5,0],"texture":"#3"}}},{"from":[6.012,9.75,-4],"to":[9.512,13.25,5.5],"rotation":{"angle":0,"axis":"x","origin":[8,12,2]},"faces":{"north":{"uv":[10.16667,2.83333,11.33333,4],"texture":"#3"},"east":{"uv":[14.5,2.83333,11.33333,4],"texture":"#3"},"south":{"uv":[10.16667,2.83333,11.33333,4],"texture":"#3"},"west":{"uv":[10.16667,2.83333,7,4],"texture":"#3"},"up":{"uv":[9.5,4,10.66667,7.16667],"texture":"#3"},"down":{"uv":[10.66667,4,11.83333,7.16667],"texture":"#3"}}},{"from":[6,13.25,-4],"to":[9.5,20.25,-0.5],"rotation":{"angle":0,"axis":"x","origin":[8,12,2]},"faces":{"north":{"uv":[5.83333,1.16667,4.66667,3.5],"texture":"#3"},"east":{"uv":[3.5,1.16667,4.66667,3.5],"texture":"#3"},"south":{"uv":[5.83333,1.16667,7,3.5],"texture":"#3"},"west":{"uv":[4.66667,1.16667,3.5,3.5],"texture":"#3"},"up":{"uv":[4.66667,1.16667,5.83333,0],"texture":"#3"},"down":{"uv":[4.66667,0,5.83333,1.16667],"texture":"#3"}}},{"from":[6.5,17.75,-7],"to":[9,20.25,-4],"rotation":{"angle":0,"axis":"x","origin":[8,12,2]},"faces":{"north":{"uv":[1,7.83333,1.83333,8.66667],"texture":"#3"},"east":{"uv":[0,7.83333,1,8.66667],"texture":"#3"},"south":{"uv":[1,7.83333,1.83333,8.66667],"texture":"#3"},"west":{"uv":[1,7.83333,0,8.66667],"texture":"#3"},"up":{"uv":[1,7.83333,1.83333,6.83333],"texture":"#3"},"down":{"uv":[1.83333,6.83333,2.66667,7.83333],"texture":"#3"}}},{"from":[4.5585,19.61307,-1.75],"to":[6.0585,20.11307,-0.75],"rotation":{"angle":-22.5,"axis":"z","origin":[6,19.75,-1]},"faces":{"north":{"uv":[2.83333,0.33333,3,0.83333],"rotation":90,"texture":"#3"},"east":{"uv":[3.83333,0.66667,4.16667,0.83333],"texture":"#3"},"south":{"uv":[3.5,0.83333,3.33333,0.33333],"rotation":270,"texture":"#3"},"west":{"uv":[2.83333,0.66667,2.5,0.83333],"texture":"#3"},"up":{"uv":[3.33333,0.83333,3,0.33333],"rotation":270,"texture":"#3"},"down":{"uv":[3.5,0.83333,3.83333,0.33333],"rotation":270,"texture":"#3"}}},{"from":[9.36472,19.43984,-1.75],"to":[10.86472,19.93984,-0.75],"rotation":{"angle":22.5,"axis":"z","origin":[9.25,19.75,-1]},"faces":{"north":{"uv":[2.83333,0.33333,3,0.83333],"rotation":270,"texture":"#3"},"east":{"uv":[2.83333,0.66667,2.5,0.83333],"rotation":180,"texture":"#3"},"south":{"uv":[3.5,0.83333,3.33333,0.33333],"rotation":90,"texture":"#3"},"west":{"uv":[3.83333,0.66667,4.16667,0.83333],"rotation":180,"texture":"#3"},"up":{"uv":[3,0.83333,3.33333,0.33333],"rotation":90,"texture":"#3"},"down":{"uv":[3.83333,0.83333,3.5,0.33333],"rotation":90,"texture":"#3"}}},{"from":[4.25,9,1.5],"to":[11.5,14,14],"rotation":{"angle":0,"axis":"y","origin":[0,7,1]},"faces":{"north":{"uv":[4.5,8.66667,7,10.66667],"texture":"#3"},"east":{"uv":[0,8.66667,4.5,10.66667],"texture":"#3"},"south":{"uv":[7,8.66667,9.5,10.66667],"texture":"#3"},"west":{"uv":[4.5,8.66667,0,10.66667],"texture":"#3"},"up":{"uv":[4.5,8.66667,7,4.16667],"texture":"#3"},"down":{"uv":[7,4.16667,9.5,8.66667],"texture":"#3"}}},{"from":[4.25,0,2],"to":[6.75,9,4.5],"rotation":{"angle":0,"axis":"y","origin":[0,7,1]},"faces":{"north":{"uv":[0.83333,0.83333,1.66667,4.33333],"texture":"#3"},"east":{"uv":[0,0.83333,0.83333,4.33333],"texture":"#3"},"south":{"uv":[2.5,0.83333,3.33333,4.33333],"texture":"#3"},"west":{"uv":[1.66667,0.83333,2.5,4.33333],"texture":"#3"},"up":{"uv":[0.83333,0,1.66667,0.83333],"texture":"#3"},"down":{"uv":[1.66667,0,2.5,0.83333],"texture":"#3"}}},{"from":[9,0,2],"to":[11.5,9,4.5],"rotation":{"angle":0,"axis":"y","origin":[0,7,1]},"faces":{"north":{"uv":[1.66667,0.83333,0.83333,4.33333],"texture":"#3"},"east":{"uv":[2.5,0.83333,1.66667,4.33333],"texture":"#3"},"south":{"uv":[3.33333,0.83333,2.5,4.33333],"texture":"#3"},"west":{"uv":[0.83333,0.83333,0,4.33333],"texture":"#3"},"up":{"uv":[0.83333,0,1.66667,0.83333],"texture":"#3"},"down":{"uv":[1.66667,0,2.5,0.83333],"texture":"#3"}}},{"from":[4.25,0,11],"to":[6.75,9,13.5],"rotation":{"angle":0,"axis":"y","origin":[0,7,1]},"faces":{"north":{"uv":[0.83333,0.83333,1.66667,4.33333],"texture":"#3"},"east":{"uv":[0,0.83333,0.83333,4.33333],"texture":"#3"},"south":{"uv":[2.5,0.83333,3.33333,4.33333],"texture":"#3"},"west":{"uv":[1.66667,0.83333,2.5,4.33333],"texture":"#3"},"up":{"uv":[0.83333,0,1.66667,0.83333],"texture":"#3"},"down":{"uv":[1.66667,0,2.5,0.83333],"texture":"#3"}}},{"from":[9,0,11],"to":[11.5,9,13.5],"rotation":{"angle":0,"axis":"y","origin":[0,7,1]},"faces":{"north":{"uv":[1.66667,0.83333,0.83333,4.33333],"texture":"#3"},"east":{"uv":[2.5,0.83333,1.66667,4.33333],"texture":"#3"},"south":{"uv":[3.33333,0.83333,2.5,4.33333],"texture":"#3"},"west":{"uv":[0.83333,0.83333,0,4.33333],"texture":"#3"},"up":{"uv":[0.83333,0,1.66667,0.83333],"texture":"#3"},"down":{"uv":[1.66667,0,2.5,0.83333],"texture":"#3"}}},{"from":[5.63,14,5.25],"to":[10.13,16.5,10.75],"rotation":{"angle":0,"axis":"y","origin":[0,0,1]},"faces":{"north":{"uv":[8.83333,1.83333,10.33333,2.66667],"texture":"#3"},"east":{"uv":[10.33333,1.83333,12.16667,2.66667],"texture":"#3"},"south":{"uv":[12.16667,1.83333,13.66667,2.66667],"texture":"#3"},"west":{"uv":[7,1.83333,8.83333,2.66667],"texture":"#3"},"up":{"uv":[8.83333,0,10.33333,1.83333],"texture":"#3"},"down":{"uv":[8.83333,0,10.33333,1.83333],"texture":"#3"}}},{"from":[7.13,5.72116,14.04535],"to":[8.63,12.72116,14.04535],"rotation":{"angle":-22.5,"axis":"x","origin":[7.75,12.75,14]},"faces":{"north":{"uv":[0,4.33333,0.5,6.66667],"texture":"#4"},"east":{"uv":[0,0,0,2],"texture":"#4"},"south":{"uv":[0,4.33333,0.5,6.66667],"texture":"#4"},"west":{"uv":[0,0,0,2],"texture":"#4"},"up":{"uv":[0,0,0.5,0],"texture":"#4"},"down":{"uv":[0,0,0.5,0],"texture":"#4"}}},{"from":[6.012,9.75,-4],"to":[9.512,13.25,5.5],"rotation":{"angle":0,"axis":"x","origin":[8,12,2]},"faces":{"north":{"uv":[10.16667,2.83333,11.33333,4],"texture":"#4"},"east":{"uv":[14.5,2.83333,11.33333,4],"texture":"#4"},"south":{"uv":[10.16667,2.83333,11.33333,4],"texture":"#4"},"west":{"uv":[10.16667,2.83333,7,4],"texture":"#4"},"up":{"uv":[9.5,4,10.66667,7.16667],"texture":"#4"},"down":{"uv":[10.66667,4,11.83333,7.16667],"texture":"#4"}}},{"from":[6,13.25,-4],"to":[9.5,20.25,-0.5],"rotation":{"angle":0,"axis":"x","origin":[8,12,2]},"faces":{"north":{"uv":[5.83333,1.16667,4.66667,3.5],"texture":"#4"},"east":{"uv":[3.5,1.16667,4.66667,3.5],"texture":"#4"},"south":{"uv":[5.83333,1.16667,7,3.5],"texture":"#4"},"west":{"uv":[4.66667,1.16667,3.5,3.5],"texture":"#4"},"up":{"uv":[4.66667,1.16667,5.83333,0],"texture":"#4"},"down":{"uv":[4.66667,0,5.83333,1.16667],"texture":"#4"}}},{"from":[11.92893,18.58579,-1.75],"to":[12.42893,20.08579,-0.75],"rotation":{"angle":45,"axis":"z","origin":[8,12,2]},"faces":{"north":{"uv":[2.83333,0.33333,3,0.83333],"texture":"#4"},"east":{"uv":[3.33333,0.83333,3,0.33333],"texture":"#4"},"south":{"uv":[3.5,0.83333,3.33333,0.33333],"texture":"#4"},"west":{"uv":[3.5,0.83333,3.83333,0.33333],"texture":"#4"},"up":{"uv":[2.83333,0.66667,2.5,0.83333],"rotation":90,"texture":"#4"},"down":{"uv":[3.83333,0.66667,4.16667,0.83333],"rotation":90,"texture":"#4"}}},{"from":[3.21396,18.22868,-1.75],"to":[3.71396,19.72868,-0.75],"rotation":{"angle":-45,"axis":"z","origin":[8,12,2]},"faces":{"north":{"uv":[2.83333,0.33333,3,0.83333],"texture":"#4"},"east":{"uv":[3.83333,0.83333,3.5,0.33333],"texture":"#4"},"south":{"uv":[3.5,0.83333,3.33333,0.33333],"texture":"#4"},"west":{"uv":[3,0.83333,3.33333,0.33333],"texture":"#4"},"up":{"uv":[2.83333,0.66667,2.5,0.83333],"rotation":90,"texture":"#4"},"down":{"uv":[3.83333,0.66667,4.16667,0.83333],"rotation":90,"texture":"#4"}}},{"from":[6.5,17.75,-7],"to":[9,20.25,-4],"rotation":{"angle":0,"axis":"x","origin":[8,12,2]},"faces":{"north":{"uv":[1,7.83333,1.83333,8.66667],"texture":"#4"},"east":{"uv":[0,7.83333,1,8.66667],"texture":"#4"},"south":{"uv":[1,7.83333,1.83333,8.66667],"texture":"#4"},"west":{"uv":[1,7.83333,0,8.66667],"texture":"#4"},"up":{"uv":[1,7.83333,1.83333,6.83333],"texture":"#4"},"down":{"uv":[1.83333,6.83333,2.66667,7.83333],"texture":"#4"}}},{"from":[4.25,9,1.5],"to":[11.5,14,14],"rotation":{"angle":0,"axis":"y","origin":[0,7,1]},"faces":{"north":{"uv":[4.5,8.66667,7,10.66667],"texture":"#4"},"east":{"uv":[0,8.66667,4.5,10.66667],"texture":"#4"},"south":{"uv":[7,8.66667,9.5,10.66667],"texture":"#4"},"west":{"uv":[4.5,8.66667,0,10.66667],"texture":"#4"},"up":{"uv":[4.5,8.66667,7,4.16667],"texture":"#4"},"down":{"uv":[7,4.16667,9.5,8.66667],"texture":"#4"}}},{"from":[4.25,0,2],"to":[6.75,9,4.5],"rotation":{"angle":0,"axis":"y","origin":[0,7,1]},"faces":{"north":{"uv":[0.83333,0.83333,1.66667,4.33333],"texture":"#4"},"east":{"uv":[0,0.83333,0.83333,4.33333],"texture":"#4"},"south":{"uv":[2.5,0.83333,3.33333,4.33333],"texture":"#4"},"west":{"uv":[1.66667,0.83333,2.5,4.33333],"texture":"#4"},"up":{"uv":[0.83333,0,1.66667,0.83333],"texture":"#4"},"down":{"uv":[1.66667,0,2.5,0.83333],"texture":"#4"}}},{"from":[9,0,2],"to":[11.5,9,4.5],"rotation":{"angle":0,"axis":"y","origin":[0,7,1]},"faces":{"north":{"uv":[1.66667,0.83333,0.83333,4.33333],"texture":"#4"},"east":{"uv":[2.5,0.83333,1.66667,4.33333],"texture":"#4"},"south":{"uv":[3.33333,0.83333,2.5,4.33333],"texture":"#4"},"west":{"uv":[0.83333,0.83333,0,4.33333],"texture":"#4"},"up":{"uv":[0.83333,0,1.66667,0.83333],"texture":"#4"},"down":{"uv":[1.66667,0,2.5,0.83333],"texture":"#4"}}},{"from":[4.25,0,11],"to":[6.75,9,13.5],"rotation":{"angle":0,"axis":"y","origin":[0,7,1]},"faces":{"north":{"uv":[0.83333,0.83333,1.66667,4.33333],"texture":"#4"},"east":{"uv":[0,0.83333,0.83333,4.33333],"texture":"#4"},"south":{"uv":[2.5,0.83333,3.33333,4.33333],"texture":"#4"},"west":{"uv":[1.66667,0.83333,2.5,4.33333],"texture":"#4"},"up":{"uv":[0.83333,0,1.66667,0.83333],"texture":"#4"},"down":{"uv":[1.66667,0,2.5,0.83333],"texture":"#4"}}},{"from":[9,0,11],"to":[11.5,9,13.5],"rotation":{"angle":0,"axis":"y","origin":[0,7,1]},"faces":{"north":{"uv":[1.66667,0.83333,0.83333,4.33333],"texture":"#4"},"east":{"uv":[2.5,0.83333,1.66667,4.33333],"texture":"#4"},"south":{"uv":[3.33333,0.83333,2.5,4.33333],"texture":"#4"},"west":{"uv":[0.83333,0.83333,0,4.33333],"texture":"#4"},"up":{"uv":[0.83333,0,1.66667,0.83333],"texture":"#4"},"down":{"uv":[1.66667,0,2.5,0.83333],"texture":"#4"}}},{"from":[5.63,14,5.25],"to":[10.13,16.5,10.75],"rotation":{"angle":0,"axis":"y","origin":[0,0,1]},"faces":{"north":{"uv":[8.83333,1.83333,10.33333,2.66667],"texture":"#4"},"east":{"uv":[10.33333,1.83333,12.16667,2.66667],"texture":"#4"},"south":{"uv":[12.16667,1.83333,13.66667,2.66667],"texture":"#4"},"west":{"uv":[7,1.83333,8.83333,2.66667],"texture":"#4"},"up":{"uv":[8.83333,0,10.33333,1.83333],"texture":"#4"},"down":{"uv":[8.83333,0,10.33333,1.83333],"texture":"#4"}}},{"from":[7.13,7.22116,12.79535],"to":[8.63,14.22116,12.79535],"rotation":{"angle":-22.5,"axis":"x","origin":[7.75,12.75,14]},"faces":{"north":{"uv":[0,4.33333,0.5,6.66667],"texture":"#5"},"east":{"uv":[0,0,0,2],"texture":"#5"},"south":{"uv":[0,4.33333,0.5,6.66667],"texture":"#5"},"west":{"uv":[0,0,0,2],"texture":"#5"},"up":{"uv":[0,0,0.5,0],"texture":"#5"},"down":{"uv":[0,0,0.5,0],"texture":"#5"}}},{"from":[6.012,5.75,-4],"to":[9.512,9.25,5.5],"rotation":{"angle":0,"axis":"x","origin":[8,12,2]},"faces":{"north":{"uv":[10.16667,2.83333,11.33333,4],"texture":"#5"},"east":{"uv":[14.5,2.83333,11.33333,4],"texture":"#5"},"south":{"uv":[10.16667,2.83333,11.33333,4],"texture":"#5"},"west":{"uv":[10.16667,2.83333,7,4],"texture":"#5"},"up":{"uv":[9.5,4,10.66667,7.16667],"texture":"#5"},"down":{"uv":[10.66667,4,11.83333,7.16667],"texture":"#5"}}},{"from":[6,9.25,-4],"to":[9.5,16.25,-0.5],"rotation":{"angle":0,"axis":"x","origin":[8,12,2]},"faces":{"north":{"uv":[5.83333,1.16667,4.66667,3.5],"texture":"#5"},"east":{"uv":[3.5,1.16667,4.66667,3.5],"texture":"#5"},"south":{"uv":[5.83333,1.16667,7,3.5],"texture":"#5"},"west":{"uv":[4.66667,1.16667,3.5,3.5],"texture":"#5"},"up":{"uv":[4.66667,1.16667,5.83333,0],"texture":"#5"},"down":{"uv":[4.66667,0,5.83333,1.16667],"texture":"#5"}}},{"from":[3.21396,14.22868,-1.75],"to":[3.71396,15.72868,-0.75],"rotation":{"angle":-45,"axis":"z","origin":[8,8,2]},"faces":{"north":{"uv":[2.83333,0.33333,3,0.83333],"texture":"#5"},"east":{"uv":[3.83333,0.83333,3.5,0.33333],"texture":"#5"},"south":{"uv":[3.5,0.83333,3.33333,0.33333],"texture":"#5"},"west":{"uv":[3,0.83333,3.33333,0.33333],"texture":"#5"},"up":{"uv":[2.83333,0.66667,2.5,0.83333],"rotation":90,"texture":"#5"},"down":{"uv":[3.83333,0.66667,4.16667,0.83333],"rotation":90,"texture":"#5"}}},{"from":[11.92893,14.58579,-1.75],"to":[12.42893,16.08579,-0.75],"rotation":{"angle":45,"axis":"z","origin":[8,8,2]},"faces":{"north":{"uv":[2.83333,0.33333,3,0.83333],"texture":"#5"},"east":{"uv":[3.33333,0.83333,3,0.33333],"texture":"#5"},"south":{"uv":[3.5,0.83333,3.33333,0.33333],"texture":"#5"},"west":{"uv":[3.5,0.83333,3.83333,0.33333],"texture":"#5"},"up":{"uv":[2.83333,0.66667,2.5,0.83333],"rotation":90,"texture":"#5"},"down":{"uv":[3.83333,0.66667,4.16667,0.83333],"rotation":90,"texture":"#5"}}},{"from":[6.5,13.75,-7],"to":[9,16.25,-4],"rotation":{"angle":0,"axis":"x","origin":[8,8,2]},"faces":{"north":{"uv":[1,7.83333,1.83333,8.66667],"texture":"#5"},"east":{"uv":[0,7.83333,1,8.66667],"texture":"#5"},"south":{"uv":[1,7.83333,1.83333,8.66667],"texture":"#5"},"west":{"uv":[1,7.83333,0,8.66667],"texture":"#5"},"up":{"uv":[1,7.83333,1.83333,6.83333],"texture":"#5"},"down":{"uv":[1.83333,6.83333,2.66667,7.83333],"texture":"#5"}}},{"from":[4.25,5,1.5],"to":[11.5,10,14],"rotation":{"angle":-22.5,"axis":"x","origin":[0,7,1]},"faces":{"north":{"uv":[4.5,8.66667,7,10.66667],"texture":"#5"},"east":{"uv":[0,8.66667,4.5,10.66667],"texture":"#5"},"south":{"uv":[7,8.66667,9.5,10.66667],"texture":"#5"},"west":{"uv":[4.5,8.66667,0,10.66667],"texture":"#5"},"up":{"uv":[4.5,8.66667,7,4.16667],"texture":"#5"},"down":{"uv":[7,4.16667,9.5,8.66667],"texture":"#5"}}},{"from":[4.25,1,6],"to":[6.75,10,8.5],"rotation":{"angle":45,"axis":"x","origin":[5,9,3]},"faces":{"north":{"uv":[0.83333,0.83333,1.66667,4.33333],"texture":"#5"},"east":{"uv":[0,0.83333,0.83333,4.33333],"texture":"#5"},"south":{"uv":[2.5,0.83333,3.33333,4.33333],"texture":"#5"},"west":{"uv":[1.66667,0.83333,2.5,4.33333],"texture":"#5"},"up":{"uv":[0.83333,0,1.66667,0.83333],"texture":"#5"},"down":{"uv":[1.66667,0,2.5,0.83333],"texture":"#5"}}},{"from":[9,1,6],"to":[11.5,10,8.5],"rotation":{"angle":45,"axis":"x","origin":[10,9,3]},"faces":{"north":{"uv":[1.66667,0.83333,0.83333,4.33333],"texture":"#5"},"east":{"uv":[2.5,0.83333,1.66667,4.33333],"texture":"#5"},"south":{"uv":[3.33333,0.83333,2.5,4.33333],"texture":"#5"},"west":{"uv":[0.83333,0.83333,0,4.33333],"texture":"#5"},"up":{"uv":[0.83333,0,1.66667,0.83333],"texture":"#5"},"down":{"uv":[1.66667,0,2.5,0.83333],"texture":"#5"}}},{"from":[4.25,0,11],"to":[6.75,9,13.5],"rotation":{"angle":0,"axis":"y","origin":[6,9,12]},"faces":{"north":{"uv":[0.83333,0.83333,1.66667,4.33333],"texture":"#5"},"east":{"uv":[0,0.83333,0.83333,4.33333],"texture":"#5"},"south":{"uv":[2.5,0.83333,3.33333,4.33333],"texture":"#5"},"west":{"uv":[1.66667,0.83333,2.5,4.33333],"texture":"#5"},"up":{"uv":[0.83333,0,1.66667,0.83333],"texture":"#5"},"down":{"uv":[1.66667,0,2.5,0.83333],"texture":"#5"}}},{"from":[9,0,11],"to":[11.5,9,13.5],"rotation":{"angle":0,"axis":"y","origin":[10,9,12]},"faces":{"north":{"uv":[1.66667,0.83333,0.83333,4.33333],"texture":"#5"},"east":{"uv":[2.5,0.83333,1.66667,4.33333],"texture":"#5"},"south":{"uv":[3.33333,0.83333,2.5,4.33333],"texture":"#5"},"west":{"uv":[0.83333,0.83333,0,4.33333],"texture":"#5"},"up":{"uv":[0.83333,0,1.66667,0.83333],"texture":"#5"},"down":{"uv":[1.66667,0,2.5,0.83333],"texture":"#5"}}},{"from":[5.63,9,8],"to":[10.13,11.5,13.5],"rotation":{"angle":-22.5,"axis":"x","origin":[0,0,1]},"faces":{"north":{"uv":[8.83333,1.83333,10.33333,2.66667],"texture":"#5"},"east":{"uv":[10.33333,1.83333,12.16667,2.66667],"texture":"#5"},"south":{"uv":[12.16667,1.83333,13.66667,2.66667],"texture":"#5"},"west":{"uv":[7,1.83333,8.83333,2.66667],"texture":"#5"},"up":{"uv":[8.83333,0,10.33333,1.83333],"texture":"#5"},"down":{"uv":[8.83333,0,10.33333,1.83333],"texture":"#5"}}},{"from":[7.13,4.04535,17.52884],"to":[8.63,4.04535,24.52884],"rotation":{"angle":22.5,"axis":"x","origin":[7.75,7.75,16]},"faces":{"north":{"uv":[0,0,0.5,0],"rotation":180,"texture":"#6"},"east":{"uv":[0,0,0,2],"rotation":90,"texture":"#6"},"south":{"uv":[0,0,0.5,0],"texture":"#6"},"west":{"uv":[0,0,0,2],"rotation":270,"texture":"#6"},"up":{"uv":[0,4.33333,0.5,6.66667],"texture":"#6"},"down":{"uv":[0,4.33333,0.5,6.66667],"rotation":180,"texture":"#6"}}},{"from":[6.012,0.75,-2],"to":[9.512,4.25,7.5],"rotation":{"angle":0,"axis":"x","origin":[8,7,4]},"faces":{"north":{"uv":[10.16667,2.83333,11.33333,4],"texture":"#6"},"east":{"uv":[14.5,2.83333,11.33333,4],"texture":"#6"},"south":{"uv":[10.16667,2.83333,11.33333,4],"texture":"#6"},"west":{"uv":[10.16667,2.83333,7,4],"texture":"#6"},"up":{"uv":[9.5,4,10.66667,7.16667],"texture":"#6"},"down":{"uv":[10.66667,4,11.83333,7.16667],"texture":"#6"}}},{"from":[6,4.25,-2],"to":[9.5,11.25,1.5],"rotation":{"angle":0,"axis":"x","origin":[8,7,4]},"faces":{"north":{"uv":[5.83333,1.16667,4.66667,3.5],"texture":"#6"},"east":{"uv":[3.5,1.16667,4.66667,3.5],"texture":"#6"},"south":{"uv":[5.83333,1.16667,7,3.5],"texture":"#6"},"west":{"uv":[4.66667,1.16667,3.5,3.5],"texture":"#6"},"up":{"uv":[4.66667,1.16667,5.83333,0],"texture":"#6"},"down":{"uv":[4.66667,0,5.83333,1.16667],"texture":"#6"}}},{"from":[3.21396,9.22868,0.25],"to":[3.71396,10.72868,1.25],"rotation":{"angle":-45,"axis":"z","origin":[8,3,4]},"faces":{"north":{"uv":[2.83333,0.33333,3,0.83333],"texture":"#6"},"east":{"uv":[3.83333,0.83333,3.5,0.33333],"texture":"#6"},"south":{"uv":[3.5,0.83333,3.33333,0.33333],"texture":"#6"},"west":{"uv":[3,0.83333,3.33333,0.33333],"texture":"#6"},"up":{"uv":[2.83333,0.66667,2.5,0.83333],"rotation":90,"texture":"#6"},"down":{"uv":[3.83333,0.66667,4.16667,0.83333],"rotation":90,"texture":"#6"}}},{"from":[11.92893,9.58579,0.25],"to":[12.42893,11.08579,1.25],"rotation":{"angle":45,"axis":"z","origin":[8,3,4]},"faces":{"north":{"uv":[2.83333,0.33333,3,0.83333],"texture":"#6"},"east":{"uv":[3.33333,0.83333,3,0.33333],"texture":"#6"},"south":{"uv":[3.5,0.83333,3.33333,0.33333],"texture":"#6"},"west":{"uv":[3.5,0.83333,3.83333,0.33333],"texture":"#6"},"up":{"uv":[2.83333,0.66667,2.5,0.83333],"rotation":90,"texture":"#6"},"down":{"uv":[3.83333,0.66667,4.16667,0.83333],"rotation":90,"texture":"#6"}}},{"from":[6.5,8.75,-5],"to":[9,11.25,-2],"rotation":{"angle":0,"axis":"x","origin":[8,3,4]},"faces":{"north":{"uv":[1,7.83333,1.83333,8.66667],"texture":"#6"},"east":{"uv":[0,7.83333,1,8.66667],"texture":"#6"},"south":{"uv":[1,7.83333,1.83333,8.66667],"texture":"#6"},"west":{"uv":[1,7.83333,0,8.66667],"texture":"#6"},"up":{"uv":[1,7.83333,1.83333,6.83333],"texture":"#6"},"down":{"uv":[1.83333,6.83333,2.66667,7.83333],"texture":"#6"}}},{"from":[4.25,0,3.5],"to":[11.5,5,16],"rotation":{"angle":0,"axis":"x","origin":[0,2,3]},"faces":{"north":{"uv":[4.5,8.66667,7,10.66667],"texture":"#6"},"east":{"uv":[0,8.66667,4.5,10.66667],"texture":"#6"},"south":{"uv":[7,8.66667,9.5,10.66667],"texture":"#6"},"west":{"uv":[4.5,8.66667,0,10.66667],"texture":"#6"},"up":{"uv":[4.5,8.66667,7,4.16667],"texture":"#6"},"down":{"uv":[7,4.16667,9.5,8.66667],"texture":"#6"}}},{"from":[3.25,0,-2],"to":[5.75,2.5,7],"rotation":{"angle":22.5,"axis":"y","origin":[5,4,5]},"faces":{"north":{"uv":[1.66667,0,2.5,0.83333],"rotation":180,"texture":"#6"},"east":{"uv":[0,0.83333,0.83333,4.33333],"rotation":270,"texture":"#6"},"south":{"uv":[0.83333,0,1.66667,0.83333],"texture":"#6"},"west":{"uv":[1.66667,0.83333,2.5,4.33333],"rotation":90,"texture":"#6"},"up":{"uv":[0.83333,0.83333,1.66667,4.33333],"rotation":180,"texture":"#6"},"down":{"uv":[2.5,0.83333,3.33333,4.33333],"texture":"#6"}}},{"from":[10,0,-2],"to":[12.5,2.5,7],"rotation":{"angle":-22.5,"axis":"y","origin":[10,4,5]},"faces":{"north":{"uv":[1.66667,0,2.5,0.83333],"rotation":180,"texture":"#6"},"east":{"uv":[2.5,0.83333,1.66667,4.33333],"rotation":270,"texture":"#6"},"south":{"uv":[0.83333,0,1.66667,0.83333],"texture":"#6"},"west":{"uv":[0.83333,0.83333,0,4.33333],"rotation":90,"texture":"#6"},"up":{"uv":[1.66667,0.83333,0.83333,4.33333],"rotation":180,"texture":"#6"},"down":{"uv":[3.33333,0.83333,2.5,4.33333],"texture":"#6"}}},{"from":[3.25,0,5],"to":[5.75,2.5,14],"rotation":{"angle":22.5,"axis":"y","origin":[6,4,14]},"faces":{"north":{"uv":[1.66667,0,2.5,0.83333],"rotation":180,"texture":"#6"},"east":{"uv":[0,0.83333,0.83333,4.33333],"rotation":270,"texture":"#6"},"south":{"uv":[0.83333,0,1.66667,0.83333],"texture":"#6"},"west":{"uv":[1.66667,0.83333,2.5,4.33333],"rotation":90,"texture":"#6"},"up":{"uv":[0.83333,0.83333,1.66667,4.33333],"rotation":180,"texture":"#6"},"down":{"uv":[2.5,0.83333,3.33333,4.33333],"texture":"#6"}}},{"from":[10,0,5.25],"to":[12.5,2.5,14.25],"rotation":{"angle":-22.5,"axis":"y","origin":[10,4,14]},"faces":{"north":{"uv":[1.66667,0,2.5,0.83333],"rotation":180,"texture":"#6"},"east":{"uv":[2.5,0.83333,1.66667,4.33333],"rotation":270,"texture":"#6"},"south":{"uv":[0.83333,0,1.66667,0.83333],"texture":"#6"},"west":{"uv":[0.83333,0.83333,0,4.33333],"rotation":90,"texture":"#6"},"up":{"uv":[1.66667,0.83333,0.83333,4.33333],"rotation":180,"texture":"#6"},"down":{"uv":[3.33333,0.83333,2.5,4.33333],"texture":"#6"}}},{"from":[5.63,5,7.25],"to":[10.13,7.5,12.75],"rotation":{"angle":0,"axis":"x","origin":[0,-5,3]},"faces":{"north":{"uv":[8.83333,1.83333,10.33333,2.66667],"texture":"#6"},"east":{"uv":[10.33333,1.83333,12.16667,2.66667],"texture":"#6"},"south":{"uv":[12.16667,1.83333,13.66667,2.66667],"texture":"#6"},"west":{"uv":[7,1.83333,8.83333,2.66667],"texture":"#6"},"up":{"uv":[8.83333,0,10.33333,1.83333],"texture":"#6"},"down":{"uv":[8.83333,0,10.33333,1.83333],"texture":"#6"}}},{"from":[7.13,4.04535,17.52884],"to":[8.63,4.04535,24.52884],"rotation":{"angle":22.5,"axis":"x","origin":[7.75,7.75,16]},"faces":{"north":{"uv":[0,0,0.5,0],"rotation":180,"texture":"#7"},"east":{"uv":[0,0,0,2],"rotation":90,"texture":"#7"},"south":{"uv":[0,0,0.5,0],"texture":"#7"},"west":{"uv":[0,0,0,2],"rotation":270,"texture":"#7"},"up":{"uv":[0,4.33333,0.5,6.66667],"texture":"#7"},"down":{"uv":[0,4.33333,0.5,6.66667],"rotation":180,"texture":"#7"}}},{"from":[6.012,0.75,-2],"to":[9.512,4.25,7.5],"rotation":{"angle":0,"axis":"x","origin":[8,7,4]},"faces":{"north":{"uv":[10.16667,2.83333,11.33333,4],"texture":"#7"},"east":{"uv":[14.5,2.83333,11.33333,4],"texture":"#7"},"south":{"uv":[10.16667,2.83333,11.33333,4],"texture":"#7"},"west":{"uv":[10.16667,2.83333,7,4],"texture":"#7"},"up":{"uv":[9.5,4,10.66667,7.16667],"texture":"#7"},"down":{"uv":[10.66667,4,11.83333,7.16667],"texture":"#7"}}},{"from":[6,4.25,-2],"to":[9.5,11.25,1.5],"rotation":{"angle":0,"axis":"x","origin":[8,7,4]},"faces":{"north":{"uv":[5.83333,1.16667,4.66667,3.5],"texture":"#7"},"east":{"uv":[3.5,1.16667,4.66667,3.5],"texture":"#7"},"south":{"uv":[5.83333,1.16667,7,3.5],"texture":"#7"},"west":{"uv":[4.66667,1.16667,3.5,3.5],"texture":"#7"},"up":{"uv":[4.66667,1.16667,5.83333,0],"texture":"#7"},"down":{"uv":[4.66667,0,5.83333,1.16667],"texture":"#7"}}},{"from":[3.21396,9.22868,0.25],"to":[3.71396,10.72868,1.25],"rotation":{"angle":-45,"axis":"z","origin":[8,3,4]},"faces":{"north":{"uv":[2.83333,0.33333,3,0.83333],"texture":"#7"},"east":{"uv":[3.83333,0.83333,3.5,0.33333],"texture":"#7"},"south":{"uv":[3.5,0.83333,3.33333,0.33333],"texture":"#7"},"west":{"uv":[3,0.83333,3.33333,0.33333],"texture":"#7"},"up":{"uv":[2.83333,0.66667,2.5,0.83333],"rotation":90,"texture":"#7"},"down":{"uv":[3.83333,0.66667,4.16667,0.83333],"rotation":90,"texture":"#7"}}},{"from":[11.92893,9.58579,0.25],"to":[12.42893,11.08579,1.25],"rotation":{"angle":45,"axis":"z","origin":[8,3,4]},"faces":{"north":{"uv":[2.83333,0.33333,3,0.83333],"texture":"#7"},"east":{"uv":[3.33333,0.83333,3,0.33333],"texture":"#7"},"south":{"uv":[3.5,0.83333,3.33333,0.33333],"texture":"#7"},"west":{"uv":[3.5,0.83333,3.83333,0.33333],"texture":"#7"},"up":{"uv":[2.83333,0.66667,2.5,0.83333],"rotation":90,"texture":"#7"},"down":{"uv":[3.83333,0.66667,4.16667,0.83333],"rotation":90,"texture":"#7"}}},{"from":[6.5,8.75,-5],"to":[9,11.25,-2],"rotation":{"angle":0,"axis":"x","origin":[8,3,4]},"faces":{"north":{"uv":[1,7.83333,1.83333,8.66667],"texture":"#7"},"east":{"uv":[0,7.83333,1,8.66667],"texture":"#7"},"south":{"uv":[1,7.83333,1.83333,8.66667],"texture":"#7"},"west":{"uv":[1,7.83333,0,8.66667],"texture":"#7"},"up":{"uv":[1,7.83333,1.83333,6.83333],"texture":"#7"},"down":{"uv":[1.83333,6.83333,2.66667,7.83333],"texture":"#7"}}},{"from":[4.25,0,3.5],"to":[11.5,5,16],"rotation":{"angle":0,"axis":"x","origin":[0,2,3]},"faces":{"north":{"uv":[4.5,8.66667,7,10.66667],"texture":"#7"},"east":{"uv":[0,8.66667,4.5,10.66667],"texture":"#7"},"south":{"uv":[7,8.66667,9.5,10.66667],"texture":"#7"},"west":{"uv":[4.5,8.66667,0,10.66667],"texture":"#7"},"up":{"uv":[4.5,8.66667,7,4.16667],"texture":"#7"},"down":{"uv":[7,4.16667,9.5,8.66667],"texture":"#7"}}},{"from":[3.25,0,-2],"to":[5.75,2.5,7],"rotation":{"angle":22.5,"axis":"y","origin":[5,4,5]},"faces":{"north":{"uv":[1.66667,0,2.5,0.83333],"rotation":180,"texture":"#7"},"east":{"uv":[0,0.83333,0.83333,4.33333],"rotation":270,"texture":"#7"},"south":{"uv":[0.83333,0,1.66667,0.83333],"texture":"#7"},"west":{"uv":[1.66667,0.83333,2.5,4.33333],"rotation":90,"texture":"#7"},"up":{"uv":[0.83333,0.83333,1.66667,4.33333],"rotation":180,"texture":"#7"},"down":{"uv":[2.5,0.83333,3.33333,4.33333],"texture":"#7"}}},{"from":[10,0,-2],"to":[12.5,2.5,7],"rotation":{"angle":-22.5,"axis":"y","origin":[10,4,5]},"faces":{"north":{"uv":[1.66667,0,2.5,0.83333],"rotation":180,"texture":"#7"},"east":{"uv":[2.5,0.83333,1.66667,4.33333],"rotation":270,"texture":"#7"},"south":{"uv":[0.83333,0,1.66667,0.83333],"texture":"#7"},"west":{"uv":[0.83333,0.83333,0,4.33333],"rotation":90,"texture":"#7"},"up":{"uv":[1.66667,0.83333,0.83333,4.33333],"rotation":180,"texture":"#7"},"down":{"uv":[3.33333,0.83333,2.5,4.33333],"texture":"#7"}}},{"from":[3.25,0,5],"to":[5.75,2.5,14],"rotation":{"angle":22.5,"axis":"y","origin":[6,4,14]},"faces":{"north":{"uv":[1.66667,0,2.5,0.83333],"rotation":180,"texture":"#7"},"east":{"uv":[0,0.83333,0.83333,4.33333],"rotation":270,"texture":"#7"},"south":{"uv":[0.83333,0,1.66667,0.83333],"texture":"#7"},"west":{"uv":[1.66667,0.83333,2.5,4.33333],"rotation":90,"texture":"#7"},"up":{"uv":[0.83333,0.83333,1.66667,4.33333],"rotation":180,"texture":"#7"},"down":{"uv":[2.5,0.83333,3.33333,4.33333],"texture":"#7"}}},{"from":[10,0,5.25],"to":[12.5,2.5,14.25],"rotation":{"angle":-22.5,"axis":"y","origin":[10,4,14]},"faces":{"north":{"uv":[1.66667,0,2.5,0.83333],"rotation":180,"texture":"#7"},"east":{"uv":[2.5,0.83333,1.66667,4.33333],"rotation":270,"texture":"#7"},"south":{"uv":[0.83333,0,1.66667,0.83333],"texture":"#7"},"west":{"uv":[0.83333,0.83333,0,4.33333],"rotation":90,"texture":"#7"},"up":{"uv":[1.66667,0.83333,0.83333,4.33333],"rotation":180,"texture":"#7"},"down":{"uv":[3.33333,0.83333,2.5,4.33333],"texture":"#7"}}},{"from":[5.63,5,7.25],"to":[10.13,7.5,12.75],"rotation":{"angle":0,"axis":"x","origin":[0,-5,3]},"faces":{"north":{"uv":[8.83333,1.83333,10.33333,2.66667],"texture":"#7"},"east":{"uv":[10.33333,1.83333,12.16667,2.66667],"texture":"#7"},"south":{"uv":[12.16667,1.83333,13.66667,2.66667],"texture":"#7"},"west":{"uv":[7,1.83333,8.83333,2.66667],"texture":"#7"},"up":{"uv":[8.83333,0,10.33333,1.83333],"texture":"#7"},"down":{"uv":[8.83333,0,10.33333,1.83333],"texture":"#7"}}},{"from":[7.13,4.04535,17.52884],"to":[8.63,4.04535,24.52884],"rotation":{"angle":22.5,"axis":"x","origin":[7.75,7.75,16]},"faces":{"north":{"uv":[0,0,0.5,0],"rotation":180,"texture":"#8"},"east":{"uv":[0,0,0,2],"rotation":90,"texture":"#8"},"south":{"uv":[0,0,0.5,0],"texture":"#8"},"west":{"uv":[0,0,0,2],"rotation":270,"texture":"#8"},"up":{"uv":[0,4.33333,0.5,6.66667],"texture":"#8"},"down":{"uv":[0,4.33333,0.5,6.66667],"rotation":180,"texture":"#8"}}},{"from":[6.012,0.75,-2],"to":[9.512,4.25,7.5],"rotation":{"angle":0,"axis":"x","origin":[8,7,4]},"faces":{"north":{"uv":[10.16667,2.83333,11.33333,4],"texture":"#8"},"east":{"uv":[14.5,2.83333,11.33333,4],"texture":"#8"},"south":{"uv":[10.16667,2.83333,11.33333,4],"texture":"#8"},"west":{"uv":[10.16667,2.83333,7,4],"texture":"#8"},"up":{"uv":[9.5,4,10.66667,7.16667],"texture":"#8"},"down":{"uv":[10.66667,4,11.83333,7.16667],"texture":"#8"}}},{"from":[6,4.25,-2],"to":[9.5,11.25,1.5],"rotation":{"angle":0,"axis":"x","origin":[8,7,4]},"faces":{"north":{"uv":[5.83333,1.16667,4.66667,3.5],"texture":"#8"},"east":{"uv":[3.5,1.16667,4.66667,3.5],"texture":"#8"},"south":{"uv":[5.83333,1.16667,7,3.5],"texture":"#8"},"west":{"uv":[4.66667,1.16667,3.5,3.5],"texture":"#8"},"up":{"uv":[4.66667,1.16667,5.83333,0],"texture":"#8"},"down":{"uv":[4.66667,0,5.83333,1.16667],"texture":"#8"}}},{"from":[3.21396,9.22868,0.25],"to":[3.71396,10.72868,1.25],"rotation":{"angle":-45,"axis":"z","origin":[8,3,4]},"faces":{"north":{"uv":[2.83333,0.33333,3,0.83333],"texture":"#8"},"east":{"uv":[3.83333,0.83333,3.5,0.33333],"texture":"#8"},"south":{"uv":[3.5,0.83333,3.33333,0.33333],"texture":"#8"},"west":{"uv":[3,0.83333,3.33333,0.33333],"texture":"#8"},"up":{"uv":[2.83333,0.66667,2.5,0.83333],"rotation":90,"texture":"#8"},"down":{"uv":[3.83333,0.66667,4.16667,0.83333],"rotation":90,"texture":"#8"}}},{"from":[11.92893,9.58579,0.25],"to":[12.42893,11.08579,1.25],"rotation":{"angle":45,"axis":"z","origin":[8,3,4]},"faces":{"north":{"uv":[2.83333,0.33333,3,0.83333],"texture":"#8"},"east":{"uv":[3.33333,0.83333,3,0.33333],"texture":"#8"},"south":{"uv":[3.5,0.83333,3.33333,0.33333],"texture":"#8"},"west":{"uv":[3.5,0.83333,3.83333,0.33333],"texture":"#8"},"up":{"uv":[2.83333,0.66667,2.5,0.83333],"rotation":90,"texture":"#8"},"down":{"uv":[3.83333,0.66667,4.16667,0.83333],"rotation":90,"texture":"#8"}}},{"from":[6.5,8.75,-5],"to":[9,11.25,-2],"rotation":{"angle":0,"axis":"x","origin":[8,3,4]},"faces":{"north":{"uv":[1,7.83333,1.83333,8.66667],"texture":"#8"},"east":{"uv":[0,7.83333,1,8.66667],"texture":"#8"},"south":{"uv":[1,7.83333,1.83333,8.66667],"texture":"#8"},"west":{"uv":[1,7.83333,0,8.66667],"texture":"#8"},"up":{"uv":[1,7.83333,1.83333,6.83333],"texture":"#8"},"down":{"uv":[1.83333,6.83333,2.66667,7.83333],"texture":"#8"}}},{"from":[4.25,0,3.5],"to":[11.5,5,16],"rotation":{"angle":0,"axis":"x","origin":[0,2,3]},"faces":{"north":{"uv":[4.5,8.66667,7,10.66667],"texture":"#8"},"east":{"uv":[0,8.66667,4.5,10.66667],"texture":"#8"},"south":{"uv":[7,8.66667,9.5,10.66667],"texture":"#8"},"west":{"uv":[4.5,8.66667,0,10.66667],"texture":"#8"},"up":{"uv":[4.5,8.66667,7,4.16667],"texture":"#8"},"down":{"uv":[7,4.16667,9.5,8.66667],"texture":"#8"}}},{"from":[3.25,0,-2],"to":[5.75,2.5,7],"rotation":{"angle":22.5,"axis":"y","origin":[5,4,5]},"faces":{"north":{"uv":[1.66667,0,2.5,0.83333],"rotation":180,"texture":"#8"},"east":{"uv":[0,0.83333,0.83333,4.33333],"rotation":270,"texture":"#8"},"south":{"uv":[0.83333,0,1.66667,0.83333],"texture":"#8"},"west":{"uv":[1.66667,0.83333,2.5,4.33333],"rotation":90,"texture":"#8"},"up":{"uv":[0.83333,0.83333,1.66667,4.33333],"rotation":180,"texture":"#8"},"down":{"uv":[2.5,0.83333,3.33333,4.33333],"texture":"#8"}}},{"from":[10,0,-2],"to":[12.5,2.5,7],"rotation":{"angle":-22.5,"axis":"y","origin":[10,4,5]},"faces":{"north":{"uv":[1.66667,0,2.5,0.83333],"rotation":180,"texture":"#8"},"east":{"uv":[2.5,0.83333,1.66667,4.33333],"rotation":270,"texture":"#8"},"south":{"uv":[0.83333,0,1.66667,0.83333],"texture":"#8"},"west":{"uv":[0.83333,0.83333,0,4.33333],"rotation":90,"texture":"#8"},"up":{"uv":[1.66667,0.83333,0.83333,4.33333],"rotation":180,"texture":"#8"},"down":{"uv":[3.33333,0.83333,2.5,4.33333],"texture":"#8"}}},{"from":[3.25,0,5],"to":[5.75,2.5,14],"rotation":{"angle":22.5,"axis":"y","origin":[6,4,14]},"faces":{"north":{"uv":[1.66667,0,2.5,0.83333],"rotation":180,"texture":"#8"},"east":{"uv":[0,0.83333,0.83333,4.33333],"rotation":270,"texture":"#8"},"south":{"uv":[0.83333,0,1.66667,0.83333],"texture":"#8"},"west":{"uv":[1.66667,0.83333,2.5,4.33333],"rotation":90,"texture":"#8"},"up":{"uv":[0.83333,0.83333,1.66667,4.33333],"rotation":180,"texture":"#8"},"down":{"uv":[2.5,0.83333,3.33333,4.33333],"texture":"#8"}}},{"from":[10,0,5.25],"to":[12.5,2.5,14.25],"rotation":{"angle":-22.5,"axis":"y","origin":[10,4,14]},"faces":{"north":{"uv":[1.66667,0,2.5,0.83333],"rotation":180,"texture":"#8"},"east":{"uv":[2.5,0.83333,1.66667,4.33333],"rotation":270,"texture":"#8"},"south":{"uv":[0.83333,0,1.66667,0.83333],"texture":"#8"},"west":{"uv":[0.83333,0.83333,0,4.33333],"rotation":90,"texture":"#8"},"up":{"uv":[1.66667,0.83333,0.83333,4.33333],"rotation":180,"texture":"#8"},"down":{"uv":[3.33333,0.83333,2.5,4.33333],"texture":"#8"}}},{"from":[5.63,5,7.25],"to":[10.13,7.5,12.75],"rotation":{"angle":0,"axis":"x","origin":[0,-5,3]},"faces":{"north":{"uv":[8.83333,1.83333,10.33333,2.66667],"texture":"#8"},"east":{"uv":[10.33333,1.83333,12.16667,2.66667],"texture":"#8"},"south":{"uv":[12.16667,1.83333,13.66667,2.66667],"texture":"#8"},"west":{"uv":[7,1.83333,8.83333,2.66667],"texture":"#8"},"up":{"uv":[8.83333,0,10.33333,1.83333],"texture":"#8"},"down":{"uv":[8.83333,0,10.33333,1.83333],"texture":"#8"}}},{"from":[7.13,6.72116,13.04535],"to":[8.63,13.72116,13.04535],"rotation":{"angle":-45,"axis":"x","origin":[7.75,12.75,14]},"faces":{"north":{"uv":[0,4.33333,0.5,6.66667],"texture":"#9"},"east":{"uv":[0,0,0,2],"texture":"#9"},"south":{"uv":[0,4.33333,0.5,6.66667],"texture":"#9"},"west":{"uv":[0,0,0,2],"texture":"#9"},"up":{"uv":[0,0,0.5,0],"texture":"#9"},"down":{"uv":[0,0,0.5,0],"texture":"#9"}}},{"from":[6.012,5.75,-4],"to":[9.512,9.25,5.5],"rotation":{"angle":0,"axis":"x","origin":[8,12,2]},"faces":{"north":{"uv":[10.16667,2.83333,11.33333,4],"texture":"#9"},"east":{"uv":[14.5,2.83333,11.33333,4],"texture":"#9"},"south":{"uv":[10.16667,2.83333,11.33333,4],"texture":"#9"},"west":{"uv":[10.16667,2.83333,7,4],"texture":"#9"},"up":{"uv":[9.5,4,10.66667,7.16667],"texture":"#9"},"down":{"uv":[10.66667,4,11.83333,7.16667],"texture":"#9"}}},{"from":[6,9.25,-4],"to":[9.5,16.25,-0.5],"rotation":{"angle":0,"axis":"x","origin":[8,12,2]},"faces":{"north":{"uv":[5.83333,1.16667,4.66667,3.5],"texture":"#9"},"east":{"uv":[3.5,1.16667,4.66667,3.5],"texture":"#9"},"south":{"uv":[5.83333,1.16667,7,3.5],"texture":"#9"},"west":{"uv":[4.66667,1.16667,3.5,3.5],"texture":"#9"},"up":{"uv":[4.66667,1.16667,5.83333,0],"texture":"#9"},"down":{"uv":[4.66667,0,5.83333,1.16667],"texture":"#9"}}},{"from":[3.21396,14.22868,-1.75],"to":[3.71396,15.72868,-0.75],"rotation":{"angle":-45,"axis":"z","origin":[8,8,2]},"faces":{"north":{"uv":[2.83333,0.33333,3,0.83333],"texture":"#9"},"east":{"uv":[3.83333,0.83333,3.5,0.33333],"texture":"#9"},"south":{"uv":[3.5,0.83333,3.33333,0.33333],"texture":"#9"},"west":{"uv":[3,0.83333,3.33333,0.33333],"texture":"#9"},"up":{"uv":[2.83333,0.66667,2.5,0.83333],"rotation":90,"texture":"#9"},"down":{"uv":[3.83333,0.66667,4.16667,0.83333],"rotation":90,"texture":"#9"}}},{"from":[11.92893,14.58579,-1.75],"to":[12.42893,16.08579,-0.75],"rotation":{"angle":45,"axis":"z","origin":[8,8,2]},"faces":{"north":{"uv":[2.83333,0.33333,3,0.83333],"texture":"#9"},"east":{"uv":[3.33333,0.83333,3,0.33333],"texture":"#9"},"south":{"uv":[3.5,0.83333,3.33333,0.33333],"texture":"#9"},"west":{"uv":[3.5,0.83333,3.83333,0.33333],"texture":"#9"},"up":{"uv":[2.83333,0.66667,2.5,0.83333],"rotation":90,"texture":"#9"},"down":{"uv":[3.83333,0.66667,4.16667,0.83333],"rotation":90,"texture":"#9"}}},{"from":[6.5,13.75,-7],"to":[9,16.25,-4],"rotation":{"angle":0,"axis":"x","origin":[8,8,2]},"faces":{"north":{"uv":[1,7.83333,1.83333,8.66667],"texture":"#9"},"east":{"uv":[0,7.83333,1,8.66667],"texture":"#9"},"south":{"uv":[1,7.83333,1.83333,8.66667],"texture":"#9"},"west":{"uv":[1,7.83333,0,8.66667],"texture":"#9"},"up":{"uv":[1,7.83333,1.83333,6.83333],"texture":"#9"},"down":{"uv":[1.83333,6.83333,2.66667,7.83333],"texture":"#9"}}},{"from":[4.25,4,1.5],"to":[11.5,9,14],"rotation":{"angle":-22.5,"axis":"x","origin":[0,7,1]},"faces":{"north":{"uv":[4.5,8.66667,7,10.66667],"texture":"#9"},"east":{"uv":[0,8.66667,4.5,10.66667],"texture":"#9"},"south":{"uv":[7,8.66667,9.5,10.66667],"texture":"#9"},"west":{"uv":[4.5,8.66667,0,10.66667],"texture":"#9"},"up":{"uv":[4.5,8.66667,7,4.16667],"texture":"#9"},"down":{"uv":[7,4.16667,9.5,8.66667],"texture":"#9"}}},{"from":[4.25,1,6],"to":[6.75,10,8.5],"rotation":{"angle":45,"axis":"x","origin":[5,9,3]},"faces":{"north":{"uv":[0.83333,0.83333,1.66667,4.33333],"texture":"#9"},"east":{"uv":[0,0.83333,0.83333,4.33333],"texture":"#9"},"south":{"uv":[2.5,0.83333,3.33333,4.33333],"texture":"#9"},"west":{"uv":[1.66667,0.83333,2.5,4.33333],"texture":"#9"},"up":{"uv":[0.83333,0,1.66667,0.83333],"texture":"#9"},"down":{"uv":[1.66667,0,2.5,0.83333],"texture":"#9"}}},{"from":[9,1,6],"to":[11.5,10,8.5],"rotation":{"angle":45,"axis":"x","origin":[10,9,3]},"faces":{"north":{"uv":[1.66667,0.83333,0.83333,4.33333],"texture":"#9"},"east":{"uv":[2.5,0.83333,1.66667,4.33333],"texture":"#9"},"south":{"uv":[3.33333,0.83333,2.5,4.33333],"texture":"#9"},"west":{"uv":[0.83333,0.83333,0,4.33333],"texture":"#9"},"up":{"uv":[0.83333,0,1.66667,0.83333],"texture":"#9"},"down":{"uv":[1.66667,0,2.5,0.83333],"texture":"#9"}}},{"from":[4.25,-0.5,11],"to":[6.75,8.5,13.5],"rotation":{"angle":-22.5,"axis":"x","origin":[6,9,12]},"faces":{"north":{"uv":[0.83333,0.83333,1.66667,4.33333],"texture":"#9"},"east":{"uv":[0,0.83333,0.83333,4.33333],"texture":"#9"},"south":{"uv":[2.5,0.83333,3.33333,4.33333],"texture":"#9"},"west":{"uv":[1.66667,0.83333,2.5,4.33333],"texture":"#9"},"up":{"uv":[0.83333,0,1.66667,0.83333],"texture":"#9"},"down":{"uv":[1.66667,0,2.5,0.83333],"texture":"#9"}}},{"from":[9,-0.5,11],"to":[11.5,8.5,13.5],"rotation":{"angle":-22.5,"axis":"x","origin":[10,9,12]},"faces":{"north":{"uv":[1.66667,0.83333,0.83333,4.33333],"texture":"#9"},"east":{"uv":[2.5,0.83333,1.66667,4.33333],"texture":"#9"},"south":{"uv":[3.33333,0.83333,2.5,4.33333],"texture":"#9"},"west":{"uv":[0.83333,0.83333,0,4.33333],"texture":"#9"},"up":{"uv":[0.83333,0,1.66667,0.83333],"texture":"#9"},"down":{"uv":[1.66667,0,2.5,0.83333],"texture":"#9"}}},{"from":[5.63,8.5,8],"to":[10.13,11,13.5],"rotation":{"angle":-22.5,"axis":"x","origin":[0,0,1]},"faces":{"north":{"uv":[8.83333,1.83333,10.33333,2.66667],"texture":"#9"},"east":{"uv":[10.33333,1.83333,12.16667,2.66667],"texture":"#9"},"south":{"uv":[12.16667,1.83333,13.66667,2.66667],"texture":"#9"},"west":{"uv":[7,1.83333,8.83333,2.66667],"texture":"#9"},"up":{"uv":[8.83333,0,10.33333,1.83333],"texture":"#9"},"down":{"uv":[8.83333,0,10.33333,1.83333],"texture":"#9"}}}]}