{"display":{"thirdperson_righthand":{"rotation":[75,45,0],"translation":[0,2,0],"scale":[0.2,0.2,0.2]},"thirdperson_lefthand":{"rotation":[75,45,0],"translation":[0,2,0],"scale":[0.2,0.2,0.2]},"firstperson_righthand":{"rotation":[0,45,0],"scale":[0.2,0.2,0.2]},"firstperson_lefthand":{"rotation":[0,45,0],"scale":[0.2,0.2,0.2]},"ground":{"translation":[0,5,0],"scale":[0.25,0.25,0.25]},"gui":{"rotation":[30,225,0],"translation":[1,-3.25,0],"scale":[0.45,0.45,0.45]},"head":{"translation":[0,8.75,5],"scale":[2,2,2]},"fixed":{"scale":[0.5,0.5,0.5]}},"texture_size":[128,128],"textures":{"0":"pets/static/ender_dragon"},"elements":[{"from":[8,20.5,-2.25],"to":[8,21.5,-0.75],"rotation":{"angle":0,"axis":"x","origin":[0,16.5,2]},"faces":{"north":{"uv":[7.75,0,7.875,0.25],"texture":"#0"},"east":{"uv":[7.75,0,8.125,0.25],"texture":"#0"},"south":{"uv":[7.75,0,7.875,0.25],"texture":"#0"},"west":{"uv":[7.75,0,8.125,0.25],"texture":"#0"},"up":{"uv":[7.75,0,7.875,0.375],"texture":"#0"},"down":{"uv":[7.75,0,7.875,0.375],"texture":"#0"}}},{"from":[8,19.5,-0.5],"to":[8,20.5,1],"rotation":{"angle":22.5,"axis":"x","origin":[0,16.5,2]},"faces":{"north":{"uv":[7.75,0,7.875,0.25],"texture":"#0"},"east":{"uv":[7.75,0,8.125,0.25],"texture":"#0"},"south":{"uv":[7.75,0,7.875,0.25],"texture":"#0"},"west":{"uv":[7.75,0,8.125,0.25],"texture":"#0"},"up":{"uv":[7.75,0,7.875,0.375],"texture":"#0"},"down":{"uv":[7.75,0,7.875,0.375],"texture":"#0"}}},{"from":[6.75,17,-1],"to":[9.25,19.5,1.5],"rotation":{"angle":22.5,"axis":"x","origin":[0,16.5,2]},"faces":{"north":{"uv":[14.125,2.625,14.75,3.25],"texture":"#0"},"east":{"uv":[13.5,2.625,14.125,3.25],"texture":"#0"},"south":{"uv":[15.375,2.625,16,3.25],"texture":"#0"},"west":{"uv":[14.75,2.625,15.375,3.25],"texture":"#0"},"up":{"uv":[14.125,2,14.75,2.625],"texture":"#0"},"down":{"uv":[14.75,2,15.375,2.625],"texture":"#0"}}},{"from":[6.75,18,-2.75],"to":[9.25,20.5,-0.25],"rotation":{"angle":0,"axis":"x","origin":[0,16.5,2]},"faces":{"north":{"uv":[14.125,2.625,14.75,3.25],"texture":"#0"},"east":{"uv":[13.5,2.625,14.125,3.25],"texture":"#0"},"south":{"uv":[15.375,2.625,16,3.25],"texture":"#0"},"west":{"uv":[14.75,2.625,15.375,3.25],"texture":"#0"},"up":{"uv":[14.125,2,14.75,2.625],"texture":"#0"},"down":{"uv":[14.75,2,15.375,2.625],"texture":"#0"}}},{"from":[6.75,18.5,-5.25],"to":[9.25,21,-2.75],"rotation":{"angle":0,"axis":"x","origin":[0,16.5,2]},"faces":{"north":{"uv":[14.125,2.625,14.75,3.25],"texture":"#0"},"east":{"uv":[13.5,2.625,14.125,3.25],"texture":"#0"},"south":{"uv":[15.375,2.625,16,3.25],"texture":"#0"},"west":{"uv":[14.75,2.625,15.375,3.25],"texture":"#0"},"up":{"uv":[14.125,2,14.75,2.625],"texture":"#0"},"down":{"uv":[14.75,2,15.375,2.625],"texture":"#0"}}},{"from":[8,21,-4.75],"to":[8,22,-3.25],"rotation":{"angle":0,"axis":"x","origin":[0,16.5,2]},"faces":{"north":{"uv":[7.75,0,7.875,0.25],"texture":"#0"},"east":{"uv":[7.75,0,8.125,0.25],"texture":"#0"},"south":{"uv":[7.75,0,7.875,0.25],"texture":"#0"},"west":{"uv":[7.75,0,8.125,0.25],"texture":"#0"},"up":{"uv":[7.75,0,7.875,0.375],"texture":"#0"},"down":{"uv":[7.75,0,7.875,0.375],"texture":"#0"}}},{"from":[9,24.25,-6],"to":[9,25.25,-4.5],"rotation":{"angle":-22.5,"axis":"x","origin":[0,16.5,2]},"faces":{"north":{"uv":[7.75,0,7.875,0.25],"texture":"#0"},"east":{"uv":[7.75,0,8.125,0.25],"texture":"#0"},"south":{"uv":[7.75,0,7.875,0.25],"texture":"#0"},"west":{"uv":[7.75,0,8.125,0.25],"texture":"#0"},"up":{"uv":[7.75,0,7.875,0.375],"texture":"#0"},"down":{"uv":[7.75,0,7.875,0.375],"texture":"#0"}}},{"from":[7,24.25,-6],"to":[7,25.25,-4.5],"rotation":{"angle":-22.5,"axis":"x","origin":[0,16.5,2]},"faces":{"north":{"uv":[7.75,0,7.875,0.25],"texture":"#0"},"east":{"uv":[7.75,0,8.125,0.25],"texture":"#0"},"south":{"uv":[7.75,0,7.875,0.25],"texture":"#0"},"west":{"uv":[7.75,0,8.125,0.25],"texture":"#0"},"up":{"uv":[7.75,0,7.875,0.375],"texture":"#0"},"down":{"uv":[7.75,0,7.875,0.375],"texture":"#0"}}},{"from":[6,20.25,-7],"to":[10,24.25,-3],"rotation":{"angle":-22.5,"axis":"x","origin":[0,16.5,2]},"faces":{"north":{"uv":[13,7,14,8],"texture":"#0"},"east":{"uv":[12,7,13,8],"texture":"#0"},"south":{"uv":[15,7,16,8],"texture":"#0"},"west":{"uv":[14,7,15,8],"texture":"#0"},"up":{"uv":[13,6,14,7],"texture":"#0"},"down":{"uv":[14,6,15,7],"texture":"#0"}}},{"from":[6.5,23.5,-8.5],"to":[9.5,24.5,-4.5],"rotation":{"angle":-45,"axis":"x","origin":[0,16.5,2]},"faces":{"north":{"uv":[14.25,5.625,15,5.875],"texture":"#0"},"east":{"uv":[15,5.625,16,5.875],"texture":"#0"},"south":{"uv":[13.5,5.625,14.25,5.875],"texture":"#0"},"west":{"uv":[12.5,5.625,13.5,5.875],"texture":"#0"},"up":{"uv":[13.5,5.625,14.25,4.625],"texture":"#0"},"down":{"uv":[14.25,5.625,15,4.625],"texture":"#0"}}},{"from":[6.5,21.25,-11],"to":[9.5,22.25,-7],"rotation":{"angle":-22.5,"axis":"x","origin":[0,16.5,2]},"faces":{"north":{"uv":[14.25,4.375,15,4.625],"texture":"#0"},"east":{"uv":[15,4.375,16,4.625],"texture":"#0"},"south":{"uv":[13.5,4.375,14.25,4.625],"texture":"#0"},"west":{"uv":[12.5,4.375,13.5,4.625],"texture":"#0"},"up":{"uv":[13.5,4.375,14.25,3.375],"texture":"#0"},"down":{"uv":[14.25,3.375,15,4.375],"texture":"#0"}}},{"from":[7.25,22.25,-10],"to":[7.25,22.75,-9],"rotation":{"angle":-22.5,"axis":"x","origin":[0,16.5,2]},"faces":{"north":{"uv":[15.375,3.5,15.125,3.375],"texture":"#0"},"east":{"uv":[15.125,3.375,15.375,3.5],"texture":"#0"},"south":{"uv":[15.125,3.375,15.375,3.5],"texture":"#0"},"west":{"uv":[15.125,3.375,15.375,3.5],"texture":"#0"},"up":{"uv":[0,0,0.25,0.125],"texture":"#0"},"down":{"uv":[0,0,0.125,0.125],"texture":"#0"}}},{"from":[8.75,22.25,-10],"to":[8.75,22.75,-9],"rotation":{"angle":-22.5,"axis":"x","origin":[0,16.5,2]},"faces":{"north":{"uv":[15.375,3.5,15.125,3.375],"texture":"#0"},"east":{"uv":[15.125,3.375,15.375,3.5],"texture":"#0"},"south":{"uv":[15.125,3.375,15.375,3.5],"texture":"#0"},"west":{"uv":[15.125,3.375,15.375,3.5],"texture":"#0"},"up":{"uv":[0,0,0.25,0.125],"texture":"#0"},"down":{"uv":[0,0,0.125,0.125],"texture":"#0"}}},{"from":[3,15.75,0],"to":[5,27.75,2],"rotation":{"angle":45,"axis":"x","origin":[0,13.5,4.75]},"faces":{"north":{"uv":[4.625,8.5,8.125,9],"rotation":270,"texture":"#0"},"east":{"uv":[4,8,7.5,8.5],"rotation":90,"texture":"#0"},"south":{"uv":[0.5,8.5,4,9],"rotation":90,"texture":"#0"},"west":{"uv":[0.5,8,4,8.5],"rotation":90,"texture":"#0"},"up":{"uv":[4,8.5,4.5,9],"rotation":90,"texture":"#0"},"down":{"uv":[0,8.5,0.5,9],"rotation":90,"texture":"#0"}}},{"from":[11,15.75,0],"to":[13,27.75,2],"rotation":{"angle":45,"axis":"x","origin":[0,13.5,4.75]},"faces":{"north":{"uv":[4.625,8.5,8.125,9],"rotation":270,"texture":"#0"},"east":{"uv":[4,8,7.5,8.5],"rotation":90,"texture":"#0"},"south":{"uv":[0.5,8.5,4,9],"rotation":90,"texture":"#0"},"west":{"uv":[0.5,8,4,8.5],"rotation":90,"texture":"#0"},"up":{"uv":[4,8.5,4.5,9],"rotation":90,"texture":"#0"},"down":{"uv":[0,8.5,0.5,9],"rotation":90,"texture":"#0"}}},{"from":[7.5,25.5,17.5],"to":[8.5,26.5,31.5],"rotation":{"angle":-22.5,"axis":"y","origin":[21,13.5,4.75]},"faces":{"north":{"uv":[8.125,8.25,8.375,8.5],"texture":"#0"},"east":{"uv":[12.125,8.25,15.625,8.5],"texture":"#0"},"south":{"uv":[11.875,8.25,12.125,8.5],"texture":"#0"},"west":{"uv":[8.375,8.25,11.875,8.5],"texture":"#0"},"up":{"uv":[8.375,8,11.875,8.25],"rotation":270,"texture":"#0"},"down":{"uv":[11.875,8,15.375,8.25],"rotation":90,"texture":"#0"}}},{"from":[9.5,25.5,7.5],"to":[10.5,26.5,21.5],"rotation":{"angle":22.5,"axis":"y","origin":[21,13.5,4.75]},"faces":{"north":{"uv":[8.125,8.25,8.375,8.5],"texture":"#0"},"east":{"uv":[12.125,8.25,15.625,8.5],"texture":"#0"},"south":{"uv":[11.875,8.25,12.125,8.5],"texture":"#0"},"west":{"uv":[8.375,8.25,11.875,8.5],"texture":"#0"},"up":{"uv":[8.375,8,11.875,8.25],"rotation":270,"texture":"#0"},"down":{"uv":[11.875,8,15.375,8.25],"rotation":90,"texture":"#0"}}},{"from":[4,15.25,-9],"to":[4,29.25,5],"rotation":{"angle":45,"axis":"x","origin":[0,0,0]},"faces":{"north":{"uv":[0,0,3.5,0.125],"rotation":270,"texture":"#0"},"east":{"uv":[0,12.5,3.5,9],"rotation":90,"texture":"#0"},"south":{"uv":[0,0,3.5,0.125],"rotation":90,"texture":"#0"},"west":{"uv":[0,9,3.5,12.5],"rotation":90,"texture":"#0"},"up":{"uv":[0,0,3.5,0.125],"rotation":90,"texture":"#0"},"down":{"uv":[0,0,3.5,0.125],"rotation":90,"texture":"#0"}}},{"from":[12,15.25,-9],"to":[12,29.25,5],"rotation":{"angle":45,"axis":"x","origin":[0,0,0]},"faces":{"north":{"uv":[0,0,3.5,0.125],"rotation":270,"texture":"#0"},"east":{"uv":[0,12.5,3.5,9],"rotation":90,"texture":"#0"},"south":{"uv":[0,0,3.5,0.125],"rotation":90,"texture":"#0"},"west":{"uv":[0,9,3.5,12.5],"rotation":90,"texture":"#0"},"up":{"uv":[0,0,3.5,0.125],"rotation":90,"texture":"#0"},"down":{"uv":[0,0,3.5,0.125],"rotation":90,"texture":"#0"}}},{"from":[8.25,11.5,9],"to":[8.25,25.5,23],"rotation":{"angle":-22.5,"axis":"y","origin":[0,0,0]},"faces":{"north":{"uv":[0,0,3.5,0.125],"rotation":90,"texture":"#0"},"east":{"uv":[0,16,3.5,12.5],"texture":"#0"},"south":{"uv":[0,0,3.5,0.125],"rotation":270,"texture":"#0"},"west":{"uv":[0,12.5,3.5,16],"rotation":180,"texture":"#0"},"up":{"uv":[0,0,3.5,0.125],"rotation":270,"texture":"#0"},"down":{"uv":[0,0,3.5,0.125],"rotation":270,"texture":"#0"}}},{"from":[6.5,11.5,15.25],"to":[6.5,25.5,29.25],"rotation":{"angle":22.5,"axis":"y","origin":[0,0,0]},"faces":{"north":{"uv":[0,0,3.5,0.125],"rotation":90,"texture":"#0"},"east":{"uv":[0,16,3.5,12.5],"texture":"#0"},"south":{"uv":[0,0,3.5,0.125],"rotation":270,"texture":"#0"},"west":{"uv":[0,12.5,3.5,16],"rotation":180,"texture":"#0"},"up":{"uv":[0,0,3.5,0.125],"rotation":270,"texture":"#0"},"down":{"uv":[0,0,3.5,0.125],"rotation":270,"texture":"#0"}}},{"from":[6.75,2,27],"to":[9.25,4.5,29.5],"rotation":{"angle":0,"axis":"x","origin":[0,1,7]},"faces":{"north":{"uv":[14.125,2.625,14.75,3.25],"texture":"#0"},"east":{"uv":[13.5,2.625,14.125,3.25],"texture":"#0"},"south":{"uv":[15.375,2.625,16,3.25],"texture":"#0"},"west":{"uv":[14.75,2.625,15.375,3.25],"texture":"#0"},"up":{"uv":[14.125,2,14.75,2.625],"texture":"#0"},"down":{"uv":[14.75,2,15.375,2.625],"texture":"#0"}}},{"from":[6.75,2,29.5],"to":[9.25,4.5,32],"rotation":{"angle":0,"axis":"x","origin":[0,1,7]},"faces":{"north":{"uv":[14.125,2.625,14.75,3.25],"texture":"#0"},"east":{"uv":[13.5,2.625,14.125,3.25],"texture":"#0"},"south":{"uv":[15.375,2.625,16,3.25],"texture":"#0"},"west":{"uv":[14.75,2.625,15.375,3.25],"texture":"#0"},"up":{"uv":[14.125,2,14.75,2.625],"texture":"#0"},"down":{"uv":[14.75,2,15.375,2.625],"texture":"#0"}}},{"from":[8,4.5,27.75],"to":[8,5.5,29.25],"rotation":{"angle":0,"axis":"x","origin":[0,1,7]},"faces":{"north":{"uv":[7.75,0,7.875,0.25],"texture":"#0"},"east":{"uv":[7.75,0,8.125,0.25],"texture":"#0"},"south":{"uv":[7.75,0,7.875,0.25],"texture":"#0"},"west":{"uv":[7.75,0,8.125,0.25],"texture":"#0"},"up":{"uv":[7.75,0,7.875,0.375],"texture":"#0"},"down":{"uv":[7.75,0,7.875,0.375],"texture":"#0"}}},{"from":[8,4.5,30],"to":[8,5.5,31.5],"rotation":{"angle":0,"axis":"x","origin":[0,1,7]},"faces":{"north":{"uv":[7.75,0,7.875,0.25],"texture":"#0"},"east":{"uv":[7.75,0,8.125,0.25],"texture":"#0"},"south":{"uv":[7.75,0,7.875,0.25],"texture":"#0"},"west":{"uv":[7.75,0,8.125,0.25],"texture":"#0"},"up":{"uv":[7.75,0,7.875,0.375],"texture":"#0"},"down":{"uv":[7.75,0,7.875,0.375],"texture":"#0"}}},{"from":[6.75,9.5,22.25],"to":[9.25,12,24.75],"rotation":{"angle":22.5,"axis":"x","origin":[0,1,7]},"faces":{"north":{"uv":[14.125,2.625,14.75,3.25],"texture":"#0"},"east":{"uv":[13.5,2.625,14.125,3.25],"texture":"#0"},"south":{"uv":[15.375,2.625,16,3.25],"texture":"#0"},"west":{"uv":[14.75,2.625,15.375,3.25],"texture":"#0"},"up":{"uv":[14.125,2,14.75,2.625],"texture":"#0"},"down":{"uv":[14.75,2,15.375,2.625],"texture":"#0"}}},{"from":[8,12,22.5],"to":[8,13,24],"rotation":{"angle":22.5,"axis":"x","origin":[0,1,7]},"faces":{"north":{"uv":[7.75,0,7.875,0.25],"texture":"#0"},"east":{"uv":[7.75,0,8.125,0.25],"texture":"#0"},"south":{"uv":[7.75,0,7.875,0.25],"texture":"#0"},"west":{"uv":[7.75,0,8.125,0.25],"texture":"#0"},"up":{"uv":[7.75,0,7.875,0.375],"texture":"#0"},"down":{"uv":[7.75,0,7.875,0.375],"texture":"#0"}}},{"from":[6.75,9.75,19.75],"to":[9.25,12.25,22.25],"rotation":{"angle":22.5,"axis":"x","origin":[0,1,7]},"faces":{"north":{"uv":[14.125,2.625,14.75,3.25],"texture":"#0"},"east":{"uv":[13.5,2.625,14.125,3.25],"texture":"#0"},"south":{"uv":[15.375,2.625,16,3.25],"texture":"#0"},"west":{"uv":[14.75,2.625,15.375,3.25],"texture":"#0"},"up":{"uv":[14.125,2,14.75,2.625],"texture":"#0"},"down":{"uv":[14.75,2,15.375,2.625],"texture":"#0"}}},{"from":[8,12.25,20.25],"to":[8,13.25,21.75],"rotation":{"angle":22.5,"axis":"x","origin":[0,1,7]},"faces":{"north":{"uv":[7.75,0,7.875,0.25],"texture":"#0"},"east":{"uv":[7.75,0,8.125,0.25],"texture":"#0"},"south":{"uv":[7.75,0,7.875,0.25],"texture":"#0"},"west":{"uv":[7.75,0,8.125,0.25],"texture":"#0"},"up":{"uv":[7.75,0,7.875,0.375],"texture":"#0"},"down":{"uv":[7.75,0,7.875,0.375],"texture":"#0"}}},{"from":[6.75,4,20.5],"to":[9.25,6.5,23],"rotation":{"angle":0,"axis":"x","origin":[0,3,-2]},"faces":{"north":{"uv":[14.125,2.625,14.75,3.25],"texture":"#0"},"east":{"uv":[13.5,2.625,14.125,3.25],"texture":"#0"},"south":{"uv":[15.375,2.625,16,3.25],"texture":"#0"},"west":{"uv":[14.75,2.625,15.375,3.25],"texture":"#0"},"up":{"uv":[14.125,2,14.75,2.625],"texture":"#0"},"down":{"uv":[14.75,2,15.375,2.625],"texture":"#0"}}},{"from":[8,6.5,21],"to":[8,7.5,22.5],"rotation":{"angle":0,"axis":"x","origin":[0,3,-2]},"faces":{"north":{"uv":[7.75,0,7.875,0.25],"texture":"#0"},"east":{"uv":[7.75,0,8.125,0.25],"texture":"#0"},"south":{"uv":[7.75,0,7.875,0.25],"texture":"#0"},"west":{"uv":[7.75,0,8.125,0.25],"texture":"#0"},"up":{"uv":[7.75,0,7.875,0.375],"texture":"#0"},"down":{"uv":[7.75,0,7.875,0.375],"texture":"#0"}}},{"from":[6.75,4,18],"to":[9.25,6.5,20.5],"rotation":{"angle":0,"axis":"x","origin":[0,3,-2]},"faces":{"north":{"uv":[14.125,2.625,14.75,3.25],"texture":"#0"},"east":{"uv":[13.5,2.625,14.125,3.25],"texture":"#0"},"south":{"uv":[15.375,2.625,16,3.25],"texture":"#0"},"west":{"uv":[14.75,2.625,15.375,3.25],"texture":"#0"},"up":{"uv":[14.125,2,14.75,2.625],"texture":"#0"},"down":{"uv":[14.75,2,15.375,2.625],"texture":"#0"}}},{"from":[8,6.5,18.75],"to":[8,7.5,20.25],"rotation":{"angle":0,"axis":"x","origin":[0,3,-2]},"faces":{"north":{"uv":[7.75,0,7.875,0.25],"texture":"#0"},"east":{"uv":[7.75,0,8.125,0.25],"texture":"#0"},"south":{"uv":[7.75,0,7.875,0.25],"texture":"#0"},"west":{"uv":[7.75,0,8.125,0.25],"texture":"#0"},"up":{"uv":[7.75,0,7.875,0.375],"texture":"#0"},"down":{"uv":[7.75,0,7.875,0.375],"texture":"#0"}}},{"from":[6.75,11.5,13.25],"to":[9.25,14,15.75],"rotation":{"angle":22.5,"axis":"x","origin":[0,3,-2]},"faces":{"north":{"uv":[14.125,2.625,14.75,3.25],"texture":"#0"},"east":{"uv":[13.5,2.625,14.125,3.25],"texture":"#0"},"south":{"uv":[15.375,2.625,16,3.25],"texture":"#0"},"west":{"uv":[14.75,2.625,15.375,3.25],"texture":"#0"},"up":{"uv":[14.125,2,14.75,2.625],"texture":"#0"},"down":{"uv":[14.75,2,15.375,2.625],"texture":"#0"}}},{"from":[8,14,13.5],"to":[8,15,15],"rotation":{"angle":22.5,"axis":"x","origin":[0,3,-2]},"faces":{"north":{"uv":[7.75,0,7.875,0.25],"texture":"#0"},"east":{"uv":[7.75,0,8.125,0.25],"texture":"#0"},"south":{"uv":[7.75,0,7.875,0.25],"texture":"#0"},"west":{"uv":[7.75,0,8.125,0.25],"texture":"#0"},"up":{"uv":[7.75,0,7.875,0.375],"texture":"#0"},"down":{"uv":[7.75,0,7.875,0.375],"texture":"#0"}}},{"from":[6.75,11.75,10.75],"to":[9.25,14.25,13.25],"rotation":{"angle":22.5,"axis":"x","origin":[0,3,-2]},"faces":{"north":{"uv":[14.125,2.625,14.75,3.25],"texture":"#0"},"east":{"uv":[13.5,2.625,14.125,3.25],"texture":"#0"},"south":{"uv":[15.375,2.625,16,3.25],"texture":"#0"},"west":{"uv":[14.75,2.625,15.375,3.25],"texture":"#0"},"up":{"uv":[14.125,2,14.75,2.625],"texture":"#0"},"down":{"uv":[14.75,2,15.375,2.625],"texture":"#0"}}},{"from":[8,14.25,11.25],"to":[8,15.25,12.75],"rotation":{"angle":22.5,"axis":"x","origin":[0,3,-2]},"faces":{"north":{"uv":[7.75,0,7.875,0.25],"texture":"#0"},"east":{"uv":[7.75,0,8.125,0.25],"texture":"#0"},"south":{"uv":[7.75,0,7.875,0.25],"texture":"#0"},"west":{"uv":[7.75,0,8.125,0.25],"texture":"#0"},"up":{"uv":[7.75,0,7.875,0.375],"texture":"#0"},"down":{"uv":[7.75,0,7.875,0.375],"texture":"#0"}}},{"from":[5,16,-14],"to":[11,22,2],"rotation":{"angle":45,"axis":"x","origin":[0,0,-7]},"faces":{"north":{"uv":[4,6.5,5.5,8],"texture":"#0"},"east":{"uv":[0,6.5,4,8],"texture":"#0"},"south":{"uv":[9.5,6.5,11,8],"texture":"#0"},"west":{"uv":[5.5,6.5,9.5,8],"texture":"#0"},"up":{"uv":[4,2.5,5.5,6.625],"texture":"#0"},"down":{"uv":[5.5,2.5,7,6.5],"texture":"#0"}}},{"from":[8,20,-11.75],"to":[8,21.5,-8.75],"rotation":{"angle":45,"axis":"x","origin":[0,0,-4]},"faces":{"north":{"uv":[0,0,0.125,0.375],"texture":"#0"},"east":{"uv":[8.25,0,9,0.375],"texture":"#0"},"south":{"uv":[0,0,0.125,0.375],"texture":"#0"},"west":{"uv":[8.25,0,9,0.375],"texture":"#0"},"up":{"uv":[0,0,0.125,0.75],"texture":"#0"},"down":{"uv":[0,0,0.125,0.75],"texture":"#0"}}},{"from":[8,20,-7],"to":[8,21.5,-4],"rotation":{"angle":45,"axis":"x","origin":[0,0,-4]},"faces":{"north":{"uv":[0,0,0.125,0.375],"texture":"#0"},"east":{"uv":[8.25,0,9,0.375],"texture":"#0"},"south":{"uv":[0,0,0.125,0.375],"texture":"#0"},"west":{"uv":[8.25,0,9,0.375],"texture":"#0"},"up":{"uv":[0,0,0.125,0.75],"texture":"#0"},"down":{"uv":[0,0,0.125,0.75],"texture":"#0"}}},{"from":[8,20,-2],"to":[8,21.5,1],"rotation":{"angle":45,"axis":"x","origin":[0,0,-4]},"faces":{"north":{"uv":[0,0,0.125,0.375],"texture":"#0"},"east":{"uv":[8.25,0,9,0.375],"texture":"#0"},"south":{"uv":[0,0,0.125,0.375],"texture":"#0"},"west":{"uv":[8.25,0,9,0.375],"texture":"#0"},"up":{"uv":[0,0,0.125,0.75],"texture":"#0"},"down":{"uv":[0,0,0.125,0.75],"texture":"#0"}}},{"from":[1,11,3],"to":[5,15,11],"rotation":{"angle":22.5,"axis":"x","origin":[0,0,-4]},"faces":{"north":{"uv":[1,0,2,1],"rotation":180,"texture":"#0"},"east":{"uv":[1,1,2,3],"rotation":90,"texture":"#0"},"south":{"uv":[2,0,3,1],"texture":"#0"},"west":{"uv":[3,1,4,3],"rotation":270,"texture":"#0"},"up":{"uv":[2,1,3,3],"texture":"#0"},"down":{"uv":[0,1,1,3],"rotation":180,"texture":"#0"}}},{"from":[11,11,3],"to":[15,15,11],"rotation":{"angle":22.5,"axis":"x","origin":[0,0,-4]},"faces":{"north":{"uv":[1,0,2,1],"rotation":180,"texture":"#0"},"east":{"uv":[1,1,2,3],"rotation":90,"texture":"#0"},"south":{"uv":[2,0,3,1],"texture":"#0"},"west":{"uv":[3,1,4,3],"rotation":270,"texture":"#0"},"up":{"uv":[2,1,3,3],"texture":"#0"},"down":{"uv":[0,1,1,3],"rotation":180,"texture":"#0"}}},{"from":[1.5,9.75,2.75],"to":[4.5,17.75,5.75],"rotation":{"angle":45,"axis":"x","origin":[0,0,-4]},"faces":{"north":{"uv":[0,4.375,0.75,6.375],"texture":"#0"},"east":{"uv":[0.75,4.375,1.5,6.375],"texture":"#0"},"south":{"uv":[1.5,4.375,2.25,6.375],"texture":"#0"},"west":{"uv":[2.25,4.375,3,6.375],"texture":"#0"},"up":{"uv":[0.75,3.625,1.5,4.375],"texture":"#0"},"down":{"uv":[1.5,3.625,2.25,4.375],"texture":"#0"}}},{"from":[11.5,9.75,2.75],"to":[14.5,17.75,5.75],"rotation":{"angle":45,"axis":"x","origin":[0,0,-4]},"faces":{"north":{"uv":[0,4.375,0.75,6.375],"texture":"#0"},"east":{"uv":[0.75,4.375,1.5,6.375],"texture":"#0"},"south":{"uv":[1.5,4.375,2.25,6.375],"texture":"#0"},"west":{"uv":[2.25,4.375,3,6.375],"texture":"#0"},"up":{"uv":[0.75,3.625,1.5,4.375],"texture":"#0"},"down":{"uv":[1.5,3.625,2.25,4.375],"texture":"#0"}}},{"from":[0.75,0,5.5],"to":[5.25,1.5,11.5],"rotation":{"angle":0,"axis":"x","origin":[0,0,-4]},"faces":{"north":{"uv":[8.625,6,9.75,6.375],"rotation":180,"texture":"#0"},"east":{"uv":[9.75,6,11.25,6.375],"rotation":180,"texture":"#0"},"south":{"uv":[11.25,6,12.375,6.375],"rotation":180,"texture":"#0"},"west":{"uv":[7.125,6,8.625,6.375],"rotation":180,"texture":"#0"},"up":{"uv":[9.75,6,10.875,4.5],"texture":"#0"},"down":{"uv":[8.625,4.5,9.75,6],"texture":"#0"}}},{"from":[10.75,0,5.5],"to":[15.25,1.5,11.5],"rotation":{"angle":0,"axis":"x","origin":[0,0,-4]},"faces":{"north":{"uv":[8.625,6,9.75,6.375],"rotation":180,"texture":"#0"},"east":{"uv":[9.75,6,11.25,6.375],"rotation":180,"texture":"#0"},"south":{"uv":[11.25,6,12.375,6.375],"rotation":180,"texture":"#0"},"west":{"uv":[7.125,6,8.625,6.375],"rotation":180,"texture":"#0"},"up":{"uv":[9.75,6,10.875,4.5],"texture":"#0"},"down":{"uv":[8.625,4.5,9.75,6],"texture":"#0"}}},{"from":[3,10.5,1],"to":[5,16.5,3],"rotation":{"angle":0,"axis":"x","origin":[0,8,-13.5]},"faces":{"north":{"uv":[4.125,0.875,4.625,2.375],"texture":"#0"},"east":{"uv":[5.625,0.875,6.125,2.375],"texture":"#0"},"south":{"uv":[5.125,0.875,5.625,2.375],"texture":"#0"},"west":{"uv":[4.625,0.875,5.125,2.375],"texture":"#0"},"up":{"uv":[4.625,0.375,5.125,0.875],"texture":"#0"},"down":{"uv":[5.125,0.375,5.625,0.875],"texture":"#0"}}},{"from":[11,10.5,1],"to":[13,16.5,3],"rotation":{"angle":0,"axis":"x","origin":[0,8,-13.5]},"faces":{"north":{"uv":[4.125,0.875,4.625,2.375],"texture":"#0"},"east":{"uv":[5.625,0.875,6.125,2.375],"texture":"#0"},"south":{"uv":[5.125,0.875,5.625,2.375],"texture":"#0"},"west":{"uv":[4.625,0.875,5.125,2.375],"texture":"#0"},"up":{"uv":[4.625,0.375,5.125,0.875],"texture":"#0"},"down":{"uv":[5.125,0.375,5.625,0.875],"texture":"#0"}}},{"from":[4,3.5,1.25],"to":[5.5,9.5,2.75],"rotation":{"angle":22.5,"axis":"z","origin":[0,8,-13.5]},"faces":{"north":{"uv":[14.5,0.375,14.875,1.875],"texture":"#0"},"east":{"uv":[14.875,0.375,15.25,1.875],"texture":"#0"},"south":{"uv":[15.25,0.375,15.625,1.875],"texture":"#0"},"west":{"uv":[15.625,0.375,16,1.875],"texture":"#0"},"up":{"uv":[14.875,0,15.25,0.375],"texture":"#0"},"down":{"uv":[15.25,0,15.625,0.375],"texture":"#0"}}},{"from":[9.25,9.5,1.25],"to":[10.75,15.5,2.75],"rotation":{"angle":-22.5,"axis":"z","origin":[0,8,-13.5]},"faces":{"north":{"uv":[14.5,0.375,14.875,1.875],"texture":"#0"},"east":{"uv":[14.875,0.375,15.25,1.875],"texture":"#0"},"south":{"uv":[15.25,0.375,15.625,1.875],"texture":"#0"},"west":{"uv":[15.625,0.375,16,1.875],"texture":"#0"},"up":{"uv":[14.875,0,15.25,0.375],"texture":"#0"},"down":{"uv":[15.25,0,15.625,0.375],"texture":"#0"}}},{"from":[5,8,0.75],"to":[7,12,1.75],"rotation":{"angle":22.5,"axis":"x","origin":[0,8,-13.5]},"faces":{"north":{"uv":[9.75,4.125,10.25,3.125],"rotation":180,"texture":"#0"},"east":{"uv":[9.75,4.125,10.75,4.375],"rotation":270,"texture":"#0"},"south":{"uv":[9.25,3.125,9.75,4.125],"texture":"#0"},"west":{"uv":[8.25,4.125,9.25,4.375],"rotation":90,"texture":"#0"},"up":{"uv":[10.75,4.125,11.25,4.375],"rotation":180,"texture":"#0"},"down":{"uv":[9.25,4.125,9.75,4.375],"texture":"#0"}}},{"from":[9,8,0.75],"to":[11,12,1.75],"rotation":{"angle":22.5,"axis":"x","origin":[0,8,-13.5]},"faces":{"north":{"uv":[9.75,4.125,10.25,3.125],"rotation":180,"texture":"#0"},"east":{"uv":[9.75,4.125,10.75,4.375],"rotation":270,"texture":"#0"},"south":{"uv":[9.25,3.125,9.75,4.125],"texture":"#0"},"west":{"uv":[8.25,4.125,9.25,4.375],"rotation":90,"texture":"#0"},"up":{"uv":[10.75,4.125,11.25,4.375],"rotation":180,"texture":"#0"},"down":{"uv":[9.25,4.125,9.75,4.375],"texture":"#0"}}}]}