{"display":{"thirdperson_righthand":{"rotation":[75,45,0],"translation":[0,2.5,0],"scale":[0.375,0.375,0.375]},"thirdperson_lefthand":{"rotation":[75,45,0],"translation":[0,2.5,0],"scale":[0.375,0.375,0.375]},"firstperson_righthand":{"rotation":[0,45,0],"scale":[0.4,0.4,0.4]},"firstperson_lefthand":{"rotation":[0,225,0],"scale":[0.4,0.4,0.4]},"ground":{"translation":[0,3,0],"scale":[0.25,0.25,0.25]},"gui":{"rotation":[30,225,0],"translation":[0,2.5,0],"scale":[0.8,0.8,0.8]},"head":{"rotation":[-25,45,20],"translation":[-6,16.5,-5.25],"scale":[1.5,1.5,1.5]},"fixed":{"scale":[0.5,0.5,0.5]}},"texture_size":[64,32],"textures":{"0":"entity/slime/magmacube"},"elements":[{"from":[4,7,4],"to":[12,8,12],"faces":{"north":{"uv":[2,4,4,4.5],"texture":"#0"},"east":{"uv":[0,4,2,4.5],"texture":"#0"},"south":{"uv":[6,4,8,4.5],"texture":"#0"},"west":{"uv":[4,4,6,4.5],"texture":"#0"},"up":{"uv":[4,4,2,0],"texture":"#0"},"down":{"uv":[6,0,4,4],"texture":"#0"}}},{"from":[4,6,4],"to":[12,7,12],"faces":{"north":{"uv":[2,4.5,4,5],"texture":"#0"},"east":{"uv":[0,4.5,2,5],"texture":"#0"},"south":{"uv":[6,4.5,8,5],"texture":"#0"},"west":{"uv":[4,4.5,6,5],"texture":"#0"},"up":{"uv":[4,4.5,2,0.5],"texture":"#0"},"down":{"uv":[6,0.5,4,4.5],"texture":"#0"}}},{"from":[4,5,4],"to":[12,6,12],"faces":{"north":{"uv":[8,9,10,9.5],"texture":"#0"},"east":{"uv":[6,9,8,9.5],"texture":"#0"},"south":{"uv":[12,9,14,9.5],"texture":"#0"},"west":{"uv":[10,9,12,9.5],"texture":"#0"},"up":{"uv":[10,9,8,5],"texture":"#0"},"down":{"uv":[12,5,10,9],"texture":"#0"}}},{"from":[4,4,4],"to":[12,5,12],"faces":{"north":{"uv":[8,13.5,10,14],"texture":"#0"},"east":{"uv":[6,13.5,8,14],"texture":"#0"},"south":{"uv":[12,13.5,14,14],"texture":"#0"},"west":{"uv":[10,13.5,12,14],"texture":"#0"},"up":{"uv":[10,13.5,8,9.5],"texture":"#0"},"down":{"uv":[12,9.5,10,13.5],"texture":"#0"}}},{"from":[4,3,4],"to":[12,4,12],"faces":{"north":{"uv":[2,6,4,6.5],"texture":"#0"},"east":{"uv":[0,6,2,6.5],"texture":"#0"},"south":{"uv":[6,6,8,6.5],"texture":"#0"},"west":{"uv":[4,6,6,6.5],"texture":"#0"},"up":{"uv":[4,6,2,2],"texture":"#0"},"down":{"uv":[6,2,4,6],"texture":"#0"}}},{"from":[4,2,4],"to":[12,3,12],"faces":{"north":{"uv":[2,6.5,4,7],"texture":"#0"},"east":{"uv":[0,6.5,2,7],"texture":"#0"},"south":{"uv":[6,6.5,8,7],"texture":"#0"},"west":{"uv":[4,6.5,6,7],"texture":"#0"},"up":{"uv":[4,6.5,2,2.5],"texture":"#0"},"down":{"uv":[6,2.5,4,6.5],"texture":"#0"}}},{"from":[4,1,4],"to":[12,2,12],"faces":{"north":{"uv":[2,7,4,7.5],"texture":"#0"},"east":{"uv":[0,7,2,7.5],"texture":"#0"},"south":{"uv":[6,7,8,7.5],"texture":"#0"},"west":{"uv":[4,7,6,7.5],"texture":"#0"},"up":{"uv":[4,7,2,3],"texture":"#0"},"down":{"uv":[6,3,4,7],"texture":"#0"}}},{"from":[4,0,4],"to":[12,1,12],"faces":{"north":{"uv":[2,7.5,4,8],"texture":"#0"},"east":{"uv":[0,7.5,2,8],"texture":"#0"},"south":{"uv":[6,7.5,8,8],"texture":"#0"},"west":{"uv":[4,7.5,6,8],"texture":"#0"},"up":{"uv":[4,7.5,2,3.5],"texture":"#0"},"down":{"uv":[6,3.5,4,7.5],"texture":"#0"}}},{"from":[6,2,6],"to":[10,6,10],"faces":{"north":{"uv":[1,10,2,12],"texture":"#0"},"east":{"uv":[0,10,1,12],"texture":"#0"},"south":{"uv":[3,10,4,12],"texture":"#0"},"west":{"uv":[2,10,3,12],"texture":"#0"},"up":{"uv":[2,10,1,8],"texture":"#0"},"down":{"uv":[3,8,2,10],"texture":"#0"}}}]}