{"display":{"thirdperson_righthand":{"rotation":[75,45,0],"translation":[1.75,-1.5,0],"scale":[0.25,0.25,0.25]},"thirdperson_lefthand":{"rotation":[75,45,0],"translation":[1.75,-1.5,0],"scale":[0.25,0.25,0.25]},"firstperson_righthand":{"rotation":[0,45,0],"translation":[9.5,-2,0],"scale":[0.4,0.4,0.4]},"firstperson_lefthand":{"rotation":[0,45,0],"translation":[9.5,-2,0],"scale":[0.4,0.4,0.4]},"ground":{"translation":[0,3,0],"scale":[0.25,0.25,0.25]},"gui":{"rotation":[30,225,0],"translation":[-5,1,0],"scale":[0.45,0.45,0.45]},"head":{"rotation":[0,0,-25],"translation":[16,24,0],"scale":[1.5,1.5,1.5]},"fixed":{"scale":[0.5,0.5,0.5]}},"parent":"phantom","texture_size":[64,64],"textures":{"0":"pets/animation/phantom_anim1_pet","1":"pets/animation/phantom_anim2_pet","2":"pets/animation/phantom_anim3_pet","3":"pets/animation/phantom_anim4_pet"},"elements":[{"from":[3,7,-16],"to":[10,10,-11],"rotation":{"angle":0,"axis":"y","origin":[11,9,8]},"faces":{"north":{"uv":[1.25,1.25,3,2],"texture":"#0"},"east":{"uv":[0,1.25,1.25,2],"texture":"#0"},"south":{"uv":[4.25,1.25,6,2],"texture":"#0"},"west":{"uv":[3,1.25,4.25,2],"texture":"#0"},"up":{"uv":[1.25,0,3,1.25],"rotation":180,"texture":"#0"},"down":{"uv":[3,0,4.75,1.25],"texture":"#0"}}},{"from":[4,8,-11],"to":[9,11,-2],"rotation":{"angle":0,"axis":"y","origin":[12,10,13]},"faces":{"north":{"uv":[2.25,4.25,3.5,5],"texture":"#0"},"east":{"uv":[0,4.25,2.25,5],"texture":"#0"},"south":{"uv":[5.75,4.25,7,5],"texture":"#0"},"west":{"uv":[3.5,4.25,5.75,5],"texture":"#0"},"up":{"uv":[2.25,2,3.5,4.25],"rotation":180,"texture":"#0"},"down":{"uv":[3.5,2,4.75,4.25],"rotation":180,"texture":"#0"}}},{"from":[-2,9,-11],"to":[4,11,-2],"rotation":{"angle":0,"axis":"z","origin":[6,11,13]},"faces":{"north":{"uv":[8,5.25,9.5,5.75],"texture":"#0"},"east":{"uv":[9.5,5.25,11.75,5.75],"texture":"#0"},"south":{"uv":[11.75,5.25,13.25,5.75],"texture":"#0"},"west":{"uv":[5.75,5.25,8,5.75],"texture":"#0"},"up":{"uv":[8,3,9.5,5.25],"rotation":180,"texture":"#0"},"down":{"uv":[11,3,9.5,5.25],"texture":"#0"}}},{"from":[9,9,-11],"to":[15,11,-2],"rotation":{"angle":0,"axis":"z","origin":[6,11,13]},"faces":{"north":{"uv":[9.5,5.25,8,5.75],"texture":"#0"},"east":{"uv":[5.75,5.25,8,5.75],"texture":"#0"},"south":{"uv":[13.25,5.25,11.75,5.75],"texture":"#0"},"west":{"uv":[9.5,5.25,11.75,5.75],"texture":"#0"},"up":{"uv":[9.5,3,8,5.25],"rotation":180,"texture":"#0"},"down":{"uv":[9.5,3,11,5.25],"texture":"#0"}}},{"from":[5,9,-2],"to":[8,11,4],"rotation":{"angle":0,"axis":"y","origin":[13,11,22]},"faces":{"north":{"uv":[2.25,6.5,3,7],"texture":"#0"},"east":{"uv":[3,6.5,4.5,7],"texture":"#0"},"south":{"uv":[4.5,6.5,5.25,7],"texture":"#0"},"west":{"uv":[0.75,6.5,2.25,7],"texture":"#0"},"up":{"uv":[2.25,5,3,6.5],"texture":"#0"},"down":{"uv":[3,5,3.75,6.5],"rotation":180,"texture":"#0"}}},{"from":[6,10,4],"to":[7,11,10],"rotation":{"angle":0,"axis":"y","origin":[14,12,28]},"faces":{"north":{"uv":[2.5,8.75,3,9],"texture":"#0"},"east":{"uv":[3,8.75,4.5,9],"texture":"#0"},"south":{"uv":[2.5,8.75,2.75,9],"rotation":180,"texture":"#0"},"west":{"uv":[1,8.75,2.5,9],"texture":"#0"},"up":{"uv":[2.5,7.25,2.75,8.75],"texture":"#0"},"down":{"uv":[2.75,7.25,3,8.75],"rotation":180,"texture":"#0"}}},{"from":[-15,10,-11],"to":[-2,10,-2],"rotation":{"angle":0,"axis":"z","origin":[6,11,13]},"faces":{"north":{"uv":[6.25,8.25,9.5,8.5],"texture":"#0"},"east":{"uv":[4,8.25,6.25,8.5],"texture":"#0"},"south":{"uv":[10,8.75,13.25,9],"texture":"#0"},"west":{"uv":[9.25,8.25,11.5,8.5],"texture":"#0"},"up":{"uv":[9.5,6,12.75,8.25],"rotation":180,"texture":"#0"},"down":{"uv":[12.75,6,9.5,8.25],"texture":"#0"}}},{"from":[-15,11,-11],"to":[-2,11,-2],"rotation":{"angle":0,"axis":"z","origin":[6,11,13]},"faces":{"north":{"uv":[6.25,8.25,9.5,8.5],"texture":"#0"},"east":{"uv":[4,8.25,6.25,8.5],"texture":"#0"},"south":{"uv":[10,8.75,13.25,9],"texture":"#0"},"west":{"uv":[9.25,8.25,11.5,8.5],"texture":"#0"},"up":{"uv":[6.25,6,9.5,8.25],"rotation":180,"texture":"#0"},"down":{"uv":[9.5,6,6.25,8.25],"texture":"#0"}}},{"from":[-15,10,-11],"to":[-15,11,-2],"rotation":{"angle":0,"axis":"z","origin":[6,11,13]},"faces":{"north":{"uv":[6.25,8.25,9.5,8.5],"texture":"#0"},"east":{"uv":[11.75,8.25,9.5,8.5],"texture":"#0"},"south":{"uv":[10,8.75,13.25,9],"texture":"#0"},"west":{"uv":[9.5,8.5,11.75,8.25],"texture":"#0"},"up":{"uv":[6.25,6,9.5,8.25],"rotation":180,"texture":"#0"},"down":{"uv":[9.5,6,6.25,8.25],"texture":"#0"}}},{"from":[-15,10,-11],"to":[-2,11,-11],"rotation":{"angle":0,"axis":"z","origin":[6,11,13]},"faces":{"north":{"uv":[6.25,8.25,9.5,8.5],"texture":"#0"},"east":{"uv":[4,8.25,6.25,8.5],"texture":"#0"},"south":{"uv":[9.5,8.5,6.25,8.25],"texture":"#0"},"west":{"uv":[9.25,8.25,11.5,8.5],"texture":"#0"},"up":{"uv":[6.25,6,9.5,8.25],"rotation":180,"texture":"#0"},"down":{"uv":[9.5,6,6.25,8.25],"texture":"#0"}}},{"from":[15,10,-11],"to":[28,11,-11],"rotation":{"angle":0,"axis":"z","origin":[6,11,13]},"faces":{"north":{"uv":[6.25,8.5,9.5,8.25],"texture":"#0"},"east":{"uv":[4,8.25,6.25,8.5],"texture":"#0"},"south":{"uv":[6.25,8.5,9.5,8.25],"texture":"#0"},"west":{"uv":[9.25,8.25,11.5,8.5],"texture":"#0"},"up":{"uv":[6.25,6,9.5,8.25],"rotation":180,"texture":"#0"},"down":{"uv":[9.5,6,6.25,8.25],"texture":"#0"}}},{"from":[15,10,-11],"to":[28,10,-2],"rotation":{"angle":0,"axis":"z","origin":[6,11,13]},"faces":{"north":{"uv":[6.25,8.25,9.5,8.5],"texture":"#0"},"east":{"uv":[4,8.25,6.25,8.5],"texture":"#0"},"south":{"uv":[10,8.75,13.25,9],"texture":"#0"},"west":{"uv":[9.25,8.25,11.5,8.5],"texture":"#0"},"up":{"uv":[12.75,6,9.5,8.25],"rotation":180,"texture":"#0"},"down":{"uv":[9.5,6,12.75,8.25],"texture":"#0"}}},{"from":[15,11,-11],"to":[28,11,-2],"rotation":{"angle":0,"axis":"z","origin":[6,11,13]},"faces":{"north":{"uv":[6.25,8.25,9.5,8.5],"texture":"#0"},"east":{"uv":[4,8.25,6.25,8.5],"texture":"#0"},"south":{"uv":[10,8.75,13.25,9],"texture":"#0"},"west":{"uv":[9.25,8.25,11.5,8.5],"texture":"#0"},"up":{"uv":[9.5,6,6.25,8.25],"rotation":180,"texture":"#0"},"down":{"uv":[6.25,6,9.5,8.25],"texture":"#0"}}},{"from":[28,10,-11],"to":[28,11,-2],"rotation":{"angle":0,"axis":"z","origin":[6,11,13]},"faces":{"north":{"uv":[6.25,8.25,9.5,8.5],"texture":"#0"},"east":{"uv":[11.75,8.25,9.5,8.5],"texture":"#0"},"south":{"uv":[10,8.75,13.25,9],"texture":"#0"},"west":{"uv":[9.5,8.5,11.75,8.25],"texture":"#0"},"up":{"uv":[6.25,6,9.5,8.25],"rotation":180,"texture":"#0"},"down":{"uv":[9.5,6,6.25,8.25],"texture":"#0"}}},{"from":[3,7,-16],"to":[10,10,-11],"rotation":{"angle":0,"axis":"y","origin":[11,15,-8]},"faces":{"north":{"uv":[1.25,1.25,3,2],"texture":"#1"},"east":{"uv":[0,1.25,1.25,2],"texture":"#1"},"south":{"uv":[4.25,1.25,6,2],"texture":"#1"},"west":{"uv":[3,1.25,4.25,2],"texture":"#1"},"up":{"uv":[1.25,0,3,1.25],"rotation":180,"texture":"#1"},"down":{"uv":[3,0,4.75,1.25],"texture":"#1"}}},{"from":[4,8,-11],"to":[9,11,-2],"rotation":{"angle":0,"axis":"y","origin":[12,16,-3]},"faces":{"north":{"uv":[2.25,4.25,3.5,5],"texture":"#1"},"east":{"uv":[0,4.25,2.25,5],"texture":"#1"},"south":{"uv":[5.75,4.25,7,5],"texture":"#1"},"west":{"uv":[3.5,4.25,5.75,5],"texture":"#1"},"up":{"uv":[2.25,2,3.5,4.25],"rotation":180,"texture":"#1"},"down":{"uv":[3.5,2,4.75,4.25],"rotation":180,"texture":"#1"}}},{"from":[1,8.75,-11],"to":[7,10.75,-2],"rotation":{"angle":-22.5,"axis":"z","origin":[6,17,-3]},"faces":{"north":{"uv":[8,5.25,9.5,5.75],"texture":"#1"},"east":{"uv":[9.5,5.25,11.75,5.75],"texture":"#1"},"south":{"uv":[11.75,5.25,13.25,5.75],"texture":"#1"},"west":{"uv":[5.75,5.25,8,5.75],"texture":"#1"},"up":{"uv":[8,3,9.5,5.25],"rotation":180,"texture":"#1"},"down":{"uv":[11,3,9.5,5.25],"texture":"#1"}}},{"from":[6,8.5,-11],"to":[12,10.5,-2],"rotation":{"angle":22.5,"axis":"z","origin":[6,17,-3]},"faces":{"north":{"uv":[9.5,5.25,8,5.75],"texture":"#1"},"east":{"uv":[5.75,5.25,8,5.75],"texture":"#1"},"south":{"uv":[13.25,5.25,11.75,5.75],"texture":"#1"},"west":{"uv":[9.5,5.25,11.75,5.75],"texture":"#1"},"up":{"uv":[9.5,3,8,5.25],"rotation":180,"texture":"#1"},"down":{"uv":[9.5,3,11,5.25],"texture":"#1"}}},{"from":[5,6.5,1],"to":[8,8.5,7],"rotation":{"angle":22.5,"axis":"x","origin":[13,17,6]},"faces":{"north":{"uv":[2.25,6.5,3,7],"texture":"#1"},"east":{"uv":[3,6.5,4.5,7],"texture":"#1"},"south":{"uv":[4.5,6.5,5.25,7],"texture":"#1"},"west":{"uv":[0.75,6.5,2.25,7],"texture":"#1"},"up":{"uv":[2.25,5,3,6.5],"texture":"#1"},"down":{"uv":[3,5,3.75,6.5],"rotation":180,"texture":"#1"}}},{"from":[6,4.5,12.5],"to":[7,5.5,18.5],"rotation":{"angle":45,"axis":"x","origin":[14,18,12]},"faces":{"north":{"uv":[2.5,8.75,3,9],"texture":"#1"},"east":{"uv":[3,8.75,4.5,9],"texture":"#1"},"south":{"uv":[2.5,8.75,2.75,9],"rotation":180,"texture":"#1"},"west":{"uv":[1,8.75,2.5,9],"texture":"#1"},"up":{"uv":[2.5,7.25,2.75,8.75],"texture":"#1"},"down":{"uv":[2.75,7.25,3,8.75],"rotation":180,"texture":"#1"}}},{"from":[-9,8.25,-11],"to":[4,8.25,-2],"rotation":{"angle":-45,"axis":"z","origin":[6,17,-3]},"faces":{"north":{"uv":[6.25,8.25,9.5,8.5],"texture":"#1"},"east":{"uv":[4,8.25,6.25,8.5],"texture":"#1"},"south":{"uv":[10,8.75,13.25,9],"texture":"#1"},"west":{"uv":[9.25,8.25,11.5,8.5],"texture":"#1"},"up":{"uv":[9.5,6,12.75,8.25],"rotation":180,"texture":"#1"},"down":{"uv":[12.75,6,9.5,8.25],"texture":"#1"}}},{"from":[-9,9.25,-11],"to":[4,9.25,-2],"rotation":{"angle":-45,"axis":"z","origin":[6,17,-3]},"faces":{"north":{"uv":[6.25,8.25,9.5,8.5],"texture":"#1"},"east":{"uv":[4,8.25,6.25,8.5],"texture":"#1"},"south":{"uv":[10,8.75,13.25,9],"texture":"#1"},"west":{"uv":[9.25,8.25,11.5,8.5],"texture":"#1"},"up":{"uv":[6.25,6,9.5,8.25],"rotation":180,"texture":"#1"},"down":{"uv":[9.5,6,6.25,8.25],"texture":"#1"}}},{"from":[-9,8.25,-11],"to":[-9,9.25,-2],"rotation":{"angle":-45,"axis":"z","origin":[6,17,-3]},"faces":{"north":{"uv":[6.25,8.25,9.5,8.5],"texture":"#1"},"east":{"uv":[11.75,8.25,9.5,8.5],"texture":"#1"},"south":{"uv":[10,8.75,13.25,9],"texture":"#1"},"west":{"uv":[9.5,8.5,11.75,8.25],"texture":"#1"},"up":{"uv":[6.25,6,9.5,8.25],"rotation":180,"texture":"#1"},"down":{"uv":[9.5,6,6.25,8.25],"texture":"#1"}}},{"from":[-9,8.25,-11],"to":[4,9.25,-11],"rotation":{"angle":-45,"axis":"z","origin":[6,17,-3]},"faces":{"north":{"uv":[6.25,8.25,9.5,8.5],"texture":"#1"},"east":{"uv":[4,8.25,6.25,8.5],"texture":"#1"},"south":{"uv":[9.5,8.5,6.25,8.25],"texture":"#1"},"west":{"uv":[9.25,8.25,11.5,8.5],"texture":"#1"},"up":{"uv":[6.25,6,9.5,8.25],"rotation":180,"texture":"#1"},"down":{"uv":[9.5,6,6.25,8.25],"texture":"#1"}}},{"from":[8.75,7.75,-11],"to":[21.75,8.75,-11],"rotation":{"angle":45,"axis":"z","origin":[6,17,-3]},"faces":{"north":{"uv":[6.25,8.5,9.5,8.25],"texture":"#1"},"east":{"uv":[4,8.25,6.25,8.5],"texture":"#1"},"south":{"uv":[6.25,8.5,9.5,8.25],"texture":"#1"},"west":{"uv":[9.25,8.25,11.5,8.5],"texture":"#1"},"up":{"uv":[6.25,6,9.5,8.25],"rotation":180,"texture":"#1"},"down":{"uv":[9.5,6,6.25,8.25],"texture":"#1"}}},{"from":[8.75,7.75,-11],"to":[21.75,7.75,-2],"rotation":{"angle":45,"axis":"z","origin":[6,17,-3]},"faces":{"north":{"uv":[6.25,8.25,9.5,8.5],"texture":"#1"},"east":{"uv":[4,8.25,6.25,8.5],"texture":"#1"},"south":{"uv":[10,8.75,13.25,9],"texture":"#1"},"west":{"uv":[9.25,8.25,11.5,8.5],"texture":"#1"},"up":{"uv":[12.75,6,9.5,8.25],"rotation":180,"texture":"#1"},"down":{"uv":[9.5,6,12.75,8.25],"texture":"#1"}}},{"from":[8.75,8.75,-11],"to":[21.75,8.75,-2],"rotation":{"angle":45,"axis":"z","origin":[6,17,-3]},"faces":{"north":{"uv":[6.25,8.25,9.5,8.5],"texture":"#1"},"east":{"uv":[4,8.25,6.25,8.5],"texture":"#1"},"south":{"uv":[10,8.75,13.25,9],"texture":"#1"},"west":{"uv":[9.25,8.25,11.5,8.5],"texture":"#1"},"up":{"uv":[9.5,6,6.25,8.25],"rotation":180,"texture":"#1"},"down":{"uv":[6.25,6,9.5,8.25],"texture":"#1"}}},{"from":[21.75,7.75,-11],"to":[21.75,8.75,-2],"rotation":{"angle":45,"axis":"z","origin":[6,17,-3]},"faces":{"north":{"uv":[6.25,8.25,9.5,8.5],"texture":"#1"},"east":{"uv":[11.75,8.25,9.5,8.5],"texture":"#1"},"south":{"uv":[10,8.75,13.25,9],"texture":"#1"},"west":{"uv":[9.5,8.5,11.75,8.25],"texture":"#1"},"up":{"uv":[6.25,6,9.5,8.25],"rotation":180,"texture":"#1"},"down":{"uv":[9.5,6,6.25,8.25],"texture":"#1"}}},{"from":[3,7,-16],"to":[10,10,-11],"rotation":{"angle":0,"axis":"y","origin":[11,9,8]},"faces":{"north":{"uv":[1.25,1.25,3,2],"texture":"#2"},"east":{"uv":[0,1.25,1.25,2],"texture":"#2"},"south":{"uv":[4.25,1.25,6,2],"texture":"#2"},"west":{"uv":[3,1.25,4.25,2],"texture":"#2"},"up":{"uv":[1.25,0,3,1.25],"rotation":180,"texture":"#2"},"down":{"uv":[3,0,4.75,1.25],"texture":"#2"}}},{"from":[4,8,-11],"to":[9,11,-2],"rotation":{"angle":0,"axis":"y","origin":[12,10,13]},"faces":{"north":{"uv":[2.25,4.25,3.5,5],"texture":"#2"},"east":{"uv":[0,4.25,2.25,5],"texture":"#2"},"south":{"uv":[5.75,4.25,7,5],"texture":"#2"},"west":{"uv":[3.5,4.25,5.75,5],"texture":"#2"},"up":{"uv":[2.25,2,3.5,4.25],"rotation":180,"texture":"#2"},"down":{"uv":[3.5,2,4.75,4.25],"rotation":180,"texture":"#2"}}},{"from":[-2,9,-11],"to":[4,11,-2],"rotation":{"angle":0,"axis":"z","origin":[6,11,13]},"faces":{"north":{"uv":[8,5.25,9.5,5.75],"texture":"#2"},"east":{"uv":[9.5,5.25,11.75,5.75],"texture":"#2"},"south":{"uv":[11.75,5.25,13.25,5.75],"texture":"#2"},"west":{"uv":[5.75,5.25,8,5.75],"texture":"#2"},"up":{"uv":[8,3,9.5,5.25],"rotation":180,"texture":"#2"},"down":{"uv":[11,3,9.5,5.25],"texture":"#2"}}},{"from":[9,9,-11],"to":[15,11,-2],"rotation":{"angle":0,"axis":"z","origin":[6,11,13]},"faces":{"north":{"uv":[9.5,5.25,8,5.75],"texture":"#2"},"east":{"uv":[5.75,5.25,8,5.75],"texture":"#2"},"south":{"uv":[13.25,5.25,11.75,5.75],"texture":"#2"},"west":{"uv":[9.5,5.25,11.75,5.75],"texture":"#2"},"up":{"uv":[9.5,3,8,5.25],"rotation":180,"texture":"#2"},"down":{"uv":[9.5,3,11,5.25],"texture":"#2"}}},{"from":[5,9,-2],"to":[8,11,4],"rotation":{"angle":0,"axis":"y","origin":[13,11,22]},"faces":{"north":{"uv":[2.25,6.5,3,7],"texture":"#2"},"east":{"uv":[3,6.5,4.5,7],"texture":"#2"},"south":{"uv":[4.5,6.5,5.25,7],"texture":"#2"},"west":{"uv":[0.75,6.5,2.25,7],"texture":"#2"},"up":{"uv":[2.25,5,3,6.5],"texture":"#2"},"down":{"uv":[3,5,3.75,6.5],"rotation":180,"texture":"#2"}}},{"from":[6,10,4],"to":[7,11,10],"rotation":{"angle":0,"axis":"y","origin":[14,12,28]},"faces":{"north":{"uv":[2.5,8.75,3,9],"texture":"#2"},"east":{"uv":[3,8.75,4.5,9],"texture":"#2"},"south":{"uv":[2.5,8.75,2.75,9],"rotation":180,"texture":"#2"},"west":{"uv":[1,8.75,2.5,9],"texture":"#2"},"up":{"uv":[2.5,7.25,2.75,8.75],"texture":"#2"},"down":{"uv":[2.75,7.25,3,8.75],"rotation":180,"texture":"#2"}}},{"from":[-15,10,-11],"to":[-2,10,-2],"rotation":{"angle":0,"axis":"z","origin":[6,11,13]},"faces":{"north":{"uv":[6.25,8.25,9.5,8.5],"texture":"#2"},"east":{"uv":[4,8.25,6.25,8.5],"texture":"#2"},"south":{"uv":[10,8.75,13.25,9],"texture":"#2"},"west":{"uv":[9.25,8.25,11.5,8.5],"texture":"#2"},"up":{"uv":[9.5,6,12.75,8.25],"rotation":180,"texture":"#2"},"down":{"uv":[12.75,6,9.5,8.25],"texture":"#2"}}},{"from":[-15,11,-11],"to":[-2,11,-2],"rotation":{"angle":0,"axis":"z","origin":[6,11,13]},"faces":{"north":{"uv":[6.25,8.25,9.5,8.5],"texture":"#2"},"east":{"uv":[4,8.25,6.25,8.5],"texture":"#2"},"south":{"uv":[10,8.75,13.25,9],"texture":"#2"},"west":{"uv":[9.25,8.25,11.5,8.5],"texture":"#2"},"up":{"uv":[6.25,6,9.5,8.25],"rotation":180,"texture":"#2"},"down":{"uv":[9.5,6,6.25,8.25],"texture":"#2"}}},{"from":[-15,10,-11],"to":[-15,11,-2],"rotation":{"angle":0,"axis":"z","origin":[6,11,13]},"faces":{"north":{"uv":[6.25,8.25,9.5,8.5],"texture":"#2"},"east":{"uv":[11.75,8.25,9.5,8.5],"texture":"#2"},"south":{"uv":[10,8.75,13.25,9],"texture":"#2"},"west":{"uv":[9.5,8.5,11.75,8.25],"texture":"#2"},"up":{"uv":[6.25,6,9.5,8.25],"rotation":180,"texture":"#2"},"down":{"uv":[9.5,6,6.25,8.25],"texture":"#2"}}},{"from":[-15,10,-11],"to":[-2,11,-11],"rotation":{"angle":0,"axis":"z","origin":[6,11,13]},"faces":{"north":{"uv":[6.25,8.25,9.5,8.5],"texture":"#2"},"east":{"uv":[4,8.25,6.25,8.5],"texture":"#2"},"south":{"uv":[9.5,8.5,6.25,8.25],"texture":"#2"},"west":{"uv":[9.25,8.25,11.5,8.5],"texture":"#2"},"up":{"uv":[6.25,6,9.5,8.25],"rotation":180,"texture":"#2"},"down":{"uv":[9.5,6,6.25,8.25],"texture":"#2"}}},{"from":[15,10,-11],"to":[28,11,-11],"rotation":{"angle":0,"axis":"z","origin":[6,11,13]},"faces":{"north":{"uv":[6.25,8.5,9.5,8.25],"texture":"#2"},"east":{"uv":[4,8.25,6.25,8.5],"texture":"#2"},"south":{"uv":[6.25,8.5,9.5,8.25],"texture":"#2"},"west":{"uv":[9.25,8.25,11.5,8.5],"texture":"#2"},"up":{"uv":[6.25,6,9.5,8.25],"rotation":180,"texture":"#2"},"down":{"uv":[9.5,6,6.25,8.25],"texture":"#2"}}},{"from":[15,10,-11],"to":[28,10,-2],"rotation":{"angle":0,"axis":"z","origin":[6,11,13]},"faces":{"north":{"uv":[6.25,8.25,9.5,8.5],"texture":"#2"},"east":{"uv":[4,8.25,6.25,8.5],"texture":"#2"},"south":{"uv":[10,8.75,13.25,9],"texture":"#2"},"west":{"uv":[9.25,8.25,11.5,8.5],"texture":"#2"},"up":{"uv":[12.75,6,9.5,8.25],"rotation":180,"texture":"#2"},"down":{"uv":[9.5,6,12.75,8.25],"texture":"#2"}}},{"from":[15,11,-11],"to":[28,11,-2],"rotation":{"angle":0,"axis":"z","origin":[6,11,13]},"faces":{"north":{"uv":[6.25,8.25,9.5,8.5],"texture":"#2"},"east":{"uv":[4,8.25,6.25,8.5],"texture":"#2"},"south":{"uv":[10,8.75,13.25,9],"texture":"#2"},"west":{"uv":[9.25,8.25,11.5,8.5],"texture":"#2"},"up":{"uv":[9.5,6,6.25,8.25],"rotation":180,"texture":"#2"},"down":{"uv":[6.25,6,9.5,8.25],"texture":"#2"}}},{"from":[28,10,-11],"to":[28,11,-2],"rotation":{"angle":0,"axis":"z","origin":[6,11,13]},"faces":{"north":{"uv":[6.25,8.25,9.5,8.5],"texture":"#2"},"east":{"uv":[11.75,8.25,9.5,8.5],"texture":"#2"},"south":{"uv":[10,8.75,13.25,9],"texture":"#2"},"west":{"uv":[9.5,8.5,11.75,8.25],"texture":"#2"},"up":{"uv":[6.25,6,9.5,8.25],"rotation":180,"texture":"#2"},"down":{"uv":[9.5,6,6.25,8.25],"texture":"#2"}}},{"from":[3,7,-16],"to":[10,10,-11],"rotation":{"angle":0,"axis":"y","origin":[11,15,8]},"faces":{"north":{"uv":[1.25,1.25,3,2],"texture":"#3"},"east":{"uv":[0,1.25,1.25,2],"texture":"#3"},"south":{"uv":[4.25,1.25,6,2],"texture":"#3"},"west":{"uv":[3,1.25,4.25,2],"texture":"#3"},"up":{"uv":[1.25,0,3,1.25],"rotation":180,"texture":"#3"},"down":{"uv":[3,0,4.75,1.25],"texture":"#3"}}},{"from":[4,8,-11],"to":[9,11,-2],"rotation":{"angle":0,"axis":"y","origin":[12,16,13]},"faces":{"north":{"uv":[2.25,4.25,3.5,5],"texture":"#3"},"east":{"uv":[0,4.25,2.25,5],"texture":"#3"},"south":{"uv":[5.75,4.25,7,5],"texture":"#3"},"west":{"uv":[3.5,4.25,5.75,5],"texture":"#3"},"up":{"uv":[2.25,2,3.5,4.25],"rotation":180,"texture":"#3"},"down":{"uv":[3.5,2,4.75,4.25],"rotation":180,"texture":"#3"}}},{"from":[-4.25,10.25,-11],"to":[1.75,12.25,-2],"rotation":{"angle":22.5,"axis":"z","origin":[6,17,13]},"faces":{"north":{"uv":[8,5.25,9.5,5.75],"texture":"#3"},"east":{"uv":[9.5,5.25,11.75,5.75],"texture":"#3"},"south":{"uv":[11.75,5.25,13.25,5.75],"texture":"#3"},"west":{"uv":[5.75,5.25,8,5.75],"texture":"#3"},"up":{"uv":[8,3,9.5,5.25],"rotation":180,"texture":"#3"},"down":{"uv":[11,3,9.5,5.25],"texture":"#3"}}},{"from":[11.25,10.5,-11],"to":[17.25,12.5,-2],"rotation":{"angle":-22.5,"axis":"z","origin":[6,17,13]},"faces":{"north":{"uv":[9.5,5.25,8,5.75],"texture":"#3"},"east":{"uv":[5.75,5.25,8,5.75],"texture":"#3"},"south":{"uv":[13.25,5.25,11.75,5.75],"texture":"#3"},"west":{"uv":[9.5,5.25,11.75,5.75],"texture":"#3"},"up":{"uv":[9.5,3,8,5.25],"rotation":180,"texture":"#3"},"down":{"uv":[9.5,3,11,5.25],"texture":"#3"}}},{"from":[5,9,-2],"to":[8,11,4],"rotation":{"angle":0,"axis":"y","origin":[13,17,22]},"faces":{"north":{"uv":[2.25,6.5,3,7],"texture":"#3"},"east":{"uv":[3,6.5,4.5,7],"texture":"#3"},"south":{"uv":[4.5,6.5,5.25,7],"texture":"#3"},"west":{"uv":[0.75,6.5,2.25,7],"texture":"#3"},"up":{"uv":[2.25,5,3,6.5],"texture":"#3"},"down":{"uv":[3,5,3.75,6.5],"rotation":180,"texture":"#3"}}},{"from":[6,10,4],"to":[7,11,10],"rotation":{"angle":0,"axis":"y","origin":[14,18,28]},"faces":{"north":{"uv":[2.5,8.75,3,9],"texture":"#3"},"east":{"uv":[3,8.75,4.5,9],"texture":"#3"},"south":{"uv":[2.5,8.75,2.75,9],"rotation":180,"texture":"#3"},"west":{"uv":[1,8.75,2.5,9],"texture":"#3"},"up":{"uv":[2.5,7.25,2.75,8.75],"texture":"#3"},"down":{"uv":[2.75,7.25,3,8.75],"rotation":180,"texture":"#3"}}},{"from":[-8,6.25,-11],"to":[5,6.25,-2],"rotation":{"angle":45,"axis":"z","origin":[0,0,0]},"faces":{"north":{"uv":[6.25,8.25,9.5,8.5],"texture":"#3"},"east":{"uv":[4,8.25,6.25,8.5],"texture":"#3"},"south":{"uv":[10,8.75,13.25,9],"texture":"#3"},"west":{"uv":[9.25,8.25,11.5,8.5],"texture":"#3"},"up":{"uv":[9.5,6,12.75,8.25],"rotation":180,"texture":"#3"},"down":{"uv":[12.75,6,9.5,8.25],"texture":"#3"}}},{"from":[-8,7.25,-11],"to":[5,7.25,-2],"rotation":{"angle":45,"axis":"z","origin":[0,0,0]},"faces":{"north":{"uv":[6.25,8.25,9.5,8.5],"texture":"#3"},"east":{"uv":[4,8.25,6.25,8.5],"texture":"#3"},"south":{"uv":[10,8.75,13.25,9],"texture":"#3"},"west":{"uv":[9.25,8.25,11.5,8.5],"texture":"#3"},"up":{"uv":[6.25,6,9.5,8.25],"rotation":180,"texture":"#3"},"down":{"uv":[9.5,6,6.25,8.25],"texture":"#3"}}},{"from":[-8,6.25,-11],"to":[-8,7.25,-2],"rotation":{"angle":45,"axis":"z","origin":[0,0,0]},"faces":{"north":{"uv":[6.25,8.25,9.5,8.5],"texture":"#3"},"east":{"uv":[11.75,8.25,9.5,8.5],"texture":"#3"},"south":{"uv":[10,8.75,13.25,9],"texture":"#3"},"west":{"uv":[9.5,8.5,11.75,8.25],"texture":"#3"},"up":{"uv":[6.25,6,9.5,8.25],"rotation":180,"texture":"#3"},"down":{"uv":[9.5,6,6.25,8.25],"texture":"#3"}}},{"from":[-8,6.25,-11],"to":[5,7.25,-11],"rotation":{"angle":45,"axis":"z","origin":[0,0,0]},"faces":{"north":{"uv":[6.25,8.25,9.5,8.5],"texture":"#3"},"east":{"uv":[4,8.25,6.25,8.5],"texture":"#3"},"south":{"uv":[9.5,8.5,6.25,8.25],"texture":"#3"},"west":{"uv":[9.25,8.25,11.5,8.5],"texture":"#3"},"up":{"uv":[6.25,6,9.5,8.25],"rotation":180,"texture":"#3"},"down":{"uv":[9.5,6,6.25,8.25],"texture":"#3"}}},{"from":[18,16,-11],"to":[31,17,-11],"rotation":{"angle":-45,"axis":"z","origin":[6,17,13]},"faces":{"north":{"uv":[6.25,8.5,9.5,8.25],"texture":"#3"},"east":{"uv":[4,8.25,6.25,8.5],"texture":"#3"},"south":{"uv":[6.25,8.5,9.5,8.25],"texture":"#3"},"west":{"uv":[9.25,8.25,11.5,8.5],"texture":"#3"},"up":{"uv":[6.25,6,9.5,8.25],"rotation":180,"texture":"#3"},"down":{"uv":[9.5,6,6.25,8.25],"texture":"#3"}}},{"from":[18,16,-11],"to":[31,16,-2],"rotation":{"angle":-45,"axis":"z","origin":[6,17,13]},"faces":{"north":{"uv":[6.25,8.25,9.5,8.5],"texture":"#3"},"east":{"uv":[4,8.25,6.25,8.5],"texture":"#3"},"south":{"uv":[10,8.75,13.25,9],"texture":"#3"},"west":{"uv":[9.25,8.25,11.5,8.5],"texture":"#3"},"up":{"uv":[12.75,6,9.5,8.25],"rotation":180,"texture":"#3"},"down":{"uv":[9.5,6,12.75,8.25],"texture":"#3"}}},{"from":[18,17,-11],"to":[31,17,-2],"rotation":{"angle":-45,"axis":"z","origin":[6,17,13]},"faces":{"north":{"uv":[6.25,8.25,9.5,8.5],"texture":"#3"},"east":{"uv":[4,8.25,6.25,8.5],"texture":"#3"},"south":{"uv":[10,8.75,13.25,9],"texture":"#3"},"west":{"uv":[9.25,8.25,11.5,8.5],"texture":"#3"},"up":{"uv":[9.5,6,6.25,8.25],"rotation":180,"texture":"#3"},"down":{"uv":[6.25,6,9.5,8.25],"texture":"#3"}}},{"from":[31,16,-11],"to":[31,17,-2],"rotation":{"angle":-45,"axis":"z","origin":[6,17,13]},"faces":{"north":{"uv":[6.25,8.25,9.5,8.5],"texture":"#3"},"east":{"uv":[11.75,8.25,9.5,8.5],"texture":"#3"},"south":{"uv":[10,8.75,13.25,9],"texture":"#3"},"west":{"uv":[9.5,8.5,11.75,8.25],"texture":"#3"},"up":{"uv":[6.25,6,9.5,8.25],"rotation":180,"texture":"#3"},"down":{"uv":[9.5,6,6.25,8.25],"texture":"#3"}}}]}