{"display":{"thirdperson_righthand":{"rotation":[75,45,0],"translation":[0,2.5,0],"scale":[0.375,0.375,0.375]},"thirdperson_lefthand":{"rotation":[75,45,0],"translation":[0,2.5,0],"scale":[0.375,0.375,0.375]},"firstperson_righthand":{"rotation":[0,45,0],"scale":[0.4,0.4,0.4]},"firstperson_lefthand":{"rotation":[0,45,0],"scale":[0.4,0.4,0.4]},"ground":{"translation":[0,3,0],"scale":[0.25,0.25,0.25]},"gui":{"rotation":[30,225,0],"translation":[0,2.5,0],"scale":[0.8,0.8,0.8]},"head":{"rotation":[0,25,0],"translation":[0,19,0],"scale":[1.5,1.5,1.5]},"fixed":{"scale":[0.5,0.5,0.5]}},"texture_size":[32,32],"textures":{"0":"pets/static/slime_pet"},"elements":[{"from":[5,1,5],"to":[11,7,11],"faces":{"north":{"uv":[6,11,9,14],"texture":"#0"},"east":{"uv":[3,11,6,14],"texture":"#0"},"south":{"uv":[9,11,12,14],"texture":"#0"},"west":{"uv":[6,8,9,11],"texture":"#0"},"up":{"uv":[6,11,3,8],"texture":"#0"},"down":{"uv":[3,11,0,14],"texture":"#0"}}},{"from":[9.3,4,4.5],"to":[11.3,6,6.5],"faces":{"north":{"uv":[5,4,6,5],"texture":"#0"},"east":{"uv":[4,4,5,5],"texture":"#0"},"south":{"uv":[7,4,8,5],"texture":"#0"},"west":{"uv":[6,4,7,5],"texture":"#0"},"up":{"uv":[6,4,5,3],"texture":"#0"},"down":{"uv":[7,3,6,4],"texture":"#0"}}},{"from":[4.7,4,4.5],"to":[6.7,6,6.5],"faces":{"north":{"uv":[5,6,6,7],"texture":"#0"},"east":{"uv":[4,6,5,7],"texture":"#0"},"south":{"uv":[7,6,8,7],"texture":"#0"},"west":{"uv":[6,6,7,7],"texture":"#0"},"up":{"uv":[6,6,5,5],"texture":"#0"},"down":{"uv":[7,5,6,6],"texture":"#0"}}},{"from":[8,2,4.5],"to":[9,3,5.5],"faces":{"north":{"uv":[4.5,7,5,7.5],"texture":"#0"},"east":{"uv":[4.5,7,5,7.5],"texture":"#0"},"south":{"uv":[4.5,7,5,7.5],"texture":"#0"},"west":{"uv":[4.5,7,5,7.5],"texture":"#0"},"up":{"uv":[5,7.5,4.5,7],"texture":"#0"},"down":{"uv":[5,7,4.5,7.5],"texture":"#0"}}},{"from":[4,8,4],"to":[12,0,12],"faces":{"north":{"uv":[0,4,4,8],"texture":"#0"},"east":{"uv":[0,4,4,8],"texture":"#0"},"south":{"uv":[0,4,4,8],"texture":"#0"},"west":{"uv":[0,4,4,8],"texture":"#0"},"up":{"uv":[0,4,4,8],"texture":"#0"},"down":{"uv":[0,4,4,8],"texture":"#0"}}}]}