{"display":{"thirdperson_righthand":{"rotation":[75,45,0],"translation":[0,1,0],"scale":[0.375,0.375,0.375]},"thirdperson_lefthand":{"rotation":[75,45,0],"translation":[0,1,0],"scale":[0.375,0.375,0.375]},"firstperson_righthand":{"rotation":[0,45,0],"scale":[0.4,0.4,0.4]},"firstperson_lefthand":{"rotation":[0,45,0],"scale":[0.4,0.4,0.4]},"ground":{"translation":[0,3,0],"scale":[0.25,0.25,0.25]},"gui":{"rotation":[30,225,0],"translation":[0,1.5,0],"scale":[0.85,0.85,0.85]},"head":{"translation":[-25,5,0],"scale":[1.5,1.5,1.5]},"fixed":{"scale":[0.5,0.5,0.5]}},"texture_size":[32,32],"textures":{"0":"pets/animation/vex_anim1_pet","1":"pets/animation/vex_anim2_pet"},"elements":[{"from":[5.5,6,4],"to":[10.5,11,9],"rotation":{"angle":0,"axis":"y","origin":[8,5,7.5]},"faces":{"north":{"uv":[2.5,2.5,5,5],"texture":"#0"},"east":{"uv":[0,2.5,2.5,5],"texture":"#0"},"south":{"uv":[7.5,2.5,10,5],"texture":"#0"},"west":{"uv":[5,2.5,7.5,5],"texture":"#0"},"up":{"uv":[2.5,0,5,2.5],"rotation":180,"texture":"#0"},"down":{"uv":[5,0,7.5,2.5],"rotation":180,"texture":"#0"}}},{"from":[6.5,2,5.5],"to":[9.5,6,7.5],"rotation":{"angle":0,"axis":"y","origin":[8,5,7.5]},"faces":{"north":{"uv":[1,6,2.5,8],"texture":"#0"},"east":{"uv":[2.5,6,3.5,8],"texture":"#0"},"south":{"uv":[3.5,6,5,8],"texture":"#0"},"west":{"uv":[0,6,1,8],"texture":"#0"},"up":{"uv":[1,5,2.5,6],"rotation":180,"texture":"#0"},"down":{"uv":[0,0,1.5,1],"rotation":180,"texture":"#0"}}},{"from":[6.75,0.54332,5.5869],"to":[9.25,5.54332,7.0869],"rotation":{"angle":-22.5,"axis":"x","origin":[8,5,7.5]},"faces":{"north":{"uv":[3.5,9,5,12],"texture":"#0"},"east":{"uv":[0,9,1,12],"texture":"#0"},"south":{"uv":[1,9,2.5,12],"texture":"#0"},"west":{"uv":[2.5,9,3.5,12],"texture":"#0"},"up":{"uv":[0,0,1.25,0.75],"rotation":180,"texture":"#0"},"down":{"uv":[0,0,1.25,0.75],"rotation":180,"texture":"#0"}}},{"from":[-0.65328,0.2706,7.55],"to":[7.34672,5.2706,7.55],"rotation":{"angle":-22.5,"axis":"z","origin":[8,5,7.5]},"faces":{"north":{"uv":[12,11,8,13.5],"texture":"#0"},"east":{"uv":[0,0,0.5,2.5],"texture":"#0"},"south":{"uv":[8,11,12,13.5],"texture":"#0"},"west":{"uv":[0,0,0.5,2.5],"texture":"#0"},"up":{"uv":[0,0,0.5,4],"rotation":270,"texture":"#0"},"down":{"uv":[0,0,0.5,4],"rotation":90,"texture":"#0"}}},{"from":[8.65328,0.2706,7.55],"to":[16.65328,5.2706,7.55],"rotation":{"angle":22.5,"axis":"z","origin":[8,5,7.5]},"faces":{"north":{"uv":[8,11,12,13.5],"texture":"#0"},"east":{"uv":[0,0,0.5,2.5],"texture":"#0"},"south":{"uv":[12,11,8,13.5],"texture":"#0"},"west":{"uv":[0,0,0.5,2.5],"texture":"#0"},"up":{"uv":[0,0,0.5,4],"rotation":90,"texture":"#0"},"down":{"uv":[0,0,0.5,4],"rotation":270,"texture":"#0"}}},{"from":[9.5,0.81802,5.78858],"to":[11.5,4.81802,7.78858],"rotation":{"angle":45,"axis":"x","origin":[8,5,7.5]},"faces":{"north":{"uv":[12.5,1,13.5,3],"texture":"#0"},"east":{"uv":[11.5,1,12.5,3],"texture":"#0"},"south":{"uv":[14.5,1,15.5,3],"texture":"#0"},"west":{"uv":[13.5,1,14.5,3],"texture":"#0"},"up":{"uv":[12.5,0,13.5,1],"rotation":180,"texture":"#0"},"down":{"uv":[13.5,0,14.5,1],"rotation":180,"texture":"#0"}}},{"from":[4.5,0.81802,5.78858],"to":[6.5,4.81802,7.78858],"rotation":{"angle":45,"axis":"x","origin":[8,5,7.5]},"faces":{"north":{"uv":[12.5,4,13.5,6],"texture":"#0"},"east":{"uv":[11.5,4,12.5,6],"texture":"#0"},"south":{"uv":[14.5,4,15.5,6],"texture":"#0"},"west":{"uv":[13.5,4,14.5,6],"texture":"#0"},"up":{"uv":[12.5,3,13.5,4],"rotation":180,"texture":"#0"},"down":{"uv":[13.5,3,14.5,4],"rotation":180,"texture":"#0"}}},{"from":[5.5,6,4],"to":[10.5,11,9],"rotation":{"angle":0,"axis":"y","origin":[8,5,7.5]},"faces":{"north":{"uv":[2.5,2.5,5,5],"texture":"#1"},"east":{"uv":[0,2.5,2.5,5],"texture":"#1"},"south":{"uv":[7.5,2.5,10,5],"texture":"#1"},"west":{"uv":[5,2.5,7.5,5],"texture":"#1"},"up":{"uv":[2.5,0,5,2.5],"rotation":180,"texture":"#1"},"down":{"uv":[5,0,7.5,2.5],"rotation":180,"texture":"#1"}}},{"from":[6.5,2,5.5],"to":[9.5,6,7.5],"rotation":{"angle":0,"axis":"y","origin":[8,5,7.5]},"faces":{"north":{"uv":[1,6,2.5,8],"texture":"#1"},"east":{"uv":[2.5,6,3.5,8],"texture":"#1"},"south":{"uv":[3.5,6,5,8],"texture":"#1"},"west":{"uv":[0,6,1,8],"texture":"#1"},"up":{"uv":[1,5,2.5,6],"rotation":180,"texture":"#1"},"down":{"uv":[0,0,1.5,1],"rotation":180,"texture":"#1"}}},{"from":[9.5,0.81802,5.78858],"to":[11.5,4.81802,7.78858],"rotation":{"angle":45,"axis":"x","origin":[8,5,7.5]},"faces":{"north":{"uv":[12.5,1,13.5,3],"texture":"#1"},"east":{"uv":[11.5,1,12.5,3],"texture":"#1"},"south":{"uv":[14.5,1,15.5,3],"texture":"#1"},"west":{"uv":[13.5,1,14.5,3],"texture":"#1"},"up":{"uv":[12.5,0,13.5,1],"rotation":180,"texture":"#1"},"down":{"uv":[13.5,0,14.5,1],"rotation":180,"texture":"#1"}}},{"from":[4.5,0.81802,5.78858],"to":[6.5,4.81802,7.78858],"rotation":{"angle":45,"axis":"x","origin":[8,5,7.5]},"faces":{"north":{"uv":[12.5,4,13.5,6],"texture":"#1"},"east":{"uv":[11.5,4,12.5,6],"texture":"#1"},"south":{"uv":[14.5,4,15.5,6],"texture":"#1"},"west":{"uv":[13.5,4,14.5,6],"texture":"#1"},"up":{"uv":[12.5,3,13.5,4],"rotation":180,"texture":"#1"},"down":{"uv":[13.5,3,14.5,4],"rotation":180,"texture":"#1"}}},{"from":[6.75,0.54332,5.5869],"to":[9.25,5.54332,7.0869],"rotation":{"angle":-22.5,"axis":"x","origin":[8,5,7.5]},"faces":{"north":{"uv":[3.5,9,5,12],"texture":"#1"},"east":{"uv":[0,9,1,12],"texture":"#1"},"south":{"uv":[1,9,2.5,12],"texture":"#1"},"west":{"uv":[2.5,9,3.5,12],"texture":"#1"},"up":{"uv":[0,0,1.25,0.75],"rotation":180,"texture":"#1"},"down":{"uv":[0,0,1.25,0.75],"rotation":180,"texture":"#1"}}},{"from":[7.75,1,7.5],"to":[7.75,6,15.5],"rotation":{"angle":-22.5,"axis":"y","origin":[8,5,7]},"faces":{"north":{"uv":[0,0,0.5,2.5],"texture":"#1"},"east":{"uv":[8,11,12,13.5],"texture":"#1"},"south":{"uv":[0,0,0.5,2.5],"texture":"#1"},"west":{"uv":[12,11,8,13.5],"texture":"#1"},"up":{"uv":[0,0,0.5,4],"rotation":180,"texture":"#1"},"down":{"uv":[0,0,0.5,4],"rotation":180,"texture":"#1"}}},{"from":[8.25,1,7.5],"to":[8.25,6,15.5],"rotation":{"angle":22.5,"axis":"y","origin":[8,5,7]},"faces":{"north":{"uv":[0,0,0.5,2.5],"texture":"#1"},"east":{"uv":[8,11,12,13.5],"texture":"#1"},"south":{"uv":[0,0,0.5,2.5],"texture":"#1"},"west":{"uv":[12,11,8,13.5],"texture":"#1"},"up":{"uv":[0,0,0.5,4],"rotation":180,"texture":"#1"},"down":{"uv":[0,0,0.5,4],"rotation":180,"texture":"#1"}}}]}