{"display":{"thirdperson_righthand":{"rotation":[75,45,0],"scale":[0.375,0.375,0.375]},"thirdperson_lefthand":{"rotation":[75,45,0],"scale":[0.375,0.375,0.375]},"firstperson_righthand":{"rotation":[0,45,0],"scale":[0.4,0.4,0.4]},"firstperson_lefthand":{"rotation":[0,45,0],"scale":[0.4,0.4,0.4]},"ground":{"translation":[0,3,0],"scale":[0.25,0.25,0.25]},"gui":{"rotation":[30,225,0],"translation":[0,-0.5,0],"scale":[0.625,0.625,0.625]},"head":{"translation":[-2,5,10],"scale":[1.5,1.5,1.5]},"fixed":{"scale":[0.5,0.5,0.5]}},"texture_size":[64,64],"textures":{"0":"entity/zombie_villager/zombie_villager","1":"entity/zombie_villager/type/plains","2":"block/emerald_block"},"elements":[{"from":[8,0,6],"to":[10,6,8],"faces":{"north":{"uv":[2,6.5,1,9.5],"texture":"#0"},"east":{"uv":[3,6.5,2,9.5],"texture":"#0"},"south":{"uv":[4,6.5,3,9.5],"texture":"#0"},"west":{"uv":[1,6.5,0,9.5],"texture":"#0"},"up":{"uv":[1,6.5,2,5.5],"texture":"#0"},"down":{"uv":[2,5.5,3,6.5],"texture":"#0"}}},{"from":[7.99,-0.01,5.99],"to":[10.01,6.01,8.01],"faces":{"north":{"uv":[2,6.5,1,9.5],"texture":"#1"},"east":{"uv":[3,6.5,2,9.5],"texture":"#1"},"south":{"uv":[4,6.5,3,9.5],"texture":"#1"},"west":{"uv":[1,6.5,0,9.5],"texture":"#1"},"up":{"uv":[1,6.5,2,5.5],"texture":"#1"},"down":{"uv":[2,5.5,3,6.5],"texture":"#1"}}},{"from":[4.5,10,5.5],"to":[8.5,16,8.5],"rotation":{"angle":-22.5,"axis":"z","origin":[-1.5,4,0]},"faces":{"north":{"uv":[5.5,6.5,7.5,9.5],"texture":"#0"},"east":{"uv":[4,6.5,5.5,9.5],"texture":"#0"},"south":{"uv":[9,6.5,11,9.5],"texture":"#0"},"west":{"uv":[7.5,6.5,9,9.5],"texture":"#0"},"up":{"uv":[7.5,6.5,5.5,5],"texture":"#0"},"down":{"uv":[9.5,5,7.5,6.5],"texture":"#0"}}},{"from":[4.49,9.99,5.49],"to":[8.51,16.01,8.51],"rotation":{"angle":-22.5,"axis":"z","origin":[-1.5,4,0]},"faces":{"north":{"uv":[5.5,6.5,7.5,9.5],"texture":"#1"},"east":{"uv":[4,6.5,5.5,9.5],"texture":"#1"},"south":{"uv":[9,6.5,11,9.5],"texture":"#1"},"west":{"uv":[7.5,6.5,9,9.5],"texture":"#1"},"up":{"uv":[7.5,6.5,5.5,5],"texture":"#1"},"down":{"uv":[9.5,5,7.5,6.5],"texture":"#1"}}},{"from":[4.45,5.95,5.45],"to":[8.55,16.05,8.55],"rotation":{"angle":-22.5,"axis":"z","origin":[-1.5,4,0]},"faces":{"north":{"uv":[1.5,11,3.5,16],"texture":"#1"},"east":{"uv":[0,11,1.5,16],"texture":"#1"},"south":{"uv":[5,11,7,16],"texture":"#1"},"west":{"uv":[3.5,11,5,16],"texture":"#1"},"up":{"uv":[3.5,11,1.5,9.5],"texture":"#1"},"down":{"uv":[5.5,9.5,3.5,11],"texture":"#1"}}},{"from":[6.5,7,4],"to":[8.5,9,10],"rotation":{"angle":-22.5,"axis":"x","origin":[-1.5,4,0]},"faces":{"north":{"uv":[13,5.5,14,6.5],"rotation":180,"texture":"#0"},"east":{"uv":[14,6.5,13,9.5],"rotation":270,"texture":"#0"},"south":{"uv":[12,6.5,13,5.5],"texture":"#0"},"west":{"uv":[12,6.5,11,9.5],"rotation":90,"texture":"#0"},"up":{"uv":[13,6.5,12,9.5],"rotation":180,"texture":"#0"},"down":{"uv":[15,6.5,14,9.5],"texture":"#0"}}},{"from":[6.49,6.99,3.99],"to":[8.51,9.01,10.01],"rotation":{"angle":-22.5,"axis":"x","origin":[-1.5,4,0]},"faces":{"north":{"uv":[13,5.5,14,6.5],"rotation":180,"texture":"#1"},"east":{"uv":[14,6.5,13,9.5],"rotation":270,"texture":"#1"},"south":{"uv":[12,6.5,13,5.5],"texture":"#1"},"west":{"uv":[12,6.5,11,9.5],"rotation":90,"texture":"#1"},"up":{"uv":[13,6.5,12,9.5],"rotation":180,"texture":"#1"},"down":{"uv":[15,6.5,14,9.5],"texture":"#1"}}},{"from":[12.49,8.99,-10.01],"to":[14.51,11.01,-3.99],"rotation":{"angle":-45,"axis":"y","origin":[-1.5,4,0]},"faces":{"north":{"uv":[13,5.5,14,6.5],"rotation":180,"texture":"#1"},"east":{"uv":[14,6.5,13,9.5],"rotation":270,"texture":"#1"},"south":{"uv":[12,6.5,13,5.5],"texture":"#1"},"west":{"uv":[12,6.5,11,9.5],"rotation":90,"texture":"#1"},"up":{"uv":[13,6.5,12,9.5],"rotation":180,"texture":"#1"},"down":{"uv":[15,6.5,14,9.5],"texture":"#1"}}},{"from":[12.5,9,-10],"to":[14.5,11,-4],"rotation":{"angle":-45,"axis":"y","origin":[-1.5,4,0]},"faces":{"north":{"uv":[14,5.5,13,6.5],"rotation":180,"texture":"#0"},"east":{"uv":[11,6.5,12,9.5],"rotation":270,"texture":"#0"},"south":{"uv":[13,6.5,12,5.5],"texture":"#0"},"west":{"uv":[13,6.5,14,9.5],"rotation":90,"texture":"#0"},"up":{"uv":[12,6.5,13,9.5],"rotation":180,"texture":"#0"},"down":{"uv":[14,6.5,15,9.5],"texture":"#0"}}},{"from":[11,11.5,-8],"to":[12.5,14.25,-6.5],"rotation":{"angle":-45,"axis":"y","origin":[-1.5,4,0]},"faces":{"north":{"uv":[6.5,0.5,7,1.5],"texture":"#0"},"east":{"uv":[6,0.5,6.5,1.5],"texture":"#0"},"south":{"uv":[7.5,0.5,8,1.5],"texture":"#0"},"west":{"uv":[7,0.5,7.5,1.5],"texture":"#0"},"up":{"uv":[7,0.5,6.5,0],"texture":"#0"},"down":{"uv":[7.5,0,7,0.5],"texture":"#0"}}},{"from":[8.75,12,-6.5],"to":[14.75,19.5,-0.5],"rotation":{"angle":-45,"axis":"y","origin":[-1.5,4,0]},"faces":{"north":{"uv":[2,2,4,4.5],"texture":"#0"},"east":{"uv":[0,2,2,4.5],"texture":"#0"},"south":{"uv":[6,2,8,4.5],"texture":"#0"},"west":{"uv":[4,2,6,4.5],"texture":"#0"},"up":{"uv":[4,2,2,0],"texture":"#0"},"down":{"uv":[6,0,4,2],"texture":"#0"}}},{"from":[1.74,5.99,5.99],"to":[3.76,12.01,8.01],"rotation":{"angle":-45,"axis":"z","origin":[-1.5,4,0]},"faces":{"north":{"uv":[2,6.5,1,9.5],"texture":"#1"},"east":{"uv":[3,6.5,2,9.5],"texture":"#1"},"south":{"uv":[4,6.5,3,9.5],"texture":"#1"},"west":{"uv":[1,6.5,0,9.5],"texture":"#1"},"up":{"uv":[1,6.5,2,5.5],"texture":"#1"},"down":{"uv":[2,5.5,3,6.5],"texture":"#1"}}},{"from":[1.75,6,6],"to":[3.75,12,8],"rotation":{"angle":-45,"axis":"z","origin":[-1.5,4,0]},"faces":{"north":{"uv":[1,6.5,2,9.5],"texture":"#0"},"east":{"uv":[0,6.5,1,9.5],"texture":"#0"},"south":{"uv":[3,6.5,4,9.5],"texture":"#0"},"west":{"uv":[2,6.5,3,9.5],"texture":"#0"},"up":{"uv":[2,6.5,1,5.5],"texture":"#0"},"down":{"uv":[3,5.5,2,6.5],"texture":"#0"}}},{"from":[16,12,0],"to":[19,15,3],"faces":{"north":{"uv":[0,0,16,16],"texture":"#2"},"east":{"uv":[0,0,16,16],"texture":"#2"},"south":{"uv":[0,0,16,16],"texture":"#2"},"west":{"uv":[0,0,16,16],"texture":"#2"},"up":{"uv":[0,0,16,16],"texture":"#2"},"down":{"uv":[0,0,16,16],"texture":"#2"}}}]}