{"display":{"thirdperson_righthand":{"rotation":[90,0,0],"translation":[0,2.5,0],"scale":[0.3,0.3,0.3]},"thirdperson_lefthand":{"rotation":[90,0,0],"translation":[0,2.5,0],"scale":[0.3,0.3,0.3]},"firstperson_righthand":{"scale":[0.3,0.3,0.3]},"firstperson_lefthand":{"scale":[0.3,0.3,0.3]},"ground":{"translation":[0,3,0],"scale":[0.25,0.25,0.25]},"gui":{"rotation":[90,0,0],"translation":[0,-3,0],"scale":[0.5,0.5,0.5]},"head":{"rotation":[30,0,0],"translation":[0,-4,33],"scale":[2.5,2.5,2.5]},"fixed":{"rotation":[0,-180,0],"translation":[0,6,-7]}},"texture_size":[256,256],"textures":{"0":"entity/enderdragon/dragon"},"elements":[{"from":[8.75,0.5,1],"to":[16.75,0.5,8],"rotation":{"angle":22.5,"axis":"z","origin":[8.5,0,0]},"faces":{"north":{"uv":[9,13,11,13.562],"rotation":180,"texture":"#0"},"east":{"uv":[9,13,11,13.562],"rotation":180,"texture":"#0"},"south":{"uv":[9,13,11,13.562],"rotation":180,"texture":"#0"},"west":{"uv":[9,13,11,13.562],"rotation":180,"texture":"#0"},"up":{"uv":[0,5.5625,3.5,9],"rotation":180,"texture":"#0"},"down":{"uv":[3.5,5.5625,0,9],"texture":"#0"}}},{"from":[8.75,0,0],"to":[16.75,1,1],"rotation":{"angle":22.5,"axis":"z","origin":[8.5,0,0]},"faces":{"north":{"uv":[7.5005,6.0005,11.063,6.5],"texture":"#0"},"east":{"uv":[7.0005,6.0005,7.5005,6.5],"texture":"#0"},"south":{"uv":[7.5005,6.0005,11.063,6.5],"texture":"#0"},"west":{"uv":[7.0005,6.0005,7.5005,6.5],"texture":"#0"},"up":{"uv":[7.5005,6.0005,11.063,6.5],"texture":"#0"},"down":{"uv":[7.5005,6.0005,11.063,6.5],"texture":"#0"}}},{"from":[15.75,3.25,0.25],"to":[24.15,3.95,0.75],"rotation":{"angle":0,"axis":"z","origin":[8.5,0,0]},"faces":{"north":{"uv":[7.2505,8.7505,10.5005,9],"texture":"#0"},"east":{"uv":[7.0005,8.7505,7.2505,9],"texture":"#0"},"south":{"uv":[7.2505,8.7505,10.5005,9],"texture":"#0"},"west":{"uv":[7.2505,8.7505,10.5005,9],"texture":"#0"},"up":{"uv":[7.2505,8.7505,10.5005,9],"texture":"#0"},"down":{"uv":[7.2505,8.7505,10.5005,9],"texture":"#0"}}},{"from":[15.91,3.63,0.75],"to":[24.21,3.63,7.85],"rotation":{"angle":0,"axis":"z","origin":[8.5,0,0]},"faces":{"north":{"uv":[9,13,11,13.562],"rotation":180,"texture":"#0"},"east":{"uv":[9,13,11,13.562],"rotation":180,"texture":"#0"},"south":{"uv":[9,13,11,13.562],"rotation":180,"texture":"#0"},"west":{"uv":[9,13,11,13.562],"rotation":180,"texture":"#0"},"up":{"uv":[0,9,3.5,12.5],"rotation":180,"texture":"#0"},"down":{"uv":[0,12.5,3.5,9],"rotation":180,"texture":"#0"}}},{"from":[-8.25,3.63,0.75],"to":[0.05,3.63,7.85],"rotation":{"angle":0,"axis":"z","origin":[7.5,0,0]},"faces":{"north":{"uv":[9,13,11,13.562],"texture":"#0"},"east":{"uv":[9,13,11,13.562],"texture":"#0"},"south":{"uv":[9,13,11,13.562],"texture":"#0"},"west":{"uv":[9,13,11,13.562],"texture":"#0"},"up":{"uv":[0,12.5,3.5,9],"texture":"#0"},"down":{"uv":[0,9,3.5,12.5],"texture":"#0"}}},{"from":[-0.75,0.5,1],"to":[7.25,0.5,8],"rotation":{"angle":-22.5,"axis":"z","origin":[7.5,0,0]},"faces":{"north":{"uv":[9,13,11,13.562],"texture":"#0"},"east":{"uv":[9,13,11,13.562],"texture":"#0"},"south":{"uv":[9,13,11,13.562],"texture":"#0"},"west":{"uv":[9,13,11,13.562],"texture":"#0"},"up":{"uv":[3.5,5.5625,0,9],"rotation":180,"texture":"#0"},"down":{"uv":[0,5.5625,3.5,9],"texture":"#0"}}},{"from":[-0.75,0,0],"to":[7.25,1,1],"rotation":{"angle":-22.5,"axis":"z","origin":[7.5,0,0]},"faces":{"north":{"uv":[7.5005,6.0005,11.063,6.5],"rotation":180,"texture":"#0"},"east":{"uv":[7.0005,6.0005,7.5005,6.5],"rotation":180,"texture":"#0"},"south":{"uv":[7.5005,6.0005,11.063,6.5],"rotation":180,"texture":"#0"},"west":{"uv":[7.0005,6.0005,7.5005,6.5],"rotation":180,"texture":"#0"},"up":{"uv":[7.5005,6.0005,11.063,6.5],"rotation":180,"texture":"#0"},"down":{"uv":[7.5005,6.0005,11.063,6.5],"rotation":180,"texture":"#0"}}},{"from":[-8.25,3.25,0.25],"to":[0.15,3.95,0.75],"rotation":{"angle":0,"axis":"z","origin":[7.5,0,0]},"faces":{"north":{"uv":[7.2505,8.7505,10.5005,9],"rotation":180,"texture":"#0"},"east":{"uv":[7.2505,8.7505,10.5005,9],"rotation":180,"texture":"#0"},"south":{"uv":[7.2505,8.7505,10.5005,9],"rotation":180,"texture":"#0"},"west":{"uv":[7.0005,8.7505,7.2505,9],"rotation":180,"texture":"#0"},"up":{"uv":[7.2505,8.7505,10.5005,9],"rotation":180,"texture":"#0"},"down":{"uv":[7.2505,8.7505,10.5005,9],"rotation":180,"texture":"#0"}}}],"gui_light":"front"}