{"display":{"thirdperson_righthand":{"rotation":[75,45,0],"translation":[0,2.5,2],"scale":[0.375,0.375,0.375]},"thirdperson_lefthand":{"rotation":[75,45,0],"translation":[0,2.5,2],"scale":[0.375,0.375,0.375]},"firstperson_righthand":{"rotation":[0,45,0],"translation":[0,2,0],"scale":[0.4,0.4,0.4]},"firstperson_lefthand":{"rotation":[0,45,0],"translation":[0,2,0],"scale":[0.4,0.4,0.4]},"ground":{"translation":[0,3,0],"scale":[0.25,0.25,0.25]},"gui":{"rotation":[30,0,0],"translation":[0,3.5,0],"scale":[0.8,0.8,0.8]},"fixed":{"rotation":[-90,0,0],"translation":[0,0,-14],"scale":[2,2,2]}},"textures":{"2":"block/plants/small_flowers"},"elements":[{"from":[-0.5,0,2],"to":[-0.5,4,20],"rotation":{"angle":45,"axis":"y","origin":[0,0,0]},"faces":{"north":{"uv":[16,6,8,8],"texture":"#2"},"east":{"uv":[8,6,16,8],"texture":"#2"},"south":{"uv":[8,6,16,8],"texture":"#2"},"west":{"uv":[8,6,16,8],"texture":"#2"},"up":{"uv":[8,6,16,8],"texture":"#2"},"down":{"uv":[8,6,16,8],"texture":"#2"}}},{"from":[-9.5,0,11],"to":[8.5,4,11],"rotation":{"angle":45,"axis":"y","origin":[0,0,0]},"faces":{"north":{"uv":[8,6,16,8],"texture":"#2"},"east":{"uv":[8,6,16,8],"texture":"#2"},"south":{"uv":[8,6,16,8],"texture":"#2"},"west":{"uv":[8,6,16,8],"texture":"#2"},"up":{"uv":[8,6,16,8],"texture":"#2"},"down":{"uv":[8,6,16,8],"texture":"#2"}}},{"from":[0,2,0],"to":[16,2,16],"faces":{"north":{"uv":[0,0,8.5,8],"texture":"#2"},"east":{"uv":[0,0,8.5,8],"texture":"#2"},"south":{"uv":[0,0,8.5,8],"texture":"#2"},"west":{"uv":[0,0,8.5,8],"texture":"#2"},"up":{"uv":[0,0,8.5,8],"texture":"#2"},"down":{"uv":[0,8,8.5,0],"texture":"#2"}}}]}