{"display":{"thirdperson_righthand":{"rotation":[75,45,0],"translation":[0,1,-2.5],"scale":[0.175,0.175,0.175]},"thirdperson_lefthand":{"rotation":[75,45,0],"translation":[0,1,-2.5],"scale":[0.175,0.175,0.175]},"firstperson_righthand":{"rotation":[0,45,0],"scale":[0.2,0.2,0.2]},"firstperson_lefthand":{"rotation":[0,45,0],"scale":[0.2,0.2,0.2]},"ground":{"translation":[0,3.5,0],"scale":[0.25,0.25,0.25]},"gui":{"rotation":[30,225,0],"translation":[0,-4,0],"scale":[0.425,0.425,0.425]},"head":{"translation":[24,-4,8]},"fixed":{"translation":[0,-4,0],"scale":[0.5,0.5,0.5]}},"texture_size":[64,64],"textures":{"0":"pets/animation/glare_anim1_pet","1":"pets/animation/glare_anim2_pet"},"elements":[{"from":[0,32,0],"to":[16,32,16],"faces":{"north":{"uv":[0,0,4,0],"texture":"#0"},"east":{"uv":[0,0,4,0],"texture":"#0"},"south":{"uv":[0,0,4,0],"texture":"#0"},"west":{"uv":[0,0,4,0],"texture":"#0"},"up":{"uv":[4,0,8,4],"texture":"#0"},"down":{"uv":[4,4,8,0],"texture":"#0"}}},{"from":[0,16,0],"to":[16,16,16],"faces":{"north":{"uv":[0,0,4,0],"texture":"#0"},"east":{"uv":[0,0,4,0],"texture":"#0"},"south":{"uv":[0,0,4,0],"texture":"#0"},"west":{"uv":[0,0,4,0],"texture":"#0"},"up":{"uv":[4,0,8,4],"texture":"#0"},"down":{"uv":[4,4,8,0],"texture":"#0"}}},{"from":[0,26,0],"to":[16,32,0],"faces":{"north":{"uv":[4,4,8,5.5],"texture":"#0"},"east":{"uv":[0,0,0.25,1.5],"texture":"#0"},"south":{"uv":[8,4,4,5.5],"texture":"#0"},"west":{"uv":[0,0,0.25,1.5],"texture":"#0"},"up":{"uv":[0,0,4,0.25],"texture":"#0"},"down":{"uv":[0,0,4,0.25],"texture":"#0"}}},{"from":[0,16,0],"to":[16,22,0],"faces":{"north":{"uv":[8,5.5,4,4],"texture":"#0"},"east":{"uv":[0,0,0.25,1.5],"texture":"#0"},"south":{"uv":[4,5.5,8,4],"texture":"#0"},"west":{"uv":[0,0,0.25,1.5],"texture":"#0"},"up":{"uv":[0,0,4,0.25],"texture":"#0"},"down":{"uv":[0,0,4,0.25],"texture":"#0"}}},{"from":[16,16,0],"to":[16,32,16],"faces":{"north":{"uv":[0,0,0.25,1.5],"texture":"#0"},"east":{"uv":[16,9.5,12,13.5],"texture":"#0"},"south":{"uv":[0,0,0.25,1.5],"texture":"#0"},"west":{"uv":[12,9.5,16,13.5],"texture":"#0"},"up":{"uv":[0,0,4,0.25],"rotation":90,"texture":"#0"},"down":{"uv":[0,0,4,0.25],"rotation":270,"texture":"#0"}}},{"from":[0,16,16],"to":[16,32,16],"faces":{"north":{"uv":[8,9.5,4,13.5],"texture":"#0"},"east":{"uv":[0,0,0.25,1.5],"texture":"#0"},"south":{"uv":[4,9.5,8,13.5],"texture":"#0"},"west":{"uv":[0,0,0.25,1.5],"texture":"#0"},"up":{"uv":[0,0,4,0.25],"texture":"#0"},"down":{"uv":[0,0,4,0.25],"texture":"#0"}}},{"from":[0,16,0],"to":[0,32,16],"faces":{"north":{"uv":[0,0,0.25,1.5],"texture":"#0"},"east":{"uv":[16,9.5,12,13.5],"texture":"#0"},"south":{"uv":[0,0,0.25,1.5],"texture":"#0"},"west":{"uv":[12,9.5,16,13.5],"texture":"#0"},"up":{"uv":[0,0,4,0.25],"rotation":90,"texture":"#0"},"down":{"uv":[0,0,4,0.25],"rotation":270,"texture":"#0"}}},{"from":[1,17,4],"to":[15,29,14],"faces":{"north":{"uv":[12.5,0,16,3],"texture":"#0"},"east":{"uv":[9,0,11.5,3],"texture":"#0"},"south":{"uv":[9,0,12.5,3],"texture":"#0"},"west":{"uv":[10,0,12.5,3],"texture":"#0"},"up":{"uv":[9,0,12.5,2.5],"texture":"#0"},"down":{"uv":[9,0,12.5,2.5],"texture":"#0"}}},{"from":[8,-1,1],"to":[8,15,17],"rotation":{"angle":-22.5,"axis":"x","origin":[0,11,0]},"faces":{"north":{"uv":[0,0,0,4],"texture":"#0"},"east":{"uv":[8,5.5,12,9.5],"texture":"#0"},"south":{"uv":[0,0,0,4],"texture":"#0"},"west":{"uv":[8,5.5,12,9.5],"texture":"#0"},"up":{"uv":[0,0,4.5,0],"rotation":270,"texture":"#0"},"down":{"uv":[0,0,4.5,0],"rotation":90,"texture":"#0"}}},{"from":[0,-1,9],"to":[16,15,9],"rotation":{"angle":-22.5,"axis":"x","origin":[0,11,0]},"faces":{"north":{"uv":[8,5.5,12,9.5],"texture":"#0"},"east":{"uv":[0,0,0,4],"texture":"#0"},"south":{"uv":[8,5.5,12,9.5],"texture":"#0"},"west":{"uv":[0,0,0,4],"texture":"#0"},"up":{"uv":[0,0,4.5,0],"texture":"#0"},"down":{"uv":[0,0,4.5,0],"texture":"#0"}}},{"from":[14,5,1],"to":[14,15,17],"rotation":{"angle":-22.5,"axis":"x","origin":[0,11,0]},"faces":{"north":{"uv":[0,0,0.25,4],"texture":"#0"},"east":{"uv":[16,7,12,9.5],"texture":"#0"},"south":{"uv":[0,0,0.25,4],"texture":"#0"},"west":{"uv":[12,7,16,9.5],"texture":"#0"},"up":{"uv":[0,0,4,0.25],"rotation":270,"texture":"#0"},"down":{"uv":[0,0,4,0.25],"rotation":90,"texture":"#0"}}},{"from":[0,5,15],"to":[16,15,15],"rotation":{"angle":-22.5,"axis":"x","origin":[0,11,0]},"faces":{"north":{"uv":[12,7,16,9.5],"texture":"#0"},"east":{"uv":[0,0,0.25,4],"texture":"#0"},"south":{"uv":[16,7,12,9.5],"texture":"#0"},"west":{"uv":[0,0,0.25,4],"texture":"#0"},"up":{"uv":[0,0,4,0.25],"rotation":180,"texture":"#0"},"down":{"uv":[0,0,4,0.25],"rotation":180,"texture":"#0"}}},{"from":[0,5,3],"to":[16,15,3],"rotation":{"angle":-22.5,"axis":"x","origin":[0,11,0]},"faces":{"north":{"uv":[16,7,12,9.5],"texture":"#0"},"east":{"uv":[0,0,0.25,4],"texture":"#0"},"south":{"uv":[12,7,16,9.5],"texture":"#0"},"west":{"uv":[0,0,0.25,4],"texture":"#0"},"up":{"uv":[0,0,4,0.25],"rotation":180,"texture":"#0"},"down":{"uv":[0,0,4,0.25],"rotation":180,"texture":"#0"}}},{"from":[2,5,1],"to":[2,15,17],"rotation":{"angle":-22.5,"axis":"x","origin":[0,11,0]},"faces":{"north":{"uv":[0,0,0.25,4],"texture":"#0"},"east":{"uv":[12,7,16,9.5],"texture":"#0"},"south":{"uv":[0,0,0.25,4],"texture":"#0"},"west":{"uv":[16,7,12,9.5],"texture":"#0"},"up":{"uv":[0,0,4,0.25],"rotation":270,"texture":"#0"},"down":{"uv":[0,0,4,0.25],"rotation":90,"texture":"#0"}}},{"from":[0,32,0],"to":[16,32,16],"faces":{"north":{"uv":[0,0,4,0],"texture":"#1"},"east":{"uv":[0,0,4,0],"texture":"#1"},"south":{"uv":[0,0,4,0],"texture":"#1"},"west":{"uv":[0,0,4,0],"texture":"#1"},"up":{"uv":[4,0,8,4],"texture":"#1"},"down":{"uv":[4,4,8,0],"texture":"#1"}}},{"from":[0,16,0],"to":[16,16,16],"faces":{"north":{"uv":[0,0,4,0],"texture":"#1"},"east":{"uv":[0,0,4,0],"texture":"#1"},"south":{"uv":[0,0,4,0],"texture":"#1"},"west":{"uv":[0,0,4,0],"texture":"#1"},"up":{"uv":[4,0,8,4],"texture":"#1"},"down":{"uv":[4,4,8,0],"texture":"#1"}}},{"from":[0,26,0],"to":[16,32,0],"faces":{"north":{"uv":[4,4,8,5.5],"texture":"#1"},"east":{"uv":[0,0,0.25,1.5],"texture":"#1"},"south":{"uv":[8,4,4,5.5],"texture":"#1"},"west":{"uv":[0,0,0.25,1.5],"texture":"#1"},"up":{"uv":[0,0,4,0.25],"texture":"#1"},"down":{"uv":[0,0,4,0.25],"texture":"#1"}}},{"from":[0,16,0],"to":[16,22,0],"faces":{"north":{"uv":[8,5.5,4,4],"texture":"#1"},"east":{"uv":[0,0,0.25,1.5],"texture":"#1"},"south":{"uv":[4,5.5,8,4],"texture":"#1"},"west":{"uv":[0,0,0.25,1.5],"texture":"#1"},"up":{"uv":[0,0,4,0.25],"texture":"#1"},"down":{"uv":[0,0,4,0.25],"texture":"#1"}}},{"from":[16,16,0],"to":[16,32,16],"faces":{"north":{"uv":[0,0,0.25,1.5],"texture":"#1"},"east":{"uv":[16,9.5,12,13.5],"texture":"#1"},"south":{"uv":[0,0,0.25,1.5],"texture":"#1"},"west":{"uv":[12,9.5,16,13.5],"texture":"#1"},"up":{"uv":[0,0,4,0.25],"rotation":90,"texture":"#1"},"down":{"uv":[0,0,4,0.25],"rotation":270,"texture":"#1"}}},{"from":[0,16,16],"to":[16,32,16],"faces":{"north":{"uv":[8,9.5,4,13.5],"texture":"#1"},"east":{"uv":[0,0,0.25,1.5],"texture":"#1"},"south":{"uv":[4,9.5,8,13.5],"texture":"#1"},"west":{"uv":[0,0,0.25,1.5],"texture":"#1"},"up":{"uv":[0,0,4,0.25],"texture":"#1"},"down":{"uv":[0,0,4,0.25],"texture":"#1"}}},{"from":[0,16,0],"to":[0,32,16],"faces":{"north":{"uv":[0,0,0.25,1.5],"texture":"#1"},"east":{"uv":[16,9.5,12,13.5],"texture":"#1"},"south":{"uv":[0,0,0.25,1.5],"texture":"#1"},"west":{"uv":[12,9.5,16,13.5],"texture":"#1"},"up":{"uv":[0,0,4,0.25],"rotation":90,"texture":"#1"},"down":{"uv":[0,0,4,0.25],"rotation":270,"texture":"#1"}}},{"from":[1,17,4],"to":[15,29,14],"faces":{"north":{"uv":[12.5,0,16,3],"texture":"#1"},"east":{"uv":[9,0,11.5,3],"texture":"#1"},"south":{"uv":[9,0,12.5,3],"texture":"#1"},"west":{"uv":[10,0,12.5,3],"texture":"#1"},"up":{"uv":[9,0,12.5,2.5],"texture":"#1"},"down":{"uv":[9,0,12.5,2.5],"texture":"#1"}}},{"from":[11,0,-10],"to":[11,16,10],"rotation":{"angle":-45,"axis":"y","origin":[0,11,0]},"faces":{"north":{"uv":[0,0,0,4],"texture":"#1"},"east":{"uv":[8,5.5,12,9.5],"texture":"#1"},"south":{"uv":[0,0,0,4],"texture":"#1"},"west":{"uv":[8,5.5,12,9.5],"texture":"#1"},"up":{"uv":[0,0,4.5,0],"rotation":270,"texture":"#1"},"down":{"uv":[0,0,4.5,0],"rotation":90,"texture":"#1"}}},{"from":[1,0,0],"to":[21,16,0],"rotation":{"angle":-45,"axis":"y","origin":[0,11,0]},"faces":{"north":{"uv":[8,5.5,12,9.5],"texture":"#1"},"east":{"uv":[0,0,0,4],"texture":"#1"},"south":{"uv":[8,5.5,12,9.5],"texture":"#1"},"west":{"uv":[0,0,0,4],"texture":"#1"},"up":{"uv":[0,0,4.5,0],"texture":"#1"},"down":{"uv":[0,0,4.5,0],"texture":"#1"}}},{"from":[14,6,0],"to":[14,16,16],"rotation":{"angle":0,"axis":"x","origin":[0,11,0]},"faces":{"north":{"uv":[8,0,8.25,4],"texture":"#1"},"east":{"uv":[16,7,12,9.5],"texture":"#1"},"south":{"uv":[8,0,8.25,4],"texture":"#1"},"west":{"uv":[12,7,16,9.5],"texture":"#1"},"up":{"uv":[0,0,4,0.25],"rotation":270,"texture":"#1"},"down":{"uv":[0,0,4,0.25],"rotation":90,"texture":"#1"}}},{"from":[0,6,14],"to":[16,16,14],"rotation":{"angle":0,"axis":"x","origin":[0,11,0]},"faces":{"north":{"uv":[12,7,16,9.5],"texture":"#1"},"east":{"uv":[8,0,8.25,4],"texture":"#1"},"south":{"uv":[16,7,12,9.5],"texture":"#1"},"west":{"uv":[8,0,8.25,4],"texture":"#1"},"up":{"uv":[0,0,4,0.25],"rotation":180,"texture":"#1"},"down":{"uv":[0,0,4,0.25],"rotation":180,"texture":"#1"}}},{"from":[0,6,2],"to":[16,16,2],"rotation":{"angle":0,"axis":"x","origin":[0,11,0]},"faces":{"north":{"uv":[16,7,12,9.5],"texture":"#1"},"east":{"uv":[8,0,8.25,4],"texture":"#1"},"south":{"uv":[12,7,16,9.5],"texture":"#1"},"west":{"uv":[8,0,8.25,4],"texture":"#1"},"up":{"uv":[0,0,4,0.25],"rotation":180,"texture":"#1"},"down":{"uv":[0,0,4,0.25],"rotation":180,"texture":"#1"}}},{"from":[2,6,0],"to":[2,16,16],"rotation":{"angle":0,"axis":"x","origin":[0,11,0]},"faces":{"north":{"uv":[8,0,8.25,4],"texture":"#1"},"east":{"uv":[12,7,16,9.5],"texture":"#1"},"south":{"uv":[8,0,8.25,4],"texture":"#1"},"west":{"uv":[16,7,12,9.5],"texture":"#1"},"up":{"uv":[0,0,4,0.25],"rotation":270,"texture":"#1"},"down":{"uv":[0,0,4,0.25],"rotation":90,"texture":"#1"}}}]}