{"display":{"thirdperson_righthand":{"rotation":[75,45,0],"translation":[0,2.5,-4],"scale":[0.375,0.375,0.375]},"thirdperson_lefthand":{"rotation":[75,45,0],"translation":[0,2.5,-4],"scale":[0.375,0.375,0.375]},"firstperson_righthand":{"rotation":[0,45,0],"scale":[0.3,0.3,0.3]},"firstperson_lefthand":{"rotation":[0,45,0],"scale":[0.3,0.3,0.3]},"ground":{"translation":[0,4,0],"scale":[0.25,0.25,0.25]},"gui":{"rotation":[30,225,0],"translation":[0,-4.75,0],"scale":[0.525,0.525,0.525]},"head":{"translation":[24,8,-16]},"fixed":{"translation":[0,-4,0],"scale":[0.5,0.5,0.5]}},"texture_size":[64,64],"textures":{"0":"pets/animation/ghast_anim1_pet","1":"pets/animation/ghast_anim2_pet"},"elements":[{"from":[0,12,0],"to":[16,28,16],"faces":{"north":{"uv":[4,4,8,8],"texture":"#0"},"east":{"uv":[0,4,4,8],"texture":"#0"},"south":{"uv":[12,4,16,8],"texture":"#0"},"west":{"uv":[8,4,12,8],"texture":"#0"},"up":{"uv":[8,4,4,0],"texture":"#0"},"down":{"uv":[12,0,8,4],"texture":"#0"}}},{"from":[5.7,-5,9],"to":[7.7,8,11],"rotation":{"angle":-45,"axis":"x","origin":[0,0,0]},"faces":{"north":{"uv":[0.5,0.5,1,4],"texture":"#0"},"east":{"uv":[0,0.5,0.5,4],"texture":"#0"},"south":{"uv":[1.5,0.5,2,4],"texture":"#0"},"west":{"uv":[1,0.5,1.5,4],"texture":"#0"},"up":{"uv":[1,0.5,0.5,0],"texture":"#0"},"down":{"uv":[1.5,0,1,0.5],"texture":"#0"}}},{"from":[0.7,2,6],"to":[2.7,11,8],"rotation":{"angle":-22.5,"axis":"x","origin":[0,0,0]},"faces":{"north":{"uv":[0.5,0.5,1,2],"texture":"#0"},"east":{"uv":[0,0.5,0.5,2],"texture":"#0"},"south":{"uv":[1.5,0.5,2,2],"texture":"#0"},"west":{"uv":[1,0.5,1.5,2],"texture":"#0"},"up":{"uv":[1,0.5,0.5,0],"texture":"#0"},"down":{"uv":[1.5,0,1,0.5],"texture":"#0"}}},{"from":[10.7,3,6],"to":[12.7,11,8],"rotation":{"angle":-22.5,"axis":"x","origin":[0,0,0]},"faces":{"north":{"uv":[0.5,0.5,1,1.5],"texture":"#0"},"east":{"uv":[0,0.5,0.5,1.5],"texture":"#0"},"south":{"uv":[1.5,0.5,2,1.5],"texture":"#0"},"west":{"uv":[1,0.5,1.5,1.5],"texture":"#0"},"up":{"uv":[1,0.5,0.5,0],"texture":"#0"},"down":{"uv":[1.5,0,1,0.5],"texture":"#0"}}},{"from":[3.3,-6,13],"to":[5.3,4,15],"rotation":{"angle":-45,"axis":"x","origin":[0,0,0]},"faces":{"north":{"uv":[0.5,0.5,1,2.5],"texture":"#0"},"east":{"uv":[0,0.5,0.5,2.5],"texture":"#0"},"south":{"uv":[1.5,0.5,2,2.5],"texture":"#0"},"west":{"uv":[1,0.5,1.5,2.5],"texture":"#0"},"up":{"uv":[1,0.5,0.5,0],"texture":"#0"},"down":{"uv":[1.5,0,1,0.5],"texture":"#0"}}},{"from":[13.3,-7,13],"to":[15.3,4,15],"rotation":{"angle":-45,"axis":"x","origin":[0,0,0]},"faces":{"north":{"uv":[0.5,0.5,1,3],"texture":"#0"},"east":{"uv":[0,0.5,0.5,3],"texture":"#0"},"south":{"uv":[1.5,0.5,2,3],"texture":"#0"},"west":{"uv":[1,0.5,1.5,3],"texture":"#0"},"up":{"uv":[1,0.5,0.5,0],"texture":"#0"},"down":{"uv":[1.5,0,1,0.5],"texture":"#0"}}},{"from":[8.3,-2,11],"to":[10.3,9,13],"rotation":{"angle":-22.5,"axis":"x","origin":[0,0,0]},"faces":{"north":{"uv":[0.5,0.5,1,3],"texture":"#0"},"east":{"uv":[0,0.5,0.5,3],"texture":"#0"},"south":{"uv":[1.5,0.5,2,3],"texture":"#0"},"west":{"uv":[1,0.5,1.5,3],"texture":"#0"},"up":{"uv":[1,0.5,0.5,0],"texture":"#0"},"down":{"uv":[1.5,0,1,0.5],"texture":"#0"}}},{"from":[0.7,-5,16],"to":[2.7,7,18],"rotation":{"angle":-22.5,"axis":"x","origin":[0,0,0]},"faces":{"north":{"uv":[0.5,0.5,1,3.5],"texture":"#0"},"east":{"uv":[0,0.5,0.5,3.5],"texture":"#0"},"south":{"uv":[1.5,0.5,2,3.5],"texture":"#0"},"west":{"uv":[1,0.5,1.5,3.5],"texture":"#0"},"up":{"uv":[1,0.5,0.5,0],"texture":"#0"},"down":{"uv":[1.5,0,1,0.5],"texture":"#0"}}},{"from":[5.7,-9,17],"to":[7.7,0,19],"rotation":{"angle":-45,"axis":"x","origin":[0,0,0]},"faces":{"north":{"uv":[0.5,0.5,1,2],"texture":"#0"},"east":{"uv":[0,0.5,0.5,2],"texture":"#0"},"south":{"uv":[1.5,0.5,2,2],"texture":"#0"},"west":{"uv":[1,0.5,1.5,2],"texture":"#0"},"up":{"uv":[1,0.5,0.5,0],"texture":"#0"},"down":{"uv":[1.5,0,1,0.5],"texture":"#0"}}},{"from":[10.7,-5,16],"to":[12.7,7,18],"rotation":{"angle":-22.5,"axis":"x","origin":[0,0,0]},"faces":{"north":{"uv":[0.5,0.5,1,3.5],"texture":"#0"},"east":{"uv":[0,0.5,0.5,3.5],"texture":"#0"},"south":{"uv":[1.5,0.5,2,3.5],"texture":"#0"},"west":{"uv":[1,0.5,1.5,3.5],"texture":"#0"},"up":{"uv":[1,0.5,0.5,0],"texture":"#0"},"down":{"uv":[1.5,0,1,0.5],"texture":"#0"}}},{"from":[0,12,0],"to":[16,28,16],"faces":{"north":{"uv":[4,4,8,8],"texture":"#1"},"east":{"uv":[0,4,4,8],"texture":"#1"},"south":{"uv":[12,4,16,8],"texture":"#1"},"west":{"uv":[8,4,12,8],"texture":"#1"},"up":{"uv":[8,4,4,0],"texture":"#1"},"down":{"uv":[12,0,8,4],"texture":"#1"}}},{"from":[5.7,-2,6],"to":[7.7,11,8],"rotation":{"angle":-22.5,"axis":"x","origin":[0,0,0]},"faces":{"north":{"uv":[0.5,0.5,1,4],"texture":"#1"},"east":{"uv":[0,0.5,0.5,4],"texture":"#1"},"south":{"uv":[1.5,0.5,2,4],"texture":"#1"},"west":{"uv":[1,0.5,1.5,4],"texture":"#1"},"up":{"uv":[1,0.5,0.5,0],"texture":"#1"},"down":{"uv":[1.5,0,1,0.5],"texture":"#1"}}},{"from":[0.7,-1,9],"to":[2.7,8,11],"rotation":{"angle":-45,"axis":"x","origin":[0,0,0]},"faces":{"north":{"uv":[0.5,0.5,1,2],"texture":"#1"},"east":{"uv":[0,0.5,0.5,2],"texture":"#1"},"south":{"uv":[1.5,0.5,2,2],"texture":"#1"},"west":{"uv":[1,0.5,1.5,2],"texture":"#1"},"up":{"uv":[1,0.5,0.5,0],"texture":"#1"},"down":{"uv":[1.5,0,1,0.5],"texture":"#1"}}},{"from":[10.7,0,9],"to":[12.7,8,11],"rotation":{"angle":-45,"axis":"x","origin":[0,0,0]},"faces":{"north":{"uv":[0.5,0.5,1,1.5],"texture":"#1"},"east":{"uv":[0,0.5,0.5,1.5],"texture":"#1"},"south":{"uv":[1.5,0.5,2,1.5],"texture":"#1"},"west":{"uv":[1,0.5,1.5,1.5],"texture":"#1"},"up":{"uv":[1,0.5,0.5,0],"texture":"#1"},"down":{"uv":[1.5,0,1,0.5],"texture":"#1"}}},{"from":[3.3,-1,11],"to":[5.3,9,13],"rotation":{"angle":-22.5,"axis":"x","origin":[0,0,0]},"faces":{"north":{"uv":[0.5,0.5,1,2.5],"texture":"#1"},"east":{"uv":[0,0.5,0.5,2.5],"texture":"#1"},"south":{"uv":[1.5,0.5,2,2.5],"texture":"#1"},"west":{"uv":[1,0.5,1.5,2.5],"texture":"#1"},"up":{"uv":[1,0.5,0.5,0],"texture":"#1"},"down":{"uv":[1.5,0,1,0.5],"texture":"#1"}}},{"from":[13.3,-2,11],"to":[15.3,9,13],"rotation":{"angle":-22.5,"axis":"x","origin":[0,0,0]},"faces":{"north":{"uv":[0.5,0.5,1,3],"texture":"#1"},"east":{"uv":[0,0.5,0.5,3],"texture":"#1"},"south":{"uv":[1.5,0.5,2,3],"texture":"#1"},"west":{"uv":[1,0.5,1.5,3],"texture":"#1"},"up":{"uv":[1,0.5,0.5,0],"texture":"#1"},"down":{"uv":[1.5,0,1,0.5],"texture":"#1"}}},{"from":[8.3,-8,14],"to":[10.3,3,16],"rotation":{"angle":-45,"axis":"x","origin":[0,0,0]},"faces":{"north":{"uv":[0.5,0.5,1,3],"texture":"#1"},"east":{"uv":[0,0.5,0.5,3],"texture":"#1"},"south":{"uv":[1.5,0.5,2,3],"texture":"#1"},"west":{"uv":[1,0.5,1.5,3],"texture":"#1"},"up":{"uv":[1,0.5,0.5,0],"texture":"#1"},"down":{"uv":[1.5,0,1,0.5],"texture":"#1"}}},{"from":[5.7,-2,16],"to":[7.7,7,18],"rotation":{"angle":-22.5,"axis":"x","origin":[0,0,0]},"faces":{"north":{"uv":[0.5,0.5,1,2],"texture":"#1"},"east":{"uv":[0,0.5,0.5,2],"texture":"#1"},"south":{"uv":[1.5,0.5,2,2],"texture":"#1"},"west":{"uv":[1,0.5,1.5,2],"texture":"#1"},"up":{"uv":[1,0.5,0.5,0],"texture":"#1"},"down":{"uv":[1.5,0,1,0.5],"texture":"#1"}}},{"from":[0.7,-11,17],"to":[2.7,1,19],"rotation":{"angle":-45,"axis":"x","origin":[0,0,0]},"faces":{"north":{"uv":[0.5,0.5,1,3.5],"texture":"#1"},"east":{"uv":[0,0.5,0.5,3.5],"texture":"#1"},"south":{"uv":[1.5,0.5,2,3.5],"texture":"#1"},"west":{"uv":[1,0.5,1.5,3.5],"texture":"#1"},"up":{"uv":[1,0.5,0.5,0],"texture":"#1"},"down":{"uv":[1.5,0,1,0.5],"texture":"#1"}}},{"from":[10.7,-11,17],"to":[12.7,1,19],"rotation":{"angle":-45,"axis":"x","origin":[0,0,0]},"faces":{"north":{"uv":[0.5,0.5,1,3.5],"texture":"#1"},"east":{"uv":[0,0.5,0.5,3.5],"texture":"#1"},"south":{"uv":[1.5,0.5,2,3.5],"texture":"#1"},"west":{"uv":[1,0.5,1.5,3.5],"texture":"#1"},"up":{"uv":[1,0.5,0.5,0],"texture":"#1"},"down":{"uv":[1.5,0,1,0.5],"texture":"#1"}}}]}