{"credit":"Made with Blockbench","texture_size":[64,64],"textures":{"0":"pets/animation/iceologer_anim1_pet","3":"pets/animation/iceologer_anim2_pet","4":"pets/animation/iceologer_anim3_pet","5":"pets/animation/iceologer_anim4_pet","6":"pets/animation/iceologer_anim5_pet","8":"pets/other/snow_anim1","9":"pets/other/snow_anim2","10":"pets/other/snow_anim3","14":"pets/other/ice_chunck_anim1","15":"pets/other/ice_chunck_anim2"},"elements":[{"from":[7,7,18],"to":[9,11,20],"rotation":{"angle":0,"axis":"y","origin":[8,-10,24]},"faces":{"north":{"uv":[6.5,0.5,7,1.5],"texture":"#0"},"east":{"uv":[6,0.5,6.5,1.5],"texture":"#0"},"south":{"uv":[7.5,0.5,8,1.5],"texture":"#0"},"west":{"uv":[7,0.5,7.5,1.5],"texture":"#0"},"up":{"uv":[7,0.5,6.5,0],"texture":"#0"},"down":{"uv":[7.5,0,7,0.5],"texture":"#0"}}},{"from":[4,8,20],"to":[12,18,28],"rotation":{"angle":0,"axis":"y","origin":[8,-10,24]},"faces":{"north":{"uv":[2,2,4,4.5],"texture":"#0"},"east":{"uv":[0,2,2,4.5],"texture":"#0"},"south":{"uv":[6,2,8,4.5],"texture":"#0"},"west":{"uv":[4,2,6,4.5],"texture":"#0"},"up":{"uv":[4,2,2,0],"texture":"#0"},"down":{"uv":[6,0,4,2],"texture":"#0"}}},{"from":[3.5,7.5,19.5],"to":[12.5,18.5,28.5],"rotation":{"angle":0,"axis":"y","origin":[8,-10,24]},"faces":{"north":{"uv":[10,2,12,4.5],"texture":"#0"},"east":{"uv":[8,2,10,4.5],"texture":"#0"},"south":{"uv":[14,2,16,4.5],"texture":"#0"},"west":{"uv":[12,2,14,4.5],"texture":"#0"},"up":{"uv":[12,2,10,0],"texture":"#0"},"down":{"uv":[14,0,12,2],"texture":"#0"}}},{"from":[4,-4,21],"to":[12,8,27],"rotation":{"angle":0,"axis":"y","origin":[8,-10,24]},"faces":{"north":{"uv":[5.5,6.5,7.5,9.5],"texture":"#0"},"east":{"uv":[4,6.5,5.5,9.5],"texture":"#0"},"south":{"uv":[9,6.5,11,9.5],"texture":"#0"},"west":{"uv":[7.5,6.5,9,9.5],"texture":"#0"},"up":{"uv":[7.5,6.5,5.5,5],"texture":"#0"},"down":{"uv":[9.5,5,7.5,6.5],"texture":"#0"}}},{"from":[0,-6.5,10.8],"to":[4,1.5,14.8],"shade":false,"rotation":{"angle":45,"axis":"x","origin":[8,-10,24]},"faces":{"north":{"uv":[13,6.5,12,8.5],"texture":"#0"},"east":{"uv":[14,6.5,13,8.5],"texture":"#0"},"south":{"uv":[15,6.5,14,8.5],"texture":"#0"},"west":{"uv":[12,6.5,11,8.5],"texture":"#0"},"up":{"uv":[12,6.5,13,5.5],"texture":"#0"},"down":{"uv":[13,5.5,14,6.5],"texture":"#0"}}},{"from":[12,-6.5,10.8],"to":[16,1.5,14.8],"shade":false,"rotation":{"angle":45,"axis":"x","origin":[8,-10,24]},"faces":{"north":{"uv":[13,6.5,12,8.5],"texture":"#0"},"east":{"uv":[14,6.5,13,8.5],"texture":"#0"},"south":{"uv":[15,6.5,14,8.5],"texture":"#0"},"west":{"uv":[12,6.5,11,8.5],"texture":"#0"},"up":{"uv":[12,6.5,13,5.5],"texture":"#0"},"down":{"uv":[13,5.5,14,6.5],"texture":"#0"}}},{"from":[4,-0.75,27.55],"to":[12,3.25,31.55],"rotation":{"angle":-45,"axis":"x","origin":[8,-10,24]},"faces":{"north":{"uv":[11,10.5,13,11.5],"texture":"#0"},"east":{"uv":[10,10.5,11,11.5],"texture":"#0"},"south":{"uv":[14,10.5,16,11.5],"texture":"#0"},"west":{"uv":[13,10.5,14,11.5],"texture":"#0"},"up":{"uv":[13,10.5,11,9.5],"texture":"#0"},"down":{"uv":[15,9.5,13,10.5],"texture":"#0"}}},{"from":[4,-8,14],"to":[8,-4,26],"shade":false,"rotation":{"angle":0,"axis":"x","origin":[8,0,0]},"faces":{"north":{"uv":[2,5.5,3,6.5],"rotation":180,"texture":"#0"},"east":{"uv":[3,6.5,2,9.5],"rotation":270,"texture":"#0"},"south":{"uv":[1,6.5,2,5.5],"texture":"#0"},"west":{"uv":[1,6.5,0,9.5],"rotation":90,"texture":"#0"},"up":{"uv":[2,6.5,1,9.5],"rotation":180,"texture":"#0"},"down":{"uv":[4,6.5,3,9.5],"texture":"#0"}}},{"from":[8,-8,14],"to":[12,-4,26],"rotation":{"angle":0,"axis":"x","origin":[8,0,0]},"faces":{"north":{"uv":[3,5.5,2,6.5],"rotation":180,"texture":"#0"},"east":{"uv":[0,6.5,1,9.5],"rotation":270,"texture":"#0"},"south":{"uv":[2,6.5,1,5.5],"texture":"#0"},"west":{"uv":[2,6.5,3,9.5],"rotation":90,"texture":"#0"},"up":{"uv":[1,6.5,2,9.5],"rotation":180,"texture":"#0"},"down":{"uv":[3,6.5,4,9.5],"texture":"#0"}}},{"from":[3.75,-13,13.75],"to":[12.25,-1.5,20.25],"rotation":{"angle":45,"axis":"x","origin":[8,-10,24]},"faces":{"north":{"uv":[1.5,13.25,3.5,16],"texture":"#0"},"east":{"uv":[0,13.25,1.5,16],"texture":"#0"},"south":{"uv":[5,13.25,7,16],"texture":"#0"},"west":{"uv":[3.5,13.25,5,16],"texture":"#0"},"up":{"uv":[5.5,11,3.5,9.5],"texture":"#0"},"down":{"uv":[5.5,9.5,3.5,11],"texture":"#0"}}},{"from":[3.75,-1.25,20.75],"to":[12.25,8.25,27.25],"rotation":{"angle":0,"axis":"y","origin":[8,-10,24]},"faces":{"north":{"uv":[1.5,11,3.5,13.25],"texture":"#0"},"east":{"uv":[0,11,1.5,13.25],"texture":"#0"},"south":{"uv":[5,11,7,13.25],"texture":"#0"},"west":{"uv":[3.5,11,5,13.25],"texture":"#0"},"up":{"uv":[3.5,11,1.5,9.5],"texture":"#0"},"down":{"uv":[5.5,9.5,3.5,11],"texture":"#0"}}},{"from":[3.75,-8,20.75],"to":[12.25,-1.25,27.25],"rotation":{"angle":0,"axis":"y","origin":[8,-10,24]},"faces":{"north":{"uv":[3.5,9.5,5.5,11],"texture":"#0"},"east":{"uv":[5.5,14,7,15.5],"texture":"#0"},"south":{"uv":[5,14,7,15.5],"texture":"#0"},"west":{"uv":[5.5,14,7,15.5],"texture":"#0"},"up":{"uv":[5.5,11,3.5,9.5],"texture":"#0"},"down":{"uv":[7,14,5,15.5],"texture":"#0"}}},{"from":[7,7,18],"to":[9,11,20],"rotation":{"angle":0,"axis":"y","origin":[8,-10,24]},"faces":{"north":{"uv":[6.5,0.5,7,1.5],"texture":"#3"},"east":{"uv":[6,0.5,6.5,1.5],"texture":"#3"},"south":{"uv":[7.5,0.5,8,1.5],"texture":"#3"},"west":{"uv":[7,0.5,7.5,1.5],"texture":"#3"},"up":{"uv":[7,0.5,6.5,0],"texture":"#3"},"down":{"uv":[7.5,0,7,0.5],"texture":"#3"}}},{"from":[4,8,20],"to":[12,18,28],"rotation":{"angle":0,"axis":"y","origin":[8,-10,24]},"faces":{"north":{"uv":[2,2,4,4.5],"texture":"#3"},"east":{"uv":[0,2,2,4.5],"texture":"#3"},"south":{"uv":[6,2,8,4.5],"texture":"#3"},"west":{"uv":[4,2,6,4.5],"texture":"#3"},"up":{"uv":[4,2,2,0],"texture":"#3"},"down":{"uv":[6,0,4,2],"texture":"#3"}}},{"from":[3.5,7.5,19.5],"to":[12.5,18.5,28.5],"rotation":{"angle":0,"axis":"y","origin":[8,-10,24]},"faces":{"north":{"uv":[10,2,12,4.5],"texture":"#3"},"east":{"uv":[8,2,10,4.5],"texture":"#3"},"south":{"uv":[14,2,16,4.5],"texture":"#3"},"west":{"uv":[12,2,14,4.5],"texture":"#3"},"up":{"uv":[12,2,10,0],"texture":"#3"},"down":{"uv":[14,0,12,2],"texture":"#3"}}},{"from":[4,-4,21],"to":[12,8,27],"rotation":{"angle":0,"axis":"y","origin":[8,-10,24]},"faces":{"north":{"uv":[5.5,6.5,7.5,9.5],"texture":"#3"},"east":{"uv":[4,6.5,5.5,9.5],"texture":"#3"},"south":{"uv":[9,6.5,11,9.5],"texture":"#3"},"west":{"uv":[7.5,6.5,9,9.5],"texture":"#3"},"up":{"uv":[7.5,6.5,5.5,5],"texture":"#3"},"down":{"uv":[9.5,5,7.5,6.5],"texture":"#3"}}},{"from":[11.90812,3.70711,22],"to":[23.90812,7.70711,26],"shade":false,"rotation":{"angle":45,"axis":"z","origin":[12,6,24]},"faces":{"north":{"uv":[12,15.5,11,12.5],"rotation":270,"texture":"#3"},"east":{"uv":[12,12.5,13,11.5],"rotation":90,"texture":"#3"},"south":{"uv":[14,15.5,13,12.5],"rotation":90,"texture":"#3"},"west":{"uv":[11,11.5,12,12.5],"rotation":90,"texture":"#3"},"up":{"uv":[11,15.5,10,12.5],"rotation":90,"texture":"#3"},"down":{"uv":[13,15.5,12,12.5],"rotation":90,"texture":"#3"}}},{"from":[-8,4,22],"to":[4,8,26],"shade":false,"rotation":{"angle":-45,"axis":"z","origin":[4,6,24]},"faces":{"north":{"uv":[12,15.5,11,12.5],"rotation":90,"texture":"#3"},"east":{"uv":[11,11.5,12,12.5],"rotation":270,"texture":"#3"},"south":{"uv":[14,15.5,13,12.5],"rotation":270,"texture":"#3"},"west":{"uv":[12,12.5,13,11.5],"rotation":270,"texture":"#3"},"up":{"uv":[13,15.5,12,12.5],"rotation":270,"texture":"#3"},"down":{"uv":[11,15.5,10,12.5],"rotation":270,"texture":"#3"}}},{"from":[4,-8,14],"to":[8,-4,26],"shade":false,"rotation":{"angle":0,"axis":"y","origin":[8,0,0]},"faces":{"north":{"uv":[2,5.5,3,6.5],"rotation":180,"texture":"#3"},"east":{"uv":[3,6.5,2,9.5],"rotation":270,"texture":"#3"},"south":{"uv":[1,6.5,2,5.5],"texture":"#3"},"west":{"uv":[1,6.5,0,9.5],"rotation":90,"texture":"#3"},"up":{"uv":[2,6.5,1,9.5],"rotation":180,"texture":"#3"},"down":{"uv":[4,6.5,3,9.5],"texture":"#3"}}},{"from":[8,-8,14],"to":[12,-4,26],"rotation":{"angle":0,"axis":"y","origin":[8,0,0]},"faces":{"north":{"uv":[3,5.5,2,6.5],"rotation":180,"texture":"#3"},"east":{"uv":[0,6.5,1,9.5],"rotation":270,"texture":"#3"},"south":{"uv":[2,6.5,1,5.5],"texture":"#3"},"west":{"uv":[2,6.5,3,9.5],"rotation":90,"texture":"#3"},"up":{"uv":[1,6.5,2,9.5],"rotation":180,"texture":"#3"},"down":{"uv":[3,6.5,4,9.5],"texture":"#3"}}},{"from":[3.75,-13,13.75],"to":[12.25,-1.5,20.25],"rotation":{"angle":45,"axis":"x","origin":[8,-10,24]},"faces":{"north":{"uv":[1.5,13.25,3.5,16],"texture":"#3"},"east":{"uv":[0,13.25,1.5,16],"texture":"#3"},"south":{"uv":[5,13.25,7,16],"texture":"#3"},"west":{"uv":[3.5,13.25,5,16],"texture":"#3"},"up":{"uv":[5.5,11,3.5,9.5],"texture":"#3"},"down":{"uv":[5.5,9.5,3.5,11],"texture":"#3"}}},{"from":[3.75,-1.25,20.75],"to":[12.25,8.25,27.25],"rotation":{"angle":0,"axis":"y","origin":[8,-10,24]},"faces":{"north":{"uv":[1.5,11,3.5,13.25],"texture":"#3"},"east":{"uv":[0,11,1.5,13.25],"texture":"#3"},"south":{"uv":[5,11,7,13.25],"texture":"#3"},"west":{"uv":[3.5,11,5,13.25],"texture":"#3"},"up":{"uv":[3.5,11,1.5,9.5],"texture":"#3"},"down":{"uv":[5.5,9.5,3.5,11],"texture":"#3"}}},{"from":[3.75,-8,20.75],"to":[12.25,-1.25,27.25],"rotation":{"angle":0,"axis":"y","origin":[8,-10,24]},"faces":{"north":{"uv":[3.5,9.5,5.5,11],"texture":"#3"},"east":{"uv":[5.5,14,7,15.5],"texture":"#3"},"south":{"uv":[5,14,7,15.5],"texture":"#3"},"west":{"uv":[5.5,14,7,15.5],"texture":"#3"},"up":{"uv":[5.5,11,3.5,9.5],"texture":"#3"},"down":{"uv":[7,14,5,15.5],"texture":"#3"}}},{"from":[11.25,0,30],"to":[27.25,32,30],"rotation":{"angle":0,"axis":"y","origin":[0,-10,16]},"faces":{"north":{"uv":[0,0,8,16],"texture":"#8"},"east":{"uv":[0,0,0.25,8],"texture":"#8"},"south":{"uv":[8,0,0,16],"texture":"#8"},"west":{"uv":[0,0,0.25,8],"texture":"#8"},"up":{"uv":[0,0,4,0.25],"texture":"#8"},"down":{"uv":[0,0,4,0.25],"texture":"#8"}}},{"from":[-11.5,0,30],"to":[4.5,32,30],"rotation":{"angle":0,"axis":"y","origin":[0,-10,16]},"faces":{"north":{"uv":[8,0,16,16],"texture":"#8"},"east":{"uv":[0,0,0.25,8],"texture":"#8"},"south":{"uv":[16,0,8,16],"texture":"#8"},"west":{"uv":[0,0,0.25,8],"texture":"#8"},"up":{"uv":[0,0,4,0.25],"texture":"#8"},"down":{"uv":[0,0,4,0.25],"texture":"#8"}}},{"from":[4,-4,21],"to":[12,8,27],"rotation":{"angle":0,"axis":"y","origin":[8,-10,24]},"faces":{"north":{"uv":[5.5,6.5,7.5,9.5],"texture":"#4"},"east":{"uv":[4,6.5,5.5,9.5],"texture":"#4"},"south":{"uv":[9,6.5,11,9.5],"texture":"#4"},"west":{"uv":[7.5,6.5,9,9.5],"texture":"#4"},"up":{"uv":[7.5,6.5,5.5,5],"texture":"#4"},"down":{"uv":[9.5,5,7.5,6.5],"texture":"#4"}}},{"from":[3.5,7.5,19.5],"to":[12.5,18.5,28.5],"rotation":{"angle":0,"axis":"y","origin":[8,-10,24]},"faces":{"north":{"uv":[10,2,12,4.5],"texture":"#4"},"east":{"uv":[8,2,10,4.5],"texture":"#4"},"south":{"uv":[14,2,16,4.5],"texture":"#4"},"west":{"uv":[12,2,14,4.5],"texture":"#4"},"up":{"uv":[12,2,10,0],"texture":"#4"},"down":{"uv":[14,0,12,2],"texture":"#4"}}},{"from":[4,8,20],"to":[12,18,28],"rotation":{"angle":0,"axis":"y","origin":[8,-10,24]},"faces":{"north":{"uv":[2,2,4,4.5],"texture":"#4"},"east":{"uv":[0,2,2,4.5],"texture":"#4"},"south":{"uv":[6,2,8,4.5],"texture":"#4"},"west":{"uv":[4,2,6,4.5],"texture":"#4"},"up":{"uv":[4,2,2,0],"texture":"#4"},"down":{"uv":[6,0,4,2],"texture":"#4"}}},{"from":[7,7,18],"to":[9,11,20],"rotation":{"angle":0,"axis":"y","origin":[8,-10,24]},"faces":{"north":{"uv":[6.5,0.5,7,1.5],"texture":"#4"},"east":{"uv":[6,0.5,6.5,1.5],"texture":"#4"},"south":{"uv":[7.5,0.5,8,1.5],"texture":"#4"},"west":{"uv":[7,0.5,7.5,1.5],"texture":"#4"},"up":{"uv":[7,0.5,6.5,0],"texture":"#4"},"down":{"uv":[7.5,0,7,0.5],"texture":"#4"}}},{"from":[3.75,-1.25,20.75],"to":[12.25,8.25,27.25],"rotation":{"angle":0,"axis":"y","origin":[8,-10,24]},"faces":{"north":{"uv":[1.5,11,3.5,13.25],"texture":"#4"},"east":{"uv":[0,11,1.5,13.25],"texture":"#4"},"south":{"uv":[5,11,7,13.25],"texture":"#4"},"west":{"uv":[3.5,11,5,13.25],"texture":"#4"},"up":{"uv":[3.5,11,1.5,9.5],"texture":"#4"},"down":{"uv":[5.5,9.5,3.5,11],"texture":"#4"}}},{"from":[3.75,-13,13.75],"to":[12.25,-1.5,20.25],"rotation":{"angle":45,"axis":"x","origin":[8,-10,24]},"faces":{"north":{"uv":[1.5,13.25,3.5,16],"texture":"#4"},"east":{"uv":[0,13.25,1.5,16],"texture":"#4"},"south":{"uv":[5,13.25,7,16],"texture":"#4"},"west":{"uv":[3.5,13.25,5,16],"texture":"#4"},"up":{"uv":[5.5,11,3.5,9.5],"texture":"#4"},"down":{"uv":[5.5,9.5,3.5,11],"texture":"#4"}}},{"from":[8,-8,14],"to":[12,-4,26],"rotation":{"angle":0,"axis":"y","origin":[8,0,0]},"faces":{"north":{"uv":[3,5.5,2,6.5],"rotation":180,"texture":"#4"},"east":{"uv":[0,6.5,1,9.5],"rotation":270,"texture":"#4"},"south":{"uv":[2,6.5,1,5.5],"texture":"#4"},"west":{"uv":[2,6.5,3,9.5],"rotation":90,"texture":"#4"},"up":{"uv":[1,6.5,2,9.5],"rotation":180,"texture":"#4"},"down":{"uv":[3,6.5,4,9.5],"texture":"#4"}}},{"from":[4,-8,14],"to":[8,-4,26],"shade":false,"rotation":{"angle":0,"axis":"y","origin":[8,0,0]},"faces":{"north":{"uv":[2,5.5,3,6.5],"rotation":180,"texture":"#4"},"east":{"uv":[3,6.5,2,9.5],"rotation":270,"texture":"#4"},"south":{"uv":[1,6.5,2,5.5],"texture":"#4"},"west":{"uv":[1,6.5,0,9.5],"rotation":90,"texture":"#4"},"up":{"uv":[2,6.5,1,9.5],"rotation":180,"texture":"#4"},"down":{"uv":[4,6.5,3,9.5],"texture":"#4"}}},{"from":[3.75,-8,20.75],"to":[12.25,-1.25,27.25],"rotation":{"angle":0,"axis":"y","origin":[8,-10,24]},"faces":{"north":{"uv":[3.5,9.5,5.5,11],"texture":"#4"},"east":{"uv":[5.5,14,7,15.5],"texture":"#4"},"south":{"uv":[5,14,7,15.5],"texture":"#4"},"west":{"uv":[5.5,14,7,15.5],"texture":"#4"},"up":{"uv":[5.5,11,3.5,9.5],"texture":"#4"},"down":{"uv":[7,14,5,15.5],"texture":"#4"}}},{"from":[12,4,22],"to":[24,8,26],"shade":false,"rotation":{"angle":22.5,"axis":"z","origin":[12,6,24]},"faces":{"north":{"uv":[12,15.5,11,12.5],"rotation":270,"texture":"#4"},"east":{"uv":[12,12.5,13,11.5],"rotation":90,"texture":"#4"},"south":{"uv":[14,15.5,13,12.5],"rotation":90,"texture":"#4"},"west":{"uv":[11,11.5,12,12.5],"rotation":90,"texture":"#4"},"up":{"uv":[11,15.5,10,12.5],"rotation":90,"texture":"#4"},"down":{"uv":[13,15.5,12,12.5],"rotation":90,"texture":"#4"}}},{"from":[-8,4,22],"to":[4,8,26],"shade":false,"rotation":{"angle":-22.5,"axis":"z","origin":[4,6,24]},"faces":{"north":{"uv":[12,15.5,11,12.5],"rotation":90,"texture":"#4"},"east":{"uv":[11,11.5,12,12.5],"rotation":270,"texture":"#4"},"south":{"uv":[14,15.5,13,12.5],"rotation":270,"texture":"#4"},"west":{"uv":[12,12.5,13,11.5],"rotation":270,"texture":"#4"},"up":{"uv":[13,15.5,12,12.5],"rotation":270,"texture":"#4"},"down":{"uv":[11,15.5,10,12.5],"rotation":270,"texture":"#4"}}},{"from":[11.25,0,30],"to":[27.25,32,30],"rotation":{"angle":0,"axis":"y","origin":[0,-10,16]},"faces":{"north":{"uv":[0,0,8,16],"texture":"#9"},"east":{"uv":[0,0,0.25,8],"texture":"#9"},"south":{"uv":[8,0,0,16],"texture":"#9"},"west":{"uv":[0,0,0.25,8],"texture":"#9"},"up":{"uv":[0,0,4,0.25],"texture":"#9"},"down":{"uv":[0,0,4,0.25],"texture":"#9"}}},{"from":[-11.5,0,30],"to":[4.5,32,30],"rotation":{"angle":0,"axis":"y","origin":[0,-10,16]},"faces":{"north":{"uv":[8,0,16,16],"texture":"#9"},"east":{"uv":[0,0,0.25,8],"texture":"#9"},"south":{"uv":[16,0,8,16],"texture":"#9"},"west":{"uv":[0,0,0.25,8],"texture":"#9"},"up":{"uv":[0,0,4,0.25],"texture":"#9"},"down":{"uv":[0,0,4,0.25],"texture":"#9"}}},{"from":[-7.75,13,3.25],"to":[24,29,3.25],"rotation":{"angle":0,"axis":"y","origin":[0,-10,16]},"faces":{"north":{"uv":[0,1.5,16,9.5],"texture":"#9"},"east":{"uv":[0,0,0.25,8],"texture":"#9"},"south":{"uv":[16,1.5,0,9.5],"texture":"#9"},"west":{"uv":[0,0,0.25,8],"texture":"#9"},"up":{"uv":[0,0,4,0.25],"texture":"#9"},"down":{"uv":[0,0,4,0.25],"texture":"#9"}}},{"from":[0,16,3],"to":[8,24,11],"rotation":{"angle":0,"axis":"y","origin":[0,-10,16]},"faces":{"north":{"uv":[0,0,8,8],"texture":"#14"},"east":{"uv":[0,0,8,8],"texture":"#14"},"south":{"uv":[0,0,8,8],"texture":"#14"},"west":{"uv":[0,0,8,8],"texture":"#14"},"up":{"uv":[8,0,16,8],"texture":"#14"},"down":{"uv":[0,8,8,16],"texture":"#14"}}},{"from":[0,18,-5],"to":[8,26,3],"rotation":{"angle":0,"axis":"y","origin":[0,-10,16]},"faces":{"north":{"uv":[0,0,8,8],"texture":"#14"},"east":{"uv":[0,0,8,8],"texture":"#14"},"south":{"uv":[0,0,8,8],"texture":"#14"},"west":{"uv":[0,0,8,8],"texture":"#14"},"up":{"uv":[8,0,16,8],"texture":"#14"},"down":{"uv":[0,8,8,16],"texture":"#14"}}},{"from":[8,14,-5],"to":[16,22,3],"rotation":{"angle":0,"axis":"y","origin":[0,-10,16]},"faces":{"north":{"uv":[0,0,8,8],"texture":"#14"},"east":{"uv":[0,0,8,8],"texture":"#14"},"south":{"uv":[0,0,8,8],"texture":"#14"},"west":{"uv":[0,0,8,8],"texture":"#14"},"up":{"uv":[8,0,16,8],"texture":"#14"},"down":{"uv":[0,8,8,16],"texture":"#14"}}},{"from":[8,17,3],"to":[16,25,11],"rotation":{"angle":0,"axis":"y","origin":[0,-10,16]},"faces":{"north":{"uv":[0,0,8,8],"texture":"#14"},"east":{"uv":[0,0,8,8],"texture":"#14"},"south":{"uv":[0,0,8,8],"texture":"#14"},"west":{"uv":[0,0,8,8],"texture":"#14"},"up":{"uv":[8,0,16,8],"texture":"#14"},"down":{"uv":[0,8,8,16],"texture":"#14"}}},{"from":[4,8,20],"to":[12,18,28],"rotation":{"angle":0,"axis":"y","origin":[8,-10,24]},"faces":{"north":{"uv":[2,2,4,4.5],"texture":"#5"},"east":{"uv":[0,2,2,4.5],"texture":"#5"},"south":{"uv":[6,2,8,4.5],"texture":"#5"},"west":{"uv":[4,2,6,4.5],"texture":"#5"},"up":{"uv":[4,2,2,0],"texture":"#5"},"down":{"uv":[6,0,4,2],"texture":"#5"}}},{"from":[3.5,7.5,19.5],"to":[12.5,18.5,28.5],"rotation":{"angle":0,"axis":"y","origin":[8,-10,24]},"faces":{"north":{"uv":[10,2,12,4.5],"texture":"#5"},"east":{"uv":[8,2,10,4.5],"texture":"#5"},"south":{"uv":[14,2,16,4.5],"texture":"#5"},"west":{"uv":[12,2,14,4.5],"texture":"#5"},"up":{"uv":[12,2,10,0],"texture":"#5"},"down":{"uv":[14,0,12,2],"texture":"#5"}}},{"from":[4,-4,21],"to":[12,8,27],"rotation":{"angle":0,"axis":"y","origin":[8,-10,24]},"faces":{"north":{"uv":[5.5,6.5,7.5,9.5],"texture":"#5"},"east":{"uv":[4,6.5,5.5,9.5],"texture":"#5"},"south":{"uv":[9,6.5,11,9.5],"texture":"#5"},"west":{"uv":[7.5,6.5,9,9.5],"texture":"#5"},"up":{"uv":[7.5,6.5,5.5,5],"texture":"#5"},"down":{"uv":[9.5,5,7.5,6.5],"texture":"#5"}}},{"from":[7,7,18],"to":[9,11,20],"rotation":{"angle":0,"axis":"y","origin":[8,-10,24]},"faces":{"north":{"uv":[6.5,0.5,7,1.5],"texture":"#5"},"east":{"uv":[6,0.5,6.5,1.5],"texture":"#5"},"south":{"uv":[7.5,0.5,8,1.5],"texture":"#5"},"west":{"uv":[7,0.5,7.5,1.5],"texture":"#5"},"up":{"uv":[7,0.5,6.5,0],"texture":"#5"},"down":{"uv":[7.5,0,7,0.5],"texture":"#5"}}},{"from":[3.75,-1.25,20.75],"to":[12.25,8.25,27.25],"rotation":{"angle":0,"axis":"y","origin":[8,-10,24]},"faces":{"north":{"uv":[1.5,11,3.5,13.25],"texture":"#5"},"east":{"uv":[0,11,1.5,13.25],"texture":"#5"},"south":{"uv":[5,11,7,13.25],"texture":"#5"},"west":{"uv":[3.5,11,5,13.25],"texture":"#5"},"up":{"uv":[3.5,11,1.5,9.5],"texture":"#5"},"down":{"uv":[5.5,9.5,3.5,11],"texture":"#5"}}},{"from":[3.75,-13,13.75],"to":[12.25,-1.5,20.25],"rotation":{"angle":45,"axis":"x","origin":[8,-10,24]},"faces":{"north":{"uv":[1.5,13.25,3.5,16],"texture":"#5"},"east":{"uv":[0,13.25,1.5,16],"texture":"#5"},"south":{"uv":[5,13.25,7,16],"texture":"#5"},"west":{"uv":[3.5,13.25,5,16],"texture":"#5"},"up":{"uv":[5.5,11,3.5,9.5],"texture":"#5"},"down":{"uv":[5.5,9.5,3.5,11],"texture":"#5"}}},{"from":[8,-8,14],"to":[12,-4,26],"rotation":{"angle":0,"axis":"y","origin":[8,0,0]},"faces":{"north":{"uv":[3,5.5,2,6.5],"rotation":180,"texture":"#5"},"east":{"uv":[0,6.5,1,9.5],"rotation":270,"texture":"#5"},"south":{"uv":[2,6.5,1,5.5],"texture":"#5"},"west":{"uv":[2,6.5,3,9.5],"rotation":90,"texture":"#5"},"up":{"uv":[1,6.5,2,9.5],"rotation":180,"texture":"#5"},"down":{"uv":[3,6.5,4,9.5],"texture":"#5"}}},{"from":[4,-8,14],"to":[8,-4,26],"shade":false,"rotation":{"angle":0,"axis":"y","origin":[8,0,0]},"faces":{"north":{"uv":[2,5.5,3,6.5],"rotation":180,"texture":"#5"},"east":{"uv":[3,6.5,2,9.5],"rotation":270,"texture":"#5"},"south":{"uv":[1,6.5,2,5.5],"texture":"#5"},"west":{"uv":[1,6.5,0,9.5],"rotation":90,"texture":"#5"},"up":{"uv":[2,6.5,1,9.5],"rotation":180,"texture":"#5"},"down":{"uv":[4,6.5,3,9.5],"texture":"#5"}}},{"from":[3.75,-8,20.75],"to":[12.25,-1.25,27.25],"rotation":{"angle":0,"axis":"y","origin":[8,-10,24]},"faces":{"north":{"uv":[3.5,9.5,5.5,11],"texture":"#5"},"east":{"uv":[5.5,14,7,15.5],"texture":"#5"},"south":{"uv":[5,14,7,15.5],"texture":"#5"},"west":{"uv":[5.5,14,7,15.5],"texture":"#5"},"up":{"uv":[5.5,11,3.5,9.5],"texture":"#5"},"down":{"uv":[7,14,5,15.5],"texture":"#5"}}},{"from":[-8,4,22],"to":[4,8,26],"shade":false,"rotation":{"angle":-45,"axis":"z","origin":[4,6,24]},"faces":{"north":{"uv":[12,15.5,11,12.5],"rotation":90,"texture":"#5"},"east":{"uv":[11,11.5,12,12.5],"rotation":270,"texture":"#5"},"south":{"uv":[14,15.5,13,12.5],"rotation":270,"texture":"#5"},"west":{"uv":[12,12.5,13,11.5],"rotation":270,"texture":"#5"},"up":{"uv":[13,15.5,12,12.5],"rotation":270,"texture":"#5"},"down":{"uv":[11,15.5,10,12.5],"rotation":270,"texture":"#5"}}},{"from":[12,4,22],"to":[24,8,26],"shade":false,"rotation":{"angle":45,"axis":"z","origin":[12,6,24]},"faces":{"north":{"uv":[12,15.5,11,12.5],"rotation":270,"texture":"#5"},"east":{"uv":[12,12.5,13,11.5],"rotation":90,"texture":"#5"},"south":{"uv":[14,15.5,13,12.5],"rotation":90,"texture":"#5"},"west":{"uv":[11,11.5,12,12.5],"rotation":90,"texture":"#5"},"up":{"uv":[11,15.5,10,12.5],"rotation":90,"texture":"#5"},"down":{"uv":[13,15.5,12,12.5],"rotation":90,"texture":"#5"}}},{"from":[11.25,0,30],"to":[27.25,32,30],"rotation":{"angle":0,"axis":"y","origin":[0,-10,16]},"faces":{"north":{"uv":[0,0,8,16],"texture":"#10"},"east":{"uv":[0,0,0.25,8],"texture":"#10"},"south":{"uv":[8,0,0,16],"texture":"#10"},"west":{"uv":[0,0,0.25,8],"texture":"#10"},"up":{"uv":[0,0,4,0.25],"texture":"#10"},"down":{"uv":[0,0,4,0.25],"texture":"#10"}}},{"from":[-11.5,0,30],"to":[4.5,32,30],"rotation":{"angle":0,"axis":"y","origin":[0,-10,16]},"faces":{"north":{"uv":[8,0,16,16],"texture":"#10"},"east":{"uv":[0,0,0.25,8],"texture":"#10"},"south":{"uv":[16,0,8,16],"texture":"#10"},"west":{"uv":[0,0,0.25,8],"texture":"#10"},"up":{"uv":[0,0,4,0.25],"texture":"#10"},"down":{"uv":[0,0,4,0.25],"texture":"#10"}}},{"from":[0,22,-8],"to":[8,30,0],"rotation":{"angle":0,"axis":"y","origin":[0,-10,16]},"faces":{"north":{"uv":[0,0,8,8],"texture":"#15"},"east":{"uv":[0,0,8,8],"texture":"#15"},"south":{"uv":[0,0,8,8],"texture":"#15"},"west":{"uv":[0,0,8,8],"texture":"#15"},"up":{"uv":[8,0,16,8],"texture":"#15"},"down":{"uv":[0,8,8,16],"texture":"#15"}}},{"from":[0,24,-16],"to":[8,32,-8],"rotation":{"angle":0,"axis":"y","origin":[0,-10,16]},"faces":{"north":{"uv":[0,0,8,8],"texture":"#15"},"east":{"uv":[0,0,8,8],"texture":"#15"},"south":{"uv":[0,0,8,8],"texture":"#15"},"west":{"uv":[0,0,8,8],"texture":"#15"},"up":{"uv":[8,0,16,8],"texture":"#15"},"down":{"uv":[0,8,8,16],"texture":"#15"}}},{"from":[8,20,-16],"to":[16,28,-8],"rotation":{"angle":0,"axis":"y","origin":[0,-10,16]},"faces":{"north":{"uv":[0,0,8,8],"texture":"#15"},"east":{"uv":[0,0,8,8],"texture":"#15"},"south":{"uv":[0,0,8,8],"texture":"#15"},"west":{"uv":[0,0,8,8],"texture":"#15"},"up":{"uv":[8,0,16,8],"texture":"#15"},"down":{"uv":[0,8,8,16],"texture":"#15"}}},{"from":[8,23,-8],"to":[16,31,0],"rotation":{"angle":0,"axis":"y","origin":[0,-10,16]},"faces":{"north":{"uv":[0,0,8,8],"texture":"#15"},"east":{"uv":[0,0,8,8],"texture":"#15"},"south":{"uv":[0,0,8,8],"texture":"#15"},"west":{"uv":[0,0,8,8],"texture":"#15"},"up":{"uv":[8,0,16,8],"texture":"#15"},"down":{"uv":[0,8,8,16],"texture":"#15"}}},{"from":[4,8,20],"to":[12,18,28],"rotation":{"angle":0,"axis":"y","origin":[8,-10,24]},"faces":{"north":{"uv":[2,2,4,4.5],"texture":"#6"},"east":{"uv":[0,2,2,4.5],"texture":"#6"},"south":{"uv":[6,2,8,4.5],"texture":"#6"},"west":{"uv":[4,2,6,4.5],"texture":"#6"},"up":{"uv":[4,2,2,0],"texture":"#6"},"down":{"uv":[6,0,4,2],"texture":"#6"}}},{"from":[3.5,7.5,19.5],"to":[12.5,18.5,28.5],"rotation":{"angle":0,"axis":"y","origin":[8,-10,24]},"faces":{"north":{"uv":[10,2,12,4.5],"texture":"#6"},"east":{"uv":[8,2,10,4.5],"texture":"#6"},"south":{"uv":[14,2,16,4.5],"texture":"#6"},"west":{"uv":[12,2,14,4.5],"texture":"#6"},"up":{"uv":[12,2,10,0],"texture":"#6"},"down":{"uv":[14,0,12,2],"texture":"#6"}}},{"from":[4,-4,21],"to":[12,8,27],"rotation":{"angle":0,"axis":"y","origin":[8,-10,24]},"faces":{"north":{"uv":[5.5,6.5,7.5,9.5],"texture":"#6"},"east":{"uv":[4,6.5,5.5,9.5],"texture":"#6"},"south":{"uv":[9,6.5,11,9.5],"texture":"#6"},"west":{"uv":[7.5,6.5,9,9.5],"texture":"#6"},"up":{"uv":[7.5,6.5,5.5,5],"texture":"#6"},"down":{"uv":[9.5,5,7.5,6.5],"texture":"#6"}}},{"from":[7,7,18],"to":[9,11,20],"rotation":{"angle":0,"axis":"y","origin":[8,-10,24]},"faces":{"north":{"uv":[6.5,0.5,7,1.5],"texture":"#6"},"east":{"uv":[6,0.5,6.5,1.5],"texture":"#6"},"south":{"uv":[7.5,0.5,8,1.5],"texture":"#6"},"west":{"uv":[7,0.5,7.5,1.5],"texture":"#6"},"up":{"uv":[7,0.5,6.5,0],"texture":"#6"},"down":{"uv":[7.5,0,7,0.5],"texture":"#6"}}},{"from":[3.75,-1.25,20.75],"to":[12.25,8.25,27.25],"rotation":{"angle":0,"axis":"y","origin":[8,-10,24]},"faces":{"north":{"uv":[1.5,11,3.5,13.25],"texture":"#6"},"east":{"uv":[0,11,1.5,13.25],"texture":"#6"},"south":{"uv":[5,11,7,13.25],"texture":"#6"},"west":{"uv":[3.5,11,5,13.25],"texture":"#6"},"up":{"uv":[3.5,11,1.5,9.5],"texture":"#6"},"down":{"uv":[5.5,9.5,3.5,11],"texture":"#6"}}},{"from":[3.75,-13,13.75],"to":[12.25,-1.5,20.25],"rotation":{"angle":45,"axis":"x","origin":[8,-10,24]},"faces":{"north":{"uv":[1.5,13.25,3.5,16],"texture":"#6"},"east":{"uv":[0,13.25,1.5,16],"texture":"#6"},"south":{"uv":[5,13.25,7,16],"texture":"#6"},"west":{"uv":[3.5,13.25,5,16],"texture":"#6"},"up":{"uv":[5.5,11,3.5,9.5],"texture":"#6"},"down":{"uv":[5.5,9.5,3.5,11],"texture":"#6"}}},{"from":[8,-8,14],"to":[12,-4,26],"rotation":{"angle":0,"axis":"y","origin":[8,0,0]},"faces":{"north":{"uv":[3,5.5,2,6.5],"rotation":180,"texture":"#6"},"east":{"uv":[0,6.5,1,9.5],"rotation":270,"texture":"#6"},"south":{"uv":[2,6.5,1,5.5],"texture":"#6"},"west":{"uv":[2,6.5,3,9.5],"rotation":90,"texture":"#6"},"up":{"uv":[1,6.5,2,9.5],"rotation":180,"texture":"#6"},"down":{"uv":[3,6.5,4,9.5],"texture":"#6"}}},{"from":[4,-8,14],"to":[8,-4,26],"shade":false,"rotation":{"angle":0,"axis":"y","origin":[8,0,0]},"faces":{"north":{"uv":[2,5.5,3,6.5],"rotation":180,"texture":"#6"},"east":{"uv":[3,6.5,2,9.5],"rotation":270,"texture":"#6"},"south":{"uv":[1,6.5,2,5.5],"texture":"#6"},"west":{"uv":[1,6.5,0,9.5],"rotation":90,"texture":"#6"},"up":{"uv":[2,6.5,1,9.5],"rotation":180,"texture":"#6"},"down":{"uv":[4,6.5,3,9.5],"texture":"#6"}}},{"from":[3.75,-8,20.75],"to":[12.25,-1.25,27.25],"rotation":{"angle":0,"axis":"y","origin":[8,-10,24]},"faces":{"north":{"uv":[3.5,9.5,5.5,11],"texture":"#6"},"east":{"uv":[5.5,14,7,15.5],"texture":"#6"},"south":{"uv":[5,14,7,15.5],"texture":"#6"},"west":{"uv":[5.5,14,7,15.5],"texture":"#6"},"up":{"uv":[5.5,11,3.5,9.5],"texture":"#6"},"down":{"uv":[7,14,5,15.5],"texture":"#6"}}},{"from":[10,7.5,22],"to":[14,19.5,26],"shade":false,"rotation":{"angle":-22.5,"axis":"z","origin":[12,6,24]},"faces":{"north":{"uv":[12,15.5,11,12.5],"texture":"#6"},"east":{"uv":[13,15.5,12,12.5],"texture":"#6"},"south":{"uv":[14,15.5,13,12.5],"texture":"#6"},"west":{"uv":[11,15.5,10,12.5],"texture":"#6"},"up":{"uv":[12,12.5,13,11.5],"texture":"#6"},"down":{"uv":[11,11.5,12,12.5],"texture":"#6"}}},{"from":[2,7.25,22],"to":[6,19.25,26],"shade":false,"rotation":{"angle":22.5,"axis":"z","origin":[4,6,24]},"faces":{"north":{"uv":[12,15.5,11,12.5],"texture":"#6"},"east":{"uv":[13,15.5,12,12.5],"texture":"#6"},"south":{"uv":[14,15.5,13,12.5],"texture":"#6"},"west":{"uv":[11,15.5,10,12.5],"texture":"#6"},"up":{"uv":[12,12.5,13,11.5],"texture":"#6"},"down":{"uv":[11,11.5,12,12.5],"texture":"#6"}}}],"display":{"thirdperson_righthand":{"rotation":[75,45,0],"translation":[-2.5,4,1],"scale":[0.25,0.25,0.25]},"thirdperson_lefthand":{"rotation":[75,45,0],"translation":[-2.5,4,1],"scale":[0.25,0.25,0.25]},"firstperson_righthand":{"rotation":[0,45,0],"translation":[5,1,-5],"scale":[0.2,0.2,0.2]},"firstperson_lefthand":{"rotation":[0,45,0],"translation":[5,1,-5],"scale":[0.2,0.2,0.2]},"ground":{"translation":[0,5,0],"scale":[0.2,0.2,0.2]},"gui":{"rotation":[30,225,0],"translation":[1,-2.5,0],"scale":[0.3,0.3,0.3]},"head":{"translation":[0,2.75,-50],"scale":[3,3,3]},"fixed":{"translation":[0,2.5,-8.5],"scale":[0.5,0.5,0.5]}}}