{"display":{"thirdperson_righthand":{"rotation":[75,45,0],"translation":[0,2.5,1],"scale":[0.375,0.375,0.375]},"thirdperson_lefthand":{"rotation":[75,45,0],"translation":[0,2.5,1],"scale":[0.375,0.375,0.375]},"firstperson_righthand":{"rotation":[0,-90,0],"translation":[0,3,0],"scale":[0.4,0.4,0.4]},"firstperson_lefthand":{"rotation":[0,-90,0],"translation":[0,3,0],"scale":[0.4,0.4,0.4]},"ground":{"translation":[0,3,0],"scale":[0.25,0.25,0.25]},"gui":{"rotation":[30,225,0],"translation":[0,2.5,0],"scale":[0.7,0.7,0.7]},"head":{"rotation":[0,15,0],"translation":[0,17.5,0],"scale":[1.5,1.5,1.5]},"fixed":{"rotation":[-90,0,0],"translation":[0,0,-4],"scale":[0.5,0.5,0.5]}},"texture_size":[64,64],"textures":{"0":"entity/piglin/zombified_piglin"},"elements":[{"from":[4.12,2.5,9],"to":[11.62,8.5,15],"rotation":{"angle":22.5,"axis":"x","origin":[0,-4,1]},"faces":{"north":{"uv":[7,0,4.5,2],"rotation":180,"texture":"#0"},"east":{"uv":[0,2,2,4],"rotation":270,"texture":"#0"},"south":{"uv":[4.5,2,2,0],"texture":"#0"},"west":{"uv":[4.5,2,6.5,4],"rotation":90,"texture":"#0"},"up":{"uv":[2,2,4.5,4],"rotation":180,"texture":"#0"},"down":{"uv":[6.5,2,9,4],"texture":"#0"}}},{"from":[-2.5,-1,12.75],"to":[-1.75,2,16.75],"rotation":{"angle":22.5,"axis":"y","origin":[0,-4,1]},"faces":{"north":{"uv":[14.25,1.5,14,2.5],"rotation":180,"texture":"#0"},"east":{"uv":[12.75,2.5,13.75,3.75],"rotation":270,"texture":"#0"},"south":{"uv":[14,2.5,13.75,1.5],"texture":"#0"},"west":{"uv":[14,2.5,15,3.75],"rotation":90,"texture":"#0"},"up":{"uv":[13.75,2.5,14,3.75],"rotation":180,"texture":"#0"},"down":{"uv":[15,2.5,15.25,3.75],"texture":"#0"}}},{"from":[6.37,8.5,9],"to":[9.37,9.25,12],"rotation":{"angle":22.5,"axis":"x","origin":[0,-4,1]},"faces":{"north":{"uv":[10,0.25,9,0.5],"rotation":180,"texture":"#0"},"east":{"uv":[7.75,0.5,8,1.5],"rotation":270,"texture":"#0"},"south":{"uv":[9,0.5,8,0.25],"texture":"#0"},"west":{"uv":[9,0.5,9.25,1.5],"rotation":90,"texture":"#0"},"up":{"uv":[8,0.5,9,1.5],"rotation":180,"texture":"#0"},"down":{"uv":[9.25,0.5,10.25,1.5],"texture":"#0"}}},{"from":[5.63,8.5,9],"to":[6.38,9.25,10.5],"rotation":{"angle":22.5,"axis":"x","origin":[0,-4,1]},"faces":{"north":{"uv":[1.25,1,1,1.25],"rotation":180,"texture":"#0"},"east":{"uv":[0.5,1.25,0.75,1.75],"rotation":270,"texture":"#0"},"south":{"uv":[1,1.25,0.75,1],"texture":"#0"},"west":{"uv":[1,1.25,1.25,1.75],"rotation":90,"texture":"#0"},"up":{"uv":[0.75,1.25,1,1.75],"rotation":180,"texture":"#0"},"down":{"uv":[1.25,1.25,1.5,1.75],"texture":"#0"}}},{"from":[9.38,8.5,9],"to":[10.13,9.25,10.5],"rotation":{"angle":22.5,"axis":"x","origin":[0,-4,1]},"faces":{"north":{"uv":[1.25,1,1,1.25],"rotation":180,"texture":"#0"},"east":{"uv":[0.5,1.25,0.75,1.75],"rotation":270,"texture":"#0"},"south":{"uv":[1,1.25,0.75,1],"texture":"#0"},"west":{"uv":[1,1.25,1.25,1.75],"rotation":90,"texture":"#0"},"up":{"uv":[0.75,1.25,1,1.75],"rotation":180,"texture":"#0"},"down":{"uv":[1.25,1.25,1.5,1.75],"texture":"#0"}}},{"from":[6,0.75,6],"to":[10,2.75,12],"rotation":{"angle":0,"axis":"x","origin":[0,-4,1]},"faces":{"north":{"uv":[9,4,7,5],"rotation":180,"texture":"#0"},"east":{"uv":[4,5,5,8],"rotation":270,"texture":"#0"},"south":{"uv":[7,5,5,4],"texture":"#0"},"west":{"uv":[7,5,8,8],"rotation":90,"texture":"#0"},"up":{"uv":[5,5,7,8],"rotation":180,"texture":"#0"},"down":{"uv":[8,5,10,8],"texture":"#0"}}},{"from":[3,-2.25,10],"to":[9,-0.25,12],"rotation":{"angle":22.5,"axis":"z","origin":[0,-7,1]},"faces":{"north":{"uv":[8,13,9,16],"rotation":270,"texture":"#0"},"east":{"uv":[10,13,9,12],"texture":"#0"},"south":{"uv":[10,13,11,16],"rotation":90,"texture":"#0"},"west":{"uv":[11,12,10,13],"rotation":180,"texture":"#0"},"up":{"uv":[9,13,10,16],"rotation":90,"texture":"#0"},"down":{"uv":[11,13,12,16],"rotation":90,"texture":"#0"}}},{"from":[5.75,3.75,10],"to":[11.75,5.75,12],"rotation":{"angle":-22.5,"axis":"z","origin":[0,-7,1]},"faces":{"north":{"uv":[12,5,13,8],"rotation":90,"texture":"#0"},"east":{"uv":[13,4,12,5],"rotation":180,"texture":"#0"},"south":{"uv":[10,5,11,8],"rotation":270,"texture":"#0"},"west":{"uv":[12,5,11,4],"texture":"#0"},"up":{"uv":[11,5,12,8],"rotation":270,"texture":"#0"},"down":{"uv":[13,5,14,8],"rotation":270,"texture":"#0"}}},{"from":[3,0.75,2.25],"to":[5,2.75,8.25],"rotation":{"angle":22.5,"axis":"y","origin":[0,0,0]},"faces":{"north":{"uv":[3,4,2,5],"rotation":180,"texture":"#0"},"east":{"uv":[1,5,0,8],"rotation":270,"texture":"#0"},"south":{"uv":[2,5,1,4],"texture":"#0"},"west":{"uv":[3,5,2,8],"rotation":90,"texture":"#0"},"up":{"uv":[4,5,3,8],"rotation":180,"texture":"#0"},"down":{"uv":[2,5,1,8],"texture":"#0"}}},{"from":[8,-1.75,1],"to":[10,0.25,7],"rotation":{"angle":-22.5,"axis":"x","origin":[0,0,0]},"faces":{"north":{"uv":[7,12,6,13],"rotation":180,"texture":"#0"},"east":{"uv":[4,13,5,16],"rotation":270,"texture":"#0"},"south":{"uv":[6,13,5,12],"texture":"#0"},"west":{"uv":[6,13,7,16],"rotation":90,"texture":"#0"},"up":{"uv":[5,13,6,16],"rotation":180,"texture":"#0"},"down":{"uv":[7,13,8,16],"texture":"#0"}}}]}