{"parent":"minecraft:item/handheld","textures":{"layer0":"minecraft:item/bow"},"overrides":[{"predicate":{"pulling":1},"model":"item/bow_pulling_0"},{"predicate":{"pulling":1,"pull":0.65},"model":"item/bow_pulling_1"},{"predicate":{"pulling":1,"pull":0.9},"model":"item/bow_pulling_2"},{"predicate":{"custom_model_data":1001},"model":"requlogia:items/armors/ice/ice_bow"},{"predicate":{"pulling":1,"custom_model_data":1001},"model":"requlogia:items/armors/ice/ice_bow_0"},{"predicate":{"pulling":1,"pull":0.65,"custom_model_data":1001},"model":"requlogia:items/armors/ice/ice_bow_1"},{"predicate":{"pulling":1,"pull":0.9,"custom_model_data":1001},"model":"requlogia:items/armors/ice/ice_bow_2"},{"predicate":{"custom_model_data":2001},"model":"requlogia:items/armors/flame/flame_bow"},{"predicate":{"pulling":1,"custom_model_data":2001},"model":"requlogia:items/armors/flame/flame_bow_0"},{"predicate":{"pulling":1,"pull":0.65,"custom_model_data":2001},"model":"requlogia:items/armors/flame/flame_bow_1"},{"predicate":{"pulling":1,"pull":0.9,"custom_model_data":2001},"model":"requlogia:items/armors/flame/flame_bow_2"},{"predicate":{"custom_model_data":3001},"model":"requlogia:items/armors/nightmare/nightmare_bow"},{"predicate":{"pulling":1,"custom_model_data":3001},"model":"requlogia:items/armors/nightmare/nightmare_bow_0"},{"predicate":{"pulling":1,"pull":0.65,"custom_model_data":3001},"model":"requlogia:items/armors/nightmare/nightmare_bow_1"},{"predicate":{"pulling":1,"pull":0.9,"custom_model_data":3001},"model":"requlogia:items/armors/nightmare/nightmare_bow_2"},{"predicate":{"custom_model_data":3002},"model":"item/bow"}]}