{"parent":"minecraft:item/generated","textures":{"layer0":"minecraft:item/paper"},"overrides":[{"predicate":{"custom_model_data":4000},"model":"requlogia:decorations/sculptures/allay_vex"},{"predicate":{"custom_model_data":4001},"model":"requlogia:decorations/sculptures/creeper"},{"predicate":{"custom_model_data":4002},"model":"requlogia:decorations/sculptures/elder_guardian"},{"predicate":{"custom_model_data":4003},"model":"requlogia:decorations/sculptures/fox"},{"predicate":{"custom_model_data":4004},"model":"requlogia:decorations/sculptures/frog"},{"predicate":{"custom_model_data":4005},"model":"requlogia:decorations/sculptures/goat"},{"predicate":{"custom_model_data":4006},"model":"requlogia:decorations/sculptures/key"},{"predicate":{"custom_model_data":4007},"model":"requlogia:decorations/sculptures/mooshroom"},{"predicate":{"custom_model_data":4008},"model":"requlogia:decorations/sculptures/necromancer"},{"predicate":{"custom_model_data":4009},"model":"requlogia:decorations/sculptures/archillager_dragon"},{"predicate":{"custom_model_data":4010},"model":"requlogia:decorations/sculptures/death_dragon"},{"predicate":{"custom_model_data":4011},"model":"requlogia:decorations/sculptures/dolphin"},{"predicate":{"custom_model_data":4012},"model":"requlogia:decorations/sculptures/fire_breathing"},{"predicate":{"custom_model_data":4013},"model":"requlogia:decorations/sculptures/horse"},{"predicate":{"custom_model_data":4014},"model":"requlogia:decorations/sculptures/llama"},{"predicate":{"custom_model_data":4015},"model":"requlogia:decorations/sculptures/octopus"},{"predicate":{"custom_model_data":4016},"model":"requlogia:decorations/sculptures/panda"},{"predicate":{"custom_model_data":4017},"model":"requlogia:decorations/sculptures/redstone_golem"},{"predicate":{"custom_model_data":4018},"model":"requlogia:decorations/sculptures/totem"},{"predicate":{"custom_model_data":4019},"model":"requlogia:decorations/sculptures/villager"},{"predicate":{"custom_model_data":4020},"model":"requlogia:decorations/sculptures/warden"},{"predicate":{"custom_model_data":4021},"model":"requlogia:decorations/sculptures/axolotl"},{"predicate":{"custom_model_data":4022},"model":"requlogia:decorations/sculptures/enderman"},{"predicate":{"custom_model_data":4023},"model":"requlogia:decorations/sculptures/herobrine"},{"predicate":{"custom_model_data":4024},"model":"requlogia:decorations/sculptures/inferno"},{"predicate":{"custom_model_data":4025},"model":"requlogia:decorations/sculptures/phantom"},{"predicate":{"custom_model_data":4026},"model":"requlogia:decorations/sculptures/piglin"},{"predicate":{"custom_model_data":4027},"model":"requlogia:decorations/sculptures/strider"},{"predicate":{"custom_model_data":4028},"model":"requlogia:decorations/sculptures/wither_storm"},{"predicate":{"custom_model_data":4029},"model":"requlogia:decorations/bears/arch_of_love"},{"predicate":{"custom_model_data":4030},"model":"requlogia:decorations/bears/bear_plushie"},{"predicate":{"custom_model_data":4031},"model":"requlogia:decorations/bears/candelabra_of_lovers"},{"predicate":{"custom_model_data":4032},"model":"requlogia:decorations/bears/chandlier_of_lovers"},{"predicate":{"custom_model_data":4033},"model":"requlogia:decorations/bears/cupid_hat"},{"predicate":{"custom_model_data":4034},"model":"requlogia:decorations/bears/cupid_plushie"},{"predicate":{"custom_model_data":4035},"model":"requlogia:decorations/bears/i_love_u"},{"predicate":{"custom_model_data":4036},"model":"requlogia:decorations/bears/lights"},{"predicate":{"custom_model_data":4037},"model":"requlogia:decorations/bears/present"},{"predicate":{"custom_model_data":4038},"model":"requlogia:decorations/bears/rabbit_plushie"},{"predicate":{"custom_model_data":4039},"model":"requlogia:decorations/bears/red_balloons"},{"predicate":{"custom_model_data":4040},"model":"requlogia:decorations/flowers/agaric_bush"},{"predicate":{"custom_model_data":4041},"model":"requlogia:decorations/flowers/agaric"},{"predicate":{"custom_model_data":4042},"model":"requlogia:decorations/flowers/bellflower"},{"predicate":{"custom_model_data":4043},"model":"requlogia:decorations/flowers/broadleaf"},{"predicate":{"custom_model_data":4044},"model":"requlogia:decorations/flowers/crimson_biggo"},{"predicate":{"custom_model_data":4045},"model":"requlogia:decorations/flowers/crimson_lomus"},{"predicate":{"custom_model_data":4046},"model":"requlogia:decorations/flowers/devourer"},{"predicate":{"custom_model_data":4047},"model":"requlogia:decorations/flowers/drags"},{"predicate":{"custom_model_data":4048},"model":"requlogia:decorations/flowers/fern"},{"predicate":{"custom_model_data":4049},"model":"requlogia:decorations/flowers/fir_stem"},{"predicate":{"custom_model_data":4050},"model":"requlogia:decorations/flowers/frostleet"},{"predicate":{"custom_model_data":4051},"model":"requlogia:decorations/flowers/hazard_flower"},{"predicate":{"custom_model_data":4052},"model":"requlogia:decorations/flowers/hopperpop"},{"predicate":{"custom_model_data":4053},"model":"requlogia:decorations/flowers/lumishroom"},{"predicate":{"custom_model_data":4054},"model":"requlogia:decorations/flowers/lush_palm"},{"predicate":{"custom_model_data":4055},"model":"requlogia:decorations/flowers/palm"},{"predicate":{"custom_model_data":4056},"model":"requlogia:decorations/flowers/predatory_poppy"},{"predicate":{"custom_model_data":4057},"model":"requlogia:decorations/flowers/rotten_flower"},{"predicate":{"custom_model_data":4058},"model":"requlogia:decorations/flowers/small_flowers"},{"predicate":{"custom_model_data":4059},"model":"requlogia:decorations/flowers/soul_biggo"},{"predicate":{"custom_model_data":4060},"model":"requlogia:decorations/flowers/soul_flowers"},{"predicate":{"custom_model_data":4061},"model":"requlogia:decorations/flowers/soul_fruit"},{"predicate":{"custom_model_data":4062},"model":"requlogia:decorations/flowers/sphere_bloom"},{"predicate":{"custom_model_data":4063},"model":"requlogia:decorations/flowers/sporeloom"},{"predicate":{"custom_model_data":4064},"model":"requlogia:decorations/flowers/swampool"},{"predicate":{"custom_model_data":4065},"model":"requlogia:decorations/flowers/tubule"},{"predicate":{"custom_model_data":4066},"model":"requlogia:decorations/flowers/warped_biggo"},{"predicate":{"custom_model_data":4067},"model":"requlogia:decorations/flowers/wild_smeller"},{"predicate":{"custom_model_data":4068},"model":"requlogia:decorations/boxes/gold_big_present"},{"predicate":{"custom_model_data":4069},"model":"requlogia:decorations/boxes/gold_small_present"},{"predicate":{"custom_model_data":4070},"model":"requlogia:decorations/boxes/green_big_present"},{"predicate":{"custom_model_data":4071},"model":"requlogia:decorations/boxes/green_small_present"},{"predicate":{"custom_model_data":4072},"model":"requlogia:decorations/boxes/orange_big_present"},{"predicate":{"custom_model_data":4073},"model":"requlogia:decorations/boxes/orange_small_present"},{"predicate":{"custom_model_data":4074},"model":"requlogia:decorations/boxes/purple_big_present"},{"predicate":{"custom_model_data":4075},"model":"requlogia:decorations/boxes/purple_small_present"},{"predicate":{"custom_model_data":4076},"model":"requlogia:decorations/boxes/red_big_present"},{"predicate":{"custom_model_data":4077},"model":"requlogia:decorations/boxes/red_small_present"},{"predicate":{"custom_model_data":6000},"model":"requlogia:items/coins/coin1"},{"predicate":{"custom_model_data":6001},"model":"requlogia:items/coins/coin2"},{"predicate":{"custom_model_data":6002},"model":"requlogia:items/coins/coin3"},{"predicate":{"custom_model_data":6003},"model":"requlogia:items/coins/coin4"},{"predicate":{"custom_model_data":6004},"model":"requlogia:items/coins/coin5"},{"predicate":{"custom_model_data":6005},"model":"requlogia:items/coins/coin6"},{"predicate":{"custom_model_data":6006},"model":"requlogia:items/coins/coin7"},{"predicate":{"custom_model_data":6007},"model":"requlogia:items/coins/coin8"},{"predicate":{"custom_model_data":6008},"model":"requlogia:items/coins/coin9"},{"predicate":{"custom_model_data":6009},"model":"requlogia:items/coins/coin10"},{"predicate":{"custom_model_data":6010},"model":"requlogia:items/coins/coin11"},{"predicate":{"custom_model_data":6011},"model":"requlogia:items/coins/coin12"},{"predicate":{"custom_model_data":6012},"model":"requlogia:items/coins/coin13"},{"predicate":{"custom_model_data":6013},"model":"requlogia:items/coins/coin14"},{"predicate":{"custom_model_data":6014},"model":"requlogia:items/coins/coinluck"},{"predicate":{"custom_model_data":6015},"model":"requlogia:items/coins/coin16"},{"predicate":{"custom_model_data":6016},"model":"requlogia:items/coins/coin17"},{"predicate":{"custom_model_data":6017},"model":"requlogia:items/coins/coin18"},{"predicate":{"custom_model_data":6018},"model":"requlogia:items/coins/coin19"},{"predicate":{"custom_model_data":6019},"model":"requlogia:items/coins/coin20"},{"predicate":{"custom_model_data":6020},"model":"requlogia:items/coins/coin21"},{"predicate":{"custom_model_data":6021},"model":"requlogia:items/coins/coin22"},{"predicate":{"custom_model_data":6022},"model":"requlogia:items/coins/coinice"},{"predicate":{"custom_model_data":6023},"model":"requlogia:items/coins/coinflame"},{"predicate":{"custom_model_data":6024},"model":"requlogia:items/coins/coinnightmare"},{"predicate":{"custom_model_data":6025},"model":"requlogia:items/shards/shard1"},{"predicate":{"custom_model_data":6026},"model":"requlogia:items/shards/shard2"},{"predicate":{"custom_model_data":6027},"model":"requlogia:items/shards/shard3"},{"predicate":{"custom_model_data":6028},"model":"requlogia:items/shards/shard4"},{"predicate":{"custom_model_data":6029},"model":"requlogia:items/shards/shard5"},{"predicate":{"custom_model_data":6030},"model":"requlogia:items/shards/shard6"},{"predicate":{"custom_model_data":6031},"model":"requlogia:items/shards/shard7"},{"predicate":{"custom_model_data":6032},"model":"requlogia:items/shards/shard8"},{"predicate":{"custom_model_data":6033},"model":"requlogia:items/shards/shard9"},{"predicate":{"custom_model_data":6034},"model":"requlogia:items/shards/shard10"},{"predicate":{"custom_model_data":6035},"model":"requlogia:items/shards/shard11"},{"predicate":{"custom_model_data":6036},"model":"requlogia:items/shards/shard12"},{"predicate":{"custom_model_data":6037},"model":"requlogia:items/shards/shard13"},{"predicate":{"custom_model_data":6038},"model":"requlogia:items/shards/shard14"},{"predicate":{"custom_model_data":6039},"model":"requlogia:items/shards/shard15"},{"predicate":{"custom_model_data":6040},"model":"requlogia:items/shards/shard16"},{"predicate":{"custom_model_data":6041},"model":"requlogia:items/shards/shard17"},{"predicate":{"custom_model_data":6042},"model":"requlogia:items/shards/shard18"},{"predicate":{"custom_model_data":6043},"model":"requlogia:items/tickets/ticket_vip"},{"predicate":{"custom_model_data":6044},"model":"requlogia:items/tickets/ticket_feed"},{"predicate":{"custom_model_data":6045},"model":"requlogia:items/tickets/ticket_heal"},{"predicate":{"custom_model_data":6046},"model":"requlogia:items/tickets/ticket_boss"},{"predicate":{"custom_model_data":7000},"model":"requlogia:items/totems/totem_attack"},{"predicate":{"custom_model_data":7001},"model":"requlogia:items/totems/totem_protection"},{"predicate":{"custom_model_data":11000},"model":"requlogia:items/crates/crate_daily"},{"predicate":{"custom_model_data":11001},"model":"requlogia:items/crates/crate_vote"},{"predicate":{"custom_model_data":11002},"model":"requlogia:items/crates/crate_skill"},{"predicate":{"custom_model_data":11003},"model":"requlogia:items/crates/crate_iron"},{"predicate":{"custom_model_data":11004},"model":"requlogia:items/crates/crate_diamond"},{"predicate":{"custom_model_data":11005},"model":"requlogia:items/crates/crate_gold"},{"predicate":{"custom_model_data":11006},"model":"requlogia:items/crates/crate_spawner"},{"predicate":{"custom_model_data":11007},"model":"requlogia:items/crates/crate_cosmetic"},{"predicate":{"custom_model_data":11008},"model":"requlogia:items/crates/crate_trade"},{"predicate":{"custom_model_data":12000},"model":"requlogia:items/gui/gui_blank"},{"predicate":{"custom_model_data":13000},"model":"requlogia:items/slot-items/slot_game-menu"},{"predicate":{"custom_model_data":13001},"model":"requlogia:items/slot-items/slot_cosmetics"},{"predicate":{"custom_model_data":13003},"model":"requlogia:items/slot-items/slot_fly-rocket"},{"predicate":{"custom_model_data":13004},"model":"requlogia:items/slot-items/slot_visibility"},{"predicate":{"custom_model_data":13005},"model":"requlogia:items/slot-items/slot_settings"},{"predicate":{"custom_model_data":13006},"model":"item/paper"}]}