{"parent":"minecraft:item/generated","textures":{"layer0":"minecraft:item/tripwire_hook"},"overrides":[{"predicate":{"custom_model_data":6046},"model":"requlogia:items/keys/key_daily"},{"predicate":{"custom_model_data":6047},"model":"requlogia:items/keys/key_vote"},{"predicate":{"custom_model_data":6048},"model":"requlogia:items/keys/key_skill"},{"predicate":{"custom_model_data":6049},"model":"requlogia:items/keys/key_spawner"},{"predicate":{"custom_model_data":6050},"model":"requlogia:items/keys/key_cosmetic"},{"predicate":{"custom_model_data":6051},"model":"requlogia:items/keys/key_trade"},{"predicate":{"custom_model_data":6052},"model":"requlogia:items/keys/key_iron"},{"predicate":{"custom_model_data":6053},"model":"requlogia:items/keys/key_gold"},{"predicate":{"custom_model_data":6054},"model":"requlogia:items/keys/key_diamond"},{"predicate":{"custom_model_data":6055},"model":"item/tripwire_hook"}]}