{"display":{"thirdperson_righthand":{"rotation":[75,45,0],"translation":[-1,2.5,0],"scale":[0.375,0.375,0.375]},"thirdperson_lefthand":{"rotation":[75,45,0],"translation":[1,2.5,0],"scale":[0.375,0.375,0.375]},"firstperson_righthand":{"rotation":[0,45,0],"scale":[0.2,0.2,0.2]},"firstperson_lefthand":{"rotation":[0,45,0],"scale":[0.2,0.2,0.2]},"ground":{"translation":[0,3,0],"scale":[0.2,0.2,0.2]},"gui":{"rotation":[30,225,0],"translation":[1.25,-0.5,0],"scale":[0.5,0.5,0.5]},"head":{"translation":[0,19.5,-4],"scale":[1.65,1.65,1.65]},"fixed":{"rotation":[-90,0,0],"translation":[0,0,-14],"scale":[2,2,2]}},"texture_size":[48,48],"textures":{"0":"decor/cupid_plushie","1":"decor/candelabra_of_lovers"},"elements":[{"from":[4,9,7],"to":[12,17,15],"faces":{"north":{"uv":[0,0,2.66667,2.66667],"texture":"#0"},"east":{"uv":[5.33333,0,2.66667,2.66667],"texture":"#0"},"south":{"uv":[5.33333,0,8,2.66667],"texture":"#0"},"west":{"uv":[2.66667,0,5.33333,2.66667],"texture":"#0"},"up":{"uv":[10.66667,2.66667,8,0],"texture":"#0"},"down":{"uv":[13.33333,0,10.66667,2.66667],"texture":"#0"}}},{"from":[5,15,6],"to":[11,18,9],"faces":{"north":{"uv":[13.33333,0,14.33333,2],"rotation":90,"texture":"#0"},"east":{"uv":[15.33333,0,14.33333,1],"texture":"#0"},"south":{"uv":[13.33333,0,14.33333,2],"rotation":90,"texture":"#0"},"west":{"uv":[14.33333,0,15.33333,1],"texture":"#0"},"up":{"uv":[13.33333,2,14.33333,0],"rotation":90,"texture":"#0"},"down":{"uv":[13.33333,2,14.33333,0],"rotation":90,"texture":"#0"}}},{"from":[4,0,8],"to":[12,9,14],"rotation":{"angle":0,"axis":"y","origin":[0,0,2]},"faces":{"north":{"uv":[0,2.66667,2.66667,5.66667],"texture":"#0"},"east":{"uv":[4.66667,2.66667,2.66667,5.66667],"texture":"#0"},"south":{"uv":[4.66667,2.66667,7.33333,5.66667],"texture":"#0"},"west":{"uv":[2.66667,2.66667,4.66667,5.66667],"texture":"#0"},"up":{"uv":[10,4.66667,7.33333,2.66667],"texture":"#0"},"down":{"uv":[10,2.66667,7.33333,4.66667],"texture":"#0"}}},{"from":[1,1,9],"to":[5,9,13],"rotation":{"angle":-22.5,"axis":"z","origin":[4,7,11]},"faces":{"north":{"uv":[10,2.66667,11.33333,5.33333],"texture":"#0"},"east":{"uv":[10,2.66667,11.33333,5.33333],"texture":"#0"},"south":{"uv":[10,2.66667,11.33333,5.33333],"texture":"#0"},"west":{"uv":[10,2.66667,11.33333,5.33333],"texture":"#0"},"up":{"uv":[12.66667,4,11.33333,2.66667],"texture":"#0"},"down":{"uv":[14,2.66667,12.66667,4],"texture":"#0"}}},{"from":[11,1,9],"to":[15,9,13],"rotation":{"angle":22.5,"axis":"z","origin":[12,7,11]},"faces":{"north":{"uv":[10,2.66667,11.33333,5.33333],"texture":"#0"},"east":{"uv":[10,2.66667,11.33333,5.33333],"texture":"#0"},"south":{"uv":[10,2.66667,11.33333,5.33333],"texture":"#0"},"west":{"uv":[10,2.66667,11.33333,5.33333],"texture":"#0"},"up":{"uv":[12.66667,4,11.33333,2.66667],"texture":"#0"},"down":{"uv":[14,2.66667,12.66667,4],"texture":"#0"}}},{"from":[8.99,-0.01,0.99],"to":[13.01,4.01,9.01],"rotation":{"angle":-22.5,"axis":"y","origin":[12,2,8]},"faces":{"north":{"uv":[12.66667,4,14,5.33333],"texture":"#0"},"east":{"uv":[12.66667,6.66667,11.33333,4],"rotation":90,"texture":"#0"},"south":{"uv":[14,4,15.33333,5.33333],"texture":"#0"},"west":{"uv":[11.33333,4,12.66667,6.66667],"rotation":90,"texture":"#0"},"up":{"uv":[12.66667,6.66667,11.33333,4],"texture":"#0"},"down":{"uv":[11.33333,4,12.66667,6.66667],"texture":"#0"}}},{"from":[2.99,-0.01,0.99],"to":[7.01,4.01,9.01],"rotation":{"angle":22.5,"axis":"y","origin":[4,2,8]},"faces":{"north":{"uv":[12.66667,4,14,5.33333],"texture":"#0"},"east":{"uv":[12.66667,6.66667,11.33333,4],"rotation":90,"texture":"#0"},"south":{"uv":[14,4,15.33333,5.33333],"texture":"#0"},"west":{"uv":[11.33333,4,12.66667,6.66667],"rotation":90,"texture":"#0"},"up":{"uv":[12.66667,6.66667,11.33333,4],"texture":"#0"},"down":{"uv":[11.33333,4,12.66667,6.66667],"texture":"#0"}}},{"from":[4,19,7],"to":[12,19,15],"rotation":{"angle":22.5,"axis":"x","origin":[8,19,15]},"faces":{"north":{"uv":[0,0,2.66667,0],"texture":"#0"},"east":{"uv":[0,0,2.66667,0],"texture":"#0"},"south":{"uv":[0,0,2.66667,0],"texture":"#0"},"west":{"uv":[0,0,2.66667,0],"texture":"#0"},"up":{"uv":[0,5.66667,2.66667,8.33333],"texture":"#0"},"down":{"uv":[0,8.33333,2.66667,5.66667],"texture":"#0"}}},{"from":[-9,0,14.25],"to":[7,10,14.25],"rotation":{"angle":-22.5,"axis":"z","origin":[7,7,14]},"faces":{"north":{"uv":[8,5.66667,2.66667,9],"texture":"#0"},"east":{"uv":[0,0,0,3.33333],"texture":"#0"},"south":{"uv":[2.66667,5.66667,8,9],"texture":"#0"},"west":{"uv":[0,0,0,3.33333],"texture":"#0"},"up":{"uv":[0,0,5.33333,0],"texture":"#0"},"down":{"uv":[0,0,5.33333,0],"texture":"#0"}}},{"from":[9,0,14.25],"to":[25,10,14.25],"rotation":{"angle":22.5,"axis":"z","origin":[9,7,14]},"faces":{"north":{"uv":[2.66667,5.66667,8,9],"texture":"#0"},"east":{"uv":[0,0,0,3.33333],"texture":"#0"},"south":{"uv":[8,5.66667,2.66667,9],"texture":"#0"},"west":{"uv":[0,0,0,3.33333],"texture":"#0"},"up":{"uv":[0,0,5.33333,0],"texture":"#0"},"down":{"uv":[0,0,5.33333,0],"texture":"#0"}}},{"from":[-7,9,3.5],"to":[-5,12,6.5],"rotation":{"angle":45,"axis":"z","origin":[8,27,8]},"faces":{"north":{"uv":[7,6.5,6,5],"texture":"#1"},"east":{"uv":[10,2.5,11.5,4],"texture":"#1"},"south":{"uv":[6,6.5,7,5],"texture":"#1"},"west":{"uv":[3,5,4.5,6.5],"texture":"#1"},"up":{"uv":[8,2.5,9,4],"texture":"#1"},"down":{"uv":[9,4,10,2.5],"texture":"#1"}}},{"from":[-10,9,3.5],"to":[-7,14,6.5],"rotation":{"angle":45,"axis":"z","origin":[8,27,8]},"faces":{"north":{"uv":[8,0,9.5,2.5],"texture":"#1"},"east":{"uv":[9.5,0,11,2.5],"texture":"#1"},"south":{"uv":[9.5,0,8,2.5],"texture":"#1"},"west":{"uv":[11,0,12.5,2.5],"texture":"#1"},"up":{"uv":[11.5,4,10,2.5],"rotation":270,"texture":"#1"},"down":{"uv":[3,6.5,4.5,5],"texture":"#1"}}}]}