{"display":{"thirdperson_righthand":{"rotation":[75,45,0],"translation":[0,1,-2],"scale":[0.25,0.25,0.25]},"thirdperson_lefthand":{"rotation":[75,45,0],"translation":[0,1,-2],"scale":[0.25,0.25,0.25]},"firstperson_righthand":{"rotation":[0,45,0],"scale":[0.2,0.2,0.2]},"firstperson_lefthand":{"rotation":[0,45,0],"scale":[0.2,0.2,0.2]},"ground":{"translation":[0,3,0],"scale":[0.25,0.25,0.25]},"gui":{"rotation":[30,-180,0],"translation":[0,-3,0],"scale":[0.625,0.625,0.625]},"head":{"scale":[1.65,1.65,1.65]},"fixed":{"translation":[0,-8,1.5],"scale":[2,2,2]}},"textures":{"0":"decor/rope","1":"decor/lights_1","2":"decor/lights_2"},"elements":[{"from":[0,0,8],"to":[16,16,8],"faces":{"north":{"uv":[0,0,16,16],"texture":"#0"},"east":{"uv":[0,0,0,16],"texture":"#0"},"south":{"uv":[16,0,0,16],"texture":"#0"},"west":{"uv":[0,0,0,16],"texture":"#0"},"up":{"uv":[0,0,16,0],"texture":"#0"},"down":{"uv":[0,0,16,0],"texture":"#0"}}},{"from":[16,16.25,5.25],"to":[13.5,17.5,7.75],"rotation":{"angle":-45,"axis":"z","origin":[16,14,8]},"faces":{"north":{"uv":[13,0,14,2],"rotation":90,"texture":"#1"},"east":{"uv":[11,6,10,8],"rotation":270,"texture":"#1"},"south":{"uv":[9,6,10,8],"rotation":270,"texture":"#1"},"west":{"uv":[14,4,13,2],"rotation":270,"texture":"#1"},"up":{"uv":[11,0,13,2],"rotation":270,"texture":"#1"},"down":{"uv":[11,2,13,4],"rotation":270,"texture":"#1"}}},{"from":[12.75,14.25,5.5],"to":[15.75,16.25,7.5],"rotation":{"angle":-45,"axis":"z","origin":[16,14,8]},"faces":{"north":{"uv":[0,0,2,3],"rotation":90,"texture":"#1"},"east":{"uv":[2,6,0,8],"rotation":270,"texture":"#1"},"south":{"uv":[0,3,2,6],"rotation":270,"texture":"#1"},"west":{"uv":[6,6,4,4],"rotation":270,"texture":"#1"},"up":{"uv":[2,0,4,3],"rotation":270,"texture":"#1"},"down":{"uv":[2,3,4,6],"rotation":270,"texture":"#1"}}},{"from":[13.75,16.25,5.5],"to":[15.75,17.25,7.5],"rotation":{"angle":-45,"axis":"z","origin":[16,14,8]},"faces":{"north":{"uv":[6,0,7,2],"rotation":90,"texture":"#1"},"east":{"uv":[4,6,3,8],"rotation":270,"texture":"#1"},"south":{"uv":[2,6,3,8],"rotation":270,"texture":"#1"},"west":{"uv":[7,4,6,2],"rotation":270,"texture":"#1"},"up":{"uv":[4,0,6,2],"rotation":270,"texture":"#1"},"down":{"uv":[4,2,6,4],"rotation":270,"texture":"#1"}}},{"from":[16,14,5.25],"to":[12.5,16.5,7.75],"rotation":{"angle":-45,"axis":"z","origin":[16,14,8]},"faces":{"north":{"uv":[7,0,9,3],"rotation":90,"texture":"#1"},"east":{"uv":[9,6,7,8],"rotation":270,"texture":"#1"},"south":{"uv":[7,3,9,6],"rotation":270,"texture":"#1"},"west":{"uv":[13,6,11,4],"rotation":270,"texture":"#1"},"up":{"uv":[9,0,11,3],"rotation":270,"texture":"#1"},"down":{"uv":[9,3,11,6],"rotation":270,"texture":"#1"}}},{"from":[0,14,5.25],"to":[-3.5,16.5,7.75],"rotation":{"angle":-45,"axis":"z","origin":[0,14,8]},"faces":{"north":{"uv":[7,0,9,3],"rotation":90,"texture":"#1"},"east":{"uv":[9,6,7,8],"rotation":270,"texture":"#1"},"south":{"uv":[7,3,9,6],"rotation":270,"texture":"#1"},"west":{"uv":[13,6,11,4],"rotation":270,"texture":"#1"},"up":{"uv":[9,0,11,3],"rotation":270,"texture":"#1"},"down":{"uv":[9,3,11,6],"rotation":270,"texture":"#1"}}},{"from":[0,16.25,5.25],"to":[-2.5,17.5,7.75],"rotation":{"angle":-45,"axis":"z","origin":[0,14,8]},"faces":{"north":{"uv":[13,0,14,2],"rotation":90,"texture":"#1"},"east":{"uv":[11,6,10,8],"rotation":270,"texture":"#1"},"south":{"uv":[9,6,10,8],"rotation":270,"texture":"#1"},"west":{"uv":[14,4,13,2],"rotation":270,"texture":"#1"},"up":{"uv":[11,0,13,2],"rotation":270,"texture":"#1"},"down":{"uv":[11,2,13,4],"rotation":270,"texture":"#1"}}},{"from":[-3.25,14.25,5.5],"to":[-0.25,16.25,7.5],"rotation":{"angle":-45,"axis":"z","origin":[0,14,8]},"faces":{"north":{"uv":[0,0,2,3],"rotation":90,"texture":"#1"},"east":{"uv":[2,6,0,8],"rotation":270,"texture":"#1"},"south":{"uv":[0,3,2,6],"rotation":270,"texture":"#1"},"west":{"uv":[6,6,4,4],"rotation":270,"texture":"#1"},"up":{"uv":[2,0,4,3],"rotation":270,"texture":"#1"},"down":{"uv":[2,3,4,6],"rotation":270,"texture":"#1"}}},{"from":[-2.25,16.25,5.5],"to":[-0.25,17.25,7.5],"rotation":{"angle":-45,"axis":"z","origin":[0,14,8]},"faces":{"north":{"uv":[6,0,7,2],"rotation":90,"texture":"#1"},"east":{"uv":[4,6,3,8],"rotation":270,"texture":"#1"},"south":{"uv":[2,6,3,8],"rotation":270,"texture":"#1"},"west":{"uv":[7,4,6,2],"rotation":270,"texture":"#1"},"up":{"uv":[4,0,6,2],"rotation":270,"texture":"#1"},"down":{"uv":[4,2,6,4],"rotation":270,"texture":"#1"}}},{"from":[5.75,11.25,5.5],"to":[7.75,12.25,7.5],"rotation":{"angle":-45,"axis":"z","origin":[8,9,8]},"faces":{"north":{"uv":[6,0,7,2],"rotation":90,"texture":"#2"},"east":{"uv":[4,6,3,8],"rotation":270,"texture":"#2"},"south":{"uv":[2,6,3,8],"rotation":270,"texture":"#2"},"west":{"uv":[7,4,6,2],"rotation":270,"texture":"#2"},"up":{"uv":[4,0,6,2],"rotation":270,"texture":"#2"},"down":{"uv":[4,2,6,4],"rotation":270,"texture":"#2"}}},{"from":[8,9,5.25],"to":[4.5,11.5,7.75],"rotation":{"angle":-45,"axis":"z","origin":[8,9,8]},"faces":{"north":{"uv":[7,0,9,3],"rotation":90,"texture":"#2"},"east":{"uv":[9,6,7,8],"rotation":270,"texture":"#2"},"south":{"uv":[7,3,9,6],"rotation":270,"texture":"#2"},"west":{"uv":[13,6,11,4],"rotation":270,"texture":"#2"},"up":{"uv":[9,0,11,3],"rotation":270,"texture":"#2"},"down":{"uv":[9,3,11,6],"rotation":270,"texture":"#2"}}},{"from":[8,11.25,5.25],"to":[5.5,12.5,7.75],"rotation":{"angle":-45,"axis":"z","origin":[8,9,8]},"faces":{"north":{"uv":[13,0,14,2],"rotation":90,"texture":"#2"},"east":{"uv":[11,6,10,8],"rotation":270,"texture":"#2"},"south":{"uv":[9,6,10,8],"rotation":270,"texture":"#2"},"west":{"uv":[14,4,13,2],"rotation":270,"texture":"#2"},"up":{"uv":[11,0,13,2],"rotation":270,"texture":"#2"},"down":{"uv":[11,2,13,4],"rotation":270,"texture":"#2"}}},{"from":[4.75,9.25,5.5],"to":[7.75,11.25,7.5],"rotation":{"angle":-45,"axis":"z","origin":[8,9,8]},"faces":{"north":{"uv":[0,0,2,3],"rotation":90,"texture":"#2"},"east":{"uv":[2,6,0,8],"rotation":270,"texture":"#2"},"south":{"uv":[0,3,2,6],"rotation":270,"texture":"#2"},"west":{"uv":[6,6,4,4],"rotation":270,"texture":"#2"},"up":{"uv":[2,0,4,3],"rotation":270,"texture":"#2"},"down":{"uv":[2,3,4,6],"rotation":270,"texture":"#2"}}}]}