{"display":{"thirdperson_righthand":{"rotation":[75,45,0],"translation":[0,2,0],"scale":[0.1,0.1,0.1]},"thirdperson_lefthand":{"rotation":[75,45,0],"translation":[0,2,0],"scale":[0.1,0.1,0.1]},"firstperson_righthand":{"rotation":[0,45,0],"scale":[0.1,0.1,0.1]},"firstperson_lefthand":{"rotation":[0,45,0],"scale":[0.1,0.1,0.1]},"ground":{"translation":[0,3,0],"scale":[0.1,0.1,0.1]},"gui":{"rotation":[30,225,0],"translation":[0,-0.5,0],"scale":[0.25,0.25,0.25]},"head":{"scale":[1.65,1.65,1.65]},"fixed":{"rotation":[-90,0,0],"translation":[0,0,-35],"scale":[2,2,2]}},"texture_size":[64,64],"textures":{"0":"decor/arch_of_love","1":"decor/arch_of_love_flowers"},"elements":[{"from":[-9,-10.5,0],"to":[-7,31.5,2],"faces":{"north":{"uv":[6.5,0,6,10.5],"texture":"#0"},"east":{"uv":[6,0,6.5,10.5],"texture":"#0"},"south":{"uv":[6.5,0,6,10.5],"texture":"#0"},"west":{"uv":[6,0,6.5,10.5],"texture":"#0"},"up":{"uv":[6.5,0,7,0.5],"texture":"#0"},"down":{"uv":[6.5,0,7,0.5],"texture":"#0"}}},{"from":[23,-10.5,0],"to":[25,31.5,2],"faces":{"north":{"uv":[6.5,0,6,10.5],"texture":"#0"},"east":{"uv":[6,0,6.5,10.5],"texture":"#0"},"south":{"uv":[6.5,0,6,10.5],"texture":"#0"},"west":{"uv":[6,0,6.5,10.5],"texture":"#0"},"up":{"uv":[6.5,0,7,0.5],"texture":"#0"},"down":{"uv":[6.5,0,7,0.5],"texture":"#0"}}},{"from":[-7,19.5,15],"to":[23,29.5,15],"faces":{"north":{"uv":[3,0.5,5.5,8],"rotation":90,"texture":"#0"},"east":{"uv":[0,0,0,2.5],"texture":"#0"},"south":{"uv":[3,8,5.5,0.5],"rotation":90,"texture":"#0"},"west":{"uv":[0,0,0,2.5],"texture":"#0"},"up":{"uv":[5.5,0,0,0],"texture":"#0"},"down":{"uv":[5.5,0,0,0],"texture":"#0"}}},{"from":[-7,19.5,1],"to":[23,29.5,1],"faces":{"north":{"uv":[6.5,0.5,9,8],"rotation":90,"texture":"#0"},"east":{"uv":[0,0,0,2.5],"texture":"#0"},"south":{"uv":[6.5,8,9,0.5],"rotation":90,"texture":"#0"},"west":{"uv":[0,0,0,2.5],"texture":"#0"},"up":{"uv":[5.5,0,0,0],"texture":"#0"},"down":{"uv":[5.5,0,0,0],"texture":"#0"}}},{"from":[-7,29.5,0],"to":[23,31.5,2],"faces":{"north":{"uv":[7,0,14.5,0.5],"texture":"#0"},"east":{"uv":[6,0,6.5,0.5],"texture":"#0"},"south":{"uv":[7,0,14.5,0.5],"texture":"#0"},"west":{"uv":[6,0,6.5,0.5],"texture":"#0"},"up":{"uv":[7,0,14.5,0.5],"texture":"#0"},"down":{"uv":[7,0,14.5,0.5],"texture":"#0"}}},{"from":[-7,29.5,14],"to":[23,31.5,16],"faces":{"north":{"uv":[7,0,14.5,0.5],"texture":"#0"},"east":{"uv":[6,0,6.5,0.5],"texture":"#0"},"south":{"uv":[7,0,14.5,0.5],"texture":"#0"},"west":{"uv":[6,0,6.5,0.5],"texture":"#0"},"up":{"uv":[7,0,14.5,0.5],"texture":"#0"},"down":{"uv":[7,0,14.5,0.5],"texture":"#0"}}},{"from":[-9,-10.5,14],"to":[-7,31.5,16],"faces":{"north":{"uv":[6.5,0,6,10.5],"texture":"#0"},"east":{"uv":[6,0,6.5,10.5],"texture":"#0"},"south":{"uv":[6.5,0,6,10.5],"texture":"#0"},"west":{"uv":[6,0,6.5,10.5],"texture":"#0"},"up":{"uv":[6.5,0,7,0.5],"texture":"#0"},"down":{"uv":[6.5,0,7,0.5],"texture":"#0"}}},{"from":[-9,29.5,2],"to":[-7,31.5,14],"faces":{"north":{"uv":[6.5,0,7,0.5],"texture":"#0"},"east":{"uv":[3,0,6,0.5],"texture":"#0"},"south":{"uv":[6.5,0,7,0.5],"texture":"#0"},"west":{"uv":[3,0,6,0.5],"texture":"#0"},"up":{"uv":[3,0,6,0.5],"rotation":90,"texture":"#0"},"down":{"uv":[3,0,6,0.5],"rotation":90,"texture":"#0"}}},{"from":[23,29.5,2],"to":[25,31.5,14],"faces":{"north":{"uv":[6.5,0,7,0.5],"texture":"#0"},"east":{"uv":[3,0,6,0.5],"texture":"#0"},"south":{"uv":[6.5,0,7,0.5],"texture":"#0"},"west":{"uv":[3,0,6,0.5],"texture":"#0"},"up":{"uv":[3,0,6,0.5],"rotation":90,"texture":"#0"},"down":{"uv":[3,0,6,0.5],"rotation":90,"texture":"#0"}}},{"from":[23,-10.5,14],"to":[25,31.5,16],"faces":{"north":{"uv":[6.5,0,6,10.5],"texture":"#0"},"east":{"uv":[6,0,6.5,10.5],"texture":"#0"},"south":{"uv":[6.5,0,6,10.5],"texture":"#0"},"west":{"uv":[6,0,6.5,10.5],"texture":"#0"},"up":{"uv":[7,0.5,6.5,0],"texture":"#0"},"down":{"uv":[7,0,6.5,0.5],"texture":"#0"}}},{"from":[-8,-3.5,2],"to":[-8,29.5,14],"faces":{"north":{"uv":[0,0,0,4.125],"texture":"#0"},"east":{"uv":[3,0,0,8.25],"texture":"#0"},"south":{"uv":[0,0,0,4.125],"texture":"#0"},"west":{"uv":[0,0,3,8.25],"texture":"#0"},"up":{"uv":[0,1.5,0,0],"texture":"#0"},"down":{"uv":[0,0,0,1.5],"texture":"#0"}}},{"from":[-3,30.5,2],"to":[19,30.5,14],"faces":{"north":{"uv":[0,0,0,4.125],"rotation":270,"texture":"#0"},"east":{"uv":[0,1.5,0,0],"rotation":90,"texture":"#0"},"south":{"uv":[0,0,0,4.125],"rotation":90,"texture":"#0"},"west":{"uv":[0,0,0,1.5],"rotation":90,"texture":"#0"},"up":{"uv":[0,2,3,7.5],"rotation":90,"texture":"#0"},"down":{"uv":[3,2,0,7.5],"rotation":90,"texture":"#0"}}},{"from":[24,-3.5,2],"to":[24,29.5,14],"faces":{"north":{"uv":[0,0,0,8.25],"texture":"#0"},"east":{"uv":[0,0,3,8.25],"texture":"#0"},"south":{"uv":[0,0,0,8.25],"texture":"#0"},"west":{"uv":[3,0,0,8.25],"texture":"#0"},"up":{"uv":[0,3,0,0],"texture":"#0"},"down":{"uv":[0,0,0,3],"texture":"#0"}}},{"from":[12.5,-5,-0.5],"to":[25.5,32,16.5],"faces":{"north":{"uv":[0,0,3.25,9.25],"texture":"#1"},"east":{"uv":[6.75,9.25,16,13.5],"rotation":90,"texture":"#1"},"south":{"uv":[10,0,6.75,9.25],"texture":"#1"},"west":{"uv":[0,14.75,1.25,16],"rotation":90,"texture":"#1"},"up":{"uv":[3.5,9.25,6.75,13.5],"texture":"#1"},"down":{"uv":[0,14.75,1.25,16],"texture":"#1"}}},{"from":[12.5,32,-0.5],"to":[25.5,-5,16.5],"faces":{"north":{"uv":[0,9.25,3.25,0],"texture":"#1"},"east":{"uv":[16,9.25,6.75,13.5],"rotation":90,"texture":"#1"},"south":{"uv":[10,9.25,6.75,0],"texture":"#1"},"west":{"uv":[1.25,14.75,0,16],"rotation":90,"texture":"#1"},"up":{"uv":[0,14.75,1.25,16],"texture":"#1"},"down":{"uv":[3.5,13.5,6.75,9.25],"texture":"#1"}}},{"from":[-9.5,-5,-0.5],"to":[3.5,32,16.5],"faces":{"north":{"uv":[3.25,0,0,9.25],"texture":"#1"},"east":{"uv":[0,14.75,1.25,16],"rotation":90,"texture":"#1"},"south":{"uv":[6.75,0,10,9.25],"texture":"#1"},"west":{"uv":[6.75,9.25,16,13.5],"rotation":90,"texture":"#1"},"up":{"uv":[0,9.25,3.25,13.5],"texture":"#1"},"down":{"uv":[0,14.75,1.25,16],"texture":"#1"}}},{"from":[-9.5,32,-0.5],"to":[3.5,-5,16.5],"faces":{"north":{"uv":[3.25,9.25,0,0],"texture":"#1"},"east":{"uv":[1.25,14.75,0,16],"rotation":90,"texture":"#1"},"south":{"uv":[6.75,9.25,10,0],"texture":"#1"},"west":{"uv":[16,9.25,6.75,13.5],"rotation":90,"texture":"#1"},"up":{"uv":[0,14.75,1.25,16],"texture":"#1"},"down":{"uv":[0,13.5,3.25,9.25],"texture":"#1"}}},{"from":[3.5,32,-0.5],"to":[12.5,32,16.5],"faces":{"north":{"uv":[0,0,2.25,0],"texture":"#1"},"east":{"uv":[0,0,4.25,0],"texture":"#1"},"south":{"uv":[0,0,2.25,0],"texture":"#1"},"west":{"uv":[0,0,4.25,0],"texture":"#1"},"up":{"uv":[7.5,9.25,9.75,13.5],"texture":"#1"},"down":{"uv":[7.5,13.5,9.75,9.25],"texture":"#1"}}}]}