{"display":{"thirdperson_righthand":{"rotation":[75,45,0],"translation":[0,1,0],"scale":[0.15,0.15,0.15]},"thirdperson_lefthand":{"rotation":[75,45,0],"translation":[0,1,0],"scale":[0.15,0.15,0.15]},"firstperson_righthand":{"rotation":[0,45,0],"translation":[0,2,0],"scale":[0.2,0.2,0.2]},"firstperson_lefthand":{"rotation":[0,45,0],"translation":[0,2,0],"scale":[0.2,0.2,0.2]},"ground":{"translation":[0,3.2,0],"scale":[0.15,0.15,0.15]},"gui":{"rotation":[30,135,0],"translation":[0,3,0],"scale":[0.45,0.45,0.45]},"head":{"scale":[2,2,2]},"fixed":{"rotation":[-90,0,0],"translation":[0,0,-30],"scale":[2,2,2]}},"texture_size":[256,256],"textures":{"0":"statue/wooden_statue"},"elements":[{"from":[-2,-8,-2],"to":[18,0,18],"faces":{"north":{"uv":[0,1.25,1.25,1.75],"texture":"#0"},"east":{"uv":[0,1.25,1.25,1.75],"texture":"#0"},"south":{"uv":[0,1.25,1.25,1.75],"texture":"#0"},"west":{"uv":[0,1.25,1.25,1.75],"texture":"#0"},"up":{"uv":[1.25,0,2.5,1.25],"texture":"#0"},"down":{"uv":[0,0,1.25,1.25],"texture":"#0"}}},{"from":[-2.25,-2,-2.25],"to":[18.25,-1,18.25],"faces":{"north":{"uv":[0,1.3125,1.25,1.375],"texture":"#0"},"east":{"uv":[0,1.3125,1.25,1.375],"texture":"#0"},"south":{"uv":[0,1.3125,1.25,1.375],"texture":"#0"},"west":{"uv":[0,1.3125,1.25,1.375],"texture":"#0"},"up":{"uv":[1.25,1.25,1.5625,1.5625],"texture":"#0"},"down":{"uv":[1.25,1.25,1.5625,1.5625],"texture":"#0"}}},{"from":[-2.25,-6,-2.25],"to":[18.25,-5,18.25],"faces":{"north":{"uv":[0,1.5625,1.25,1.625],"texture":"#0"},"east":{"uv":[0,1.5625,1.25,1.625],"texture":"#0"},"south":{"uv":[0,1.5625,1.25,1.625],"texture":"#0"},"west":{"uv":[0,1.5625,1.25,1.625],"texture":"#0"},"up":{"uv":[1.25,1.25,1.5625,1.5625],"texture":"#0"},"down":{"uv":[1.25,1.25,1.5625,1.5625],"texture":"#0"}}},{"from":[2.5,0,8],"to":[6.5,2,11],"rotation":{"angle":45,"axis":"y","origin":[0.5,0,1]},"faces":{"north":{"uv":[3.25,4.5,3.5,4.625],"texture":"#0"},"east":{"uv":[3.25,4.625,3.4375,4.75],"texture":"#0"},"south":{"uv":[3.25,4.5,3.5,4.625],"texture":"#0"},"west":{"uv":[3.4375,4.625,3.25,4.75],"texture":"#0"},"up":{"uv":[3.75,4.6875,3.5,4.5],"texture":"#0"},"down":{"uv":[3.75,4.5,3.5,4.6875],"texture":"#0"}}},{"from":[6.5,6,12],"to":[8.5,8,13],"rotation":{"angle":45,"axis":"y","origin":[0.5,0,1]},"faces":{"north":{"uv":[3.5625,4.125,3.6875,4.25],"texture":"#0"},"east":{"uv":[3.5,4.125,3.5625,4.25],"texture":"#0"},"south":{"uv":[3.75,4.125,3.875,4.25],"texture":"#0"},"west":{"uv":[3.6875,4.125,3.75,4.25],"texture":"#0"},"up":{"uv":[3.6875,4.125,3.5625,4.0625],"texture":"#0"},"down":{"uv":[3.8125,4.0625,3.6875,4.125],"texture":"#0"}}},{"from":[0.5,6,12],"to":[2.5,8,13],"rotation":{"angle":45,"axis":"y","origin":[0.5,0,1]},"faces":{"north":{"uv":[3.6875,4.125,3.5625,4.25],"texture":"#0"},"east":{"uv":[3.5,4.125,3.5625,4.25],"texture":"#0"},"south":{"uv":[3.75,4.125,3.875,4.25],"texture":"#0"},"west":{"uv":[3.6875,4.125,3.75,4.25],"texture":"#0"},"up":{"uv":[3.6875,4.125,3.5625,4.0625],"texture":"#0"},"down":{"uv":[3.8125,4.0625,3.6875,4.125],"texture":"#0"}}},{"from":[0.5,0,11],"to":[8.5,6,17],"rotation":{"angle":45,"axis":"y","origin":[0.5,0,1]},"faces":{"north":{"uv":[3,3.6875,3.5,4.0625],"texture":"#0"},"east":{"uv":[3.875,3.6875,3.5,4.0625],"texture":"#0"},"south":{"uv":[3.875,3.6875,4.375,4.0625],"texture":"#0"},"west":{"uv":[3.5,3.6875,3.875,4.0625],"texture":"#0"},"up":{"uv":[3.5,4.4375,3,4.0625],"texture":"#0"},"down":{"uv":[3.5,4.0625,3,4.4375],"texture":"#0"}}},{"from":[2.5,-1,8.5],"to":[13.5,5,14.5],"rotation":{"angle":0,"axis":"y","origin":[0.5,0,1]},"faces":{"north":{"uv":[5.125,3.6875,5.5,4.375],"rotation":270,"texture":"#0"},"east":{"uv":[2.875,4.875,2.5,4.5],"rotation":90,"texture":"#0"},"south":{"uv":[4.75,3.6875,5.125,4.375],"rotation":90,"texture":"#0"},"west":{"uv":[3.25,4.5,2.875,4.875],"rotation":90,"texture":"#0"},"up":{"uv":[4.375,3.6875,4.75,4.375],"rotation":90,"texture":"#0"},"down":{"uv":[4.375,3.6875,4.75,4.375],"rotation":90,"texture":"#0"}}},{"from":[4.5,0,-1],"to":[9.5,4,8],"rotation":{"angle":-45,"axis":"y","origin":[0.5,0,1]},"faces":{"north":{"uv":[5.125,4.875,4.875,4.5625],"rotation":270,"texture":"#0"},"east":{"uv":[3.75,4.625,4.3125,4.875],"texture":"#0"},"south":{"uv":[5.375,4.5625,5.125,4.875],"rotation":270,"texture":"#0"},"west":{"uv":[4.3125,4.625,4.875,4.875],"texture":"#0"},"up":{"uv":[4.0625,4.0625,4.375,4.625],"texture":"#0"},"down":{"uv":[4.0625,4.0625,4.375,4.625],"rotation":180,"texture":"#0"}}},{"from":[-8,4,15.5],"to":[0,12,15.5],"rotation":{"angle":45,"axis":"y","origin":[0,0,12]},"faces":{"north":{"uv":[7.75,0.5,8.25,1],"texture":"#0"},"east":{"uv":[0,0,0,0.5],"texture":"#0"},"south":{"uv":[8.25,0.5,7.75,1],"texture":"#0"},"west":{"uv":[0,0,0,0.5],"texture":"#0"},"up":{"uv":[0,0,0.5,0],"texture":"#0"},"down":{"uv":[0,0,0.5,0],"texture":"#0"}}}]}