{"display":{"thirdperson_righthand":{"rotation":[75,45,0],"translation":[0,1,0],"scale":[0.2,0.2,0.2]},"thirdperson_lefthand":{"rotation":[75,45,0],"translation":[0,1,0],"scale":[0.2,0.2,0.2]},"firstperson_righthand":{"rotation":[0,45,0],"translation":[0,-1,0],"scale":[0.2,0.2,0.2]},"firstperson_lefthand":{"rotation":[0,45,0],"translation":[0,-1,0],"scale":[0.2,0.2,0.2]},"ground":{"translation":[0,3.2,0],"scale":[0.15,0.15,0.15]},"gui":{"rotation":[30,225,0],"translation":[0,-3.25,0],"scale":[0.45,0.45,0.45]},"head":{"scale":[4,4,4]},"fixed":{"rotation":[-90,0,0],"translation":[0,0,-30],"scale":[4,4,4]}},"texture_size":[256,256],"textures":{"0":"statue/statue"},"elements":[{"from":[4,0,4],"to":[12,32,12],"faces":{"north":{"uv":[15,12,16,16],"texture":"#0"},"east":{"uv":[15,12,16,16],"texture":"#0"},"south":{"uv":[15,12,16,16],"texture":"#0"},"west":{"uv":[15,12,16,16],"texture":"#0"},"up":{"uv":[14,15,15,16],"texture":"#0"},"down":{"uv":[0,13.25,1,14.25],"texture":"#0"}}}]}