{"display":{"thirdperson_righthand":{"rotation":[75,45,0],"translation":[0,1,0],"scale":[0.15,0.15,0.15]},"thirdperson_lefthand":{"rotation":[75,45,0],"translation":[0,1,0],"scale":[0.15,0.15,0.15]},"firstperson_righthand":{"rotation":[0,45,0],"scale":[0.2,0.2,0.2]},"firstperson_lefthand":{"rotation":[0,45,0],"scale":[0.2,0.2,0.2]},"ground":{"translation":[0,3.2,0],"scale":[0.15,0.15,0.15]},"gui":{"rotation":[30,225,0],"scale":[0.3,0.3,0.3]},"head":{"scale":[2,2,2]},"fixed":{"rotation":[-90,0,0],"translation":[0,0,-30],"scale":[2,2,2]}},"texture_size":[256,256],"textures":{"0":"statue/wooden_statue"},"elements":[{"from":[-2,-8,-2],"to":[18,0,18],"faces":{"north":{"uv":[0,1.25,1.25,1.75],"texture":"#0"},"east":{"uv":[0,1.25,1.25,1.75],"texture":"#0"},"south":{"uv":[0,1.25,1.25,1.75],"texture":"#0"},"west":{"uv":[0,1.25,1.25,1.75],"texture":"#0"},"up":{"uv":[1.25,0,2.5,1.25],"texture":"#0"},"down":{"uv":[0,0,1.25,1.25],"texture":"#0"}}},{"from":[-2.25,-2,-2.25],"to":[18.25,-1,18.25],"faces":{"north":{"uv":[0,1.3125,1.25,1.375],"texture":"#0"},"east":{"uv":[0,1.3125,1.25,1.375],"texture":"#0"},"south":{"uv":[0,1.3125,1.25,1.375],"texture":"#0"},"west":{"uv":[0,1.3125,1.25,1.375],"texture":"#0"},"up":{"uv":[1.25,1.25,1.5625,1.5625],"texture":"#0"},"down":{"uv":[1.25,1.25,1.5625,1.5625],"texture":"#0"}}},{"from":[-2.25,-6,-2.25],"to":[18.25,-5,18.25],"faces":{"north":{"uv":[0,1.5625,1.25,1.625],"texture":"#0"},"east":{"uv":[0,1.5625,1.25,1.625],"texture":"#0"},"south":{"uv":[0,1.5625,1.25,1.625],"texture":"#0"},"west":{"uv":[0,1.5625,1.25,1.625],"texture":"#0"},"up":{"uv":[1.25,1.25,1.5625,1.5625],"texture":"#0"},"down":{"uv":[1.25,1.25,1.5625,1.5625],"texture":"#0"}}},{"from":[-4.75,12.5,1.75],"to":[0.25,17.5,6.75],"rotation":{"angle":-45,"axis":"y","origin":[-2.25,13,4.25]},"faces":{"north":{"uv":[0.3125,2.0625,0.625,2.375],"texture":"#0"},"east":{"uv":[0,2.0625,0.3125,2.375],"texture":"#0"},"south":{"uv":[0.9375,2.0625,1.25,2.375],"texture":"#0"},"west":{"uv":[0.625,2.0625,0.9375,2.375],"texture":"#0"},"up":{"uv":[0.625,2.0625,0.3125,1.75],"texture":"#0"},"down":{"uv":[0.9375,1.75,0.625,2.0625],"texture":"#0"}}},{"from":[-1.3,8.2,3.45],"to":[1.3,12.8,5.05],"rotation":{"angle":22.5,"axis":"z","origin":[0,7,4.25]},"faces":{"north":{"uv":[2.625,1.6875,2.8125,2],"texture":"#0"},"east":{"uv":[2.5,1.6875,2.625,2],"texture":"#0"},"south":{"uv":[2.9375,1.6875,3.125,2],"texture":"#0"},"west":{"uv":[2.8125,1.6875,2.9375,2],"texture":"#0"},"up":{"uv":[2.8125,1.6875,2.625,1.5625],"texture":"#0"},"down":{"uv":[3,1.5625,2.8125,1.6875],"texture":"#0"}}},{"from":[-1.5,9,3.25],"to":[1.5,13,5.25],"rotation":{"angle":22.5,"axis":"z","origin":[0,7,4.25]},"faces":{"north":{"uv":[2.625,2.125,2.8125,2.375],"texture":"#0"},"east":{"uv":[2.5,2.125,2.625,2.375],"texture":"#0"},"south":{"uv":[2.9375,2.125,3.125,2.375],"texture":"#0"},"west":{"uv":[2.8125,2.125,2.9375,2.375],"texture":"#0"},"up":{"uv":[2.8125,2.125,2.625,2],"texture":"#0"},"down":{"uv":[3,2,2.8125,2.125],"texture":"#0"}}},{"from":[-0.25,11.5,3.25],"to":[3.75,12.5,5.25],"rotation":{"angle":22.5,"axis":"z","origin":[0,12,4.25]},"faces":{"north":{"uv":[7.1875,1.25,7.25,1.5],"rotation":90,"texture":"#0"},"east":{"uv":[7.3125,1.125,7.25,1.25],"rotation":270,"texture":"#0"},"south":{"uv":[7.375,1.25,7.4375,1.5],"rotation":270,"texture":"#0"},"west":{"uv":[7.25,1.25,7.1875,1.125],"rotation":270,"texture":"#0"},"up":{"uv":[7.0625,1.25,7.1875,1.5],"rotation":270,"texture":"#0"},"down":{"uv":[7.25,1.25,7.375,1.5],"rotation":270,"texture":"#0"}}},{"from":[-4.51,7.99,3.24],"to":[-3.49,12.01,5.26],"rotation":{"angle":0,"axis":"z","origin":[0,7,4.25]},"faces":{"north":{"uv":[7.1875,1.25,7.25,1.5],"texture":"#0"},"east":{"uv":[7.0625,1.25,7.1875,1.5],"texture":"#0"},"south":{"uv":[7.375,1.25,7.4375,1.5],"texture":"#0"},"west":{"uv":[7.25,1.25,7.375,1.5],"texture":"#0"},"up":{"uv":[7.25,1.25,7.1875,1.125],"texture":"#0"},"down":{"uv":[7.3125,1.125,7.25,1.25],"texture":"#0"}}},{"from":[-10.5,7.25,5.3],"to":[-2.5,12.25,5.3],"rotation":{"angle":22.5,"axis":"y","origin":[-2.5,11,5.25]},"faces":{"north":{"uv":[9.3125,0,8.8125,0.3125],"texture":"#0"},"east":{"uv":[0.5,0,0.5,0.3125],"texture":"#0"},"south":{"uv":[8.8125,0,9.3125,0.3125],"texture":"#0"},"west":{"uv":[1,0,1,0.3125],"texture":"#0"},"up":{"uv":[0.5,0,0.5,-0.5],"rotation":90,"texture":"#0"},"down":{"uv":[0.5,-0.5,0.5,0],"rotation":270,"texture":"#0"}}},{"from":[-1.5,7.25,5.3],"to":[6.5,12.25,5.3],"rotation":{"angle":-22.5,"axis":"y","origin":[-1.5,11,5.25]},"faces":{"north":{"uv":[8.8125,0,9.3125,0.3125],"texture":"#0"},"east":{"uv":[1,0,1,0.3125],"texture":"#0"},"south":{"uv":[9.3125,0,8.8125,0.3125],"texture":"#0"},"west":{"uv":[0.5,0,0.5,0.3125],"texture":"#0"},"up":{"uv":[0.5,0,0.5,-0.5],"rotation":270,"texture":"#0"},"down":{"uv":[0.5,-0.5,0.5,0],"rotation":90,"texture":"#0"}}},{"from":[15.75,12.5,1.25],"to":[20.75,17.5,6.25],"rotation":{"angle":45,"axis":"y","origin":[18.25,13,3.75]},"faces":{"north":{"uv":[1.5625,2.0625,1.875,2.375],"texture":"#0"},"east":{"uv":[1.25,2.0625,1.5625,2.375],"texture":"#0"},"south":{"uv":[2.1875,2.0625,2.5,2.375],"texture":"#0"},"west":{"uv":[1.875,2.0625,2.1875,2.375],"texture":"#0"},"up":{"uv":[1.875,2.0625,1.5625,1.75],"texture":"#0"},"down":{"uv":[2.1875,1.75,1.875,2.0625],"texture":"#0"}}},{"from":[14.7,7.2,2.95],"to":[17.3,11.8,4.55],"rotation":{"angle":-22.5,"axis":"z","origin":[16,7,3.75]},"faces":{"north":{"uv":[2.625,1.6875,2.8125,2],"texture":"#0"},"east":{"uv":[2.5,1.6875,2.625,2],"texture":"#0"},"south":{"uv":[2.9375,1.6875,3.125,2],"texture":"#0"},"west":{"uv":[2.8125,1.6875,2.9375,2],"texture":"#0"},"up":{"uv":[2.8125,1.6875,2.625,1.5625],"texture":"#0"},"down":{"uv":[3,1.5625,2.8125,1.6875],"texture":"#0"}}},{"from":[12,10.5,2.75],"to":[16,12.5,4.75],"rotation":{"angle":-22.5,"axis":"z","origin":[16,11.5,3.75]},"faces":{"north":{"uv":[6.6875,1.25,6.8125,1.5],"rotation":270,"texture":"#0"},"east":{"uv":[6.8125,1.25,6.6875,1.125],"rotation":90,"texture":"#0"},"south":{"uv":[6.9375,1.25,7.0625,1.5],"rotation":90,"texture":"#0"},"west":{"uv":[6.9375,1.125,6.8125,1.25],"rotation":90,"texture":"#0"},"up":{"uv":[6.8125,1.25,6.9375,1.5],"rotation":90,"texture":"#0"},"down":{"uv":[6.5625,1.25,6.6875,1.5],"rotation":90,"texture":"#0"}}},{"from":[19.49,7.99,2.74],"to":[21.51,12.01,4.76],"rotation":{"angle":0,"axis":"z","origin":[16,7,3.75]},"faces":{"north":{"uv":[6.6875,1.25,6.8125,1.5],"texture":"#0"},"east":{"uv":[6.5625,1.25,6.6875,1.5],"texture":"#0"},"south":{"uv":[6.9375,1.25,7.0625,1.5],"texture":"#0"},"west":{"uv":[6.8125,1.25,6.9375,1.5],"texture":"#0"},"up":{"uv":[6.8125,1.25,6.6875,1.125],"texture":"#0"},"down":{"uv":[6.9375,1.125,6.8125,1.25],"texture":"#0"}}},{"from":[14.5,9,2.75],"to":[17.5,13,4.75],"rotation":{"angle":-22.5,"axis":"z","origin":[16,7,3.75]},"faces":{"north":{"uv":[2.625,2.125,2.8125,2.375],"texture":"#0"},"east":{"uv":[2.5,2.125,2.625,2.375],"texture":"#0"},"south":{"uv":[2.9375,2.125,3.125,2.375],"texture":"#0"},"west":{"uv":[2.8125,2.125,2.9375,2.375],"texture":"#0"},"up":{"uv":[2.8125,2.125,2.625,2],"texture":"#0"},"down":{"uv":[3,2,2.8125,2.125],"texture":"#0"}}},{"from":[8.75,7,4.9],"to":[16.75,12,4.9],"rotation":{"angle":-45,"axis":"z","origin":[17.25,11,4.75]},"faces":{"north":{"uv":[9.3125,0.3125,8.8125,0.625],"texture":"#0"},"east":{"uv":[0.5,0,0.5,0.3125],"texture":"#0"},"south":{"uv":[8.8125,0.3125,9.3125,0.625],"texture":"#0"},"west":{"uv":[1,0,1,0.3125],"texture":"#0"},"up":{"uv":[0.5,0,0.5,-0.5],"rotation":90,"texture":"#0"},"down":{"uv":[0.5,-0.5,0.5,0],"rotation":270,"texture":"#0"}}},{"from":[18.75,6.75,4.9],"to":[26.75,11.75,4.9],"rotation":{"angle":22.5,"axis":"z","origin":[18.25,11,4.75]},"faces":{"north":{"uv":[8.8125,0.3125,9.3125,0.625],"texture":"#0"},"east":{"uv":[1,0,1,0.3125],"texture":"#0"},"south":{"uv":[9.3125,0.3125,8.8125,0.625],"texture":"#0"},"west":{"uv":[0.5,0,0.5,0.3125],"texture":"#0"},"up":{"uv":[0.5,0,0.5,-0.5],"rotation":270,"texture":"#0"},"down":{"uv":[0.5,-0.5,0.5,0],"rotation":90,"texture":"#0"}}},{"from":[24,19,14],"to":[32,27,14],"rotation":{"angle":-22.5,"axis":"y","origin":[24,19,14]},"faces":{"north":{"uv":[8.25,0.5,7.75,1],"texture":"#0"},"east":{"uv":[0,0,0,1],"texture":"#0"},"south":{"uv":[7.75,0.5,8.25,1],"texture":"#0"},"west":{"uv":[0,0,0,1],"texture":"#0"},"up":{"uv":[0,0,1,0],"texture":"#0"},"down":{"uv":[0,0,1,0],"texture":"#0"}}},{"from":[-14,12,14],"to":[-6,20,14],"rotation":{"angle":-45,"axis":"y","origin":[-6,19,14]},"faces":{"north":{"uv":[7.75,0.5,8.25,1],"texture":"#0"},"east":{"uv":[0,0,0,1],"texture":"#0"},"south":{"uv":[8.25,0.5,7.75,1],"texture":"#0"},"west":{"uv":[0,0,0,1],"texture":"#0"},"up":{"uv":[0,0,1,0],"texture":"#0"},"down":{"uv":[0,0,1,0],"texture":"#0"}}},{"from":[-4,20,14],"to":[4,28,14],"rotation":{"angle":45,"axis":"y","origin":[-4,20,14]},"faces":{"north":{"uv":[8.25,0.5,7.75,1],"texture":"#0"},"east":{"uv":[0,0,0,1],"texture":"#0"},"south":{"uv":[7.75,0.5,8.25,1],"texture":"#0"},"west":{"uv":[0,0,0,1],"texture":"#0"},"up":{"uv":[0,0,1,0],"texture":"#0"},"down":{"uv":[0,0,1,0],"texture":"#0"}}},{"from":[8,24,14],"to":[16,32,14],"rotation":{"angle":-22.5,"axis":"y","origin":[16,24,14]},"faces":{"north":{"uv":[7.75,0.5,8.25,1],"texture":"#0"},"east":{"uv":[0,0,0,1],"texture":"#0"},"south":{"uv":[8.25,0.5,7.75,1],"texture":"#0"},"west":{"uv":[0,0,0,1],"texture":"#0"},"up":{"uv":[0,0,1,0],"texture":"#0"},"down":{"uv":[0,0,1,0],"texture":"#0"}}},{"from":[-8,0,14],"to":[24,32,14],"rotation":{"angle":0,"axis":"y","origin":[0,0,2]},"faces":{"north":{"uv":[9.3125,0,11.3125,2],"texture":"#0"},"east":{"uv":[0,0,0,1],"texture":"#0"},"south":{"uv":[11.3125,0,9.3125,2],"texture":"#0"},"west":{"uv":[0,0,0,1],"texture":"#0"},"up":{"uv":[0,0,1,0],"texture":"#0"},"down":{"uv":[0,0,1,0],"texture":"#0"}}}]}