{"display":{"thirdperson_righthand":{"rotation":[75,45,0],"translation":[0,1,0],"scale":[0.15,0.15,0.15]},"thirdperson_lefthand":{"rotation":[75,45,0],"translation":[0,1,0],"scale":[0.15,0.15,0.15]},"firstperson_righthand":{"rotation":[0,45,0],"translation":[0,1,0],"scale":[0.2,0.2,0.2]},"firstperson_lefthand":{"rotation":[0,45,0],"translation":[0,1,0],"scale":[0.2,0.2,0.2]},"ground":{"translation":[0,3.2,0],"scale":[0.15,0.15,0.15]},"gui":{"rotation":[30,225,0],"translation":[0,3,0],"scale":[0.4,0.4,0.4]},"head":{"scale":[2,2,2]},"fixed":{"rotation":[-90,0,0],"translation":[0,0,-30],"scale":[2,2,2]}},"texture_size":[256,256],"textures":{"0":"statue/dark_statue"},"elements":[{"from":[-2,-8,-2],"to":[18,0,18],"rotation":{"angle":0,"axis":"y","origin":[8,0,8]},"faces":{"north":{"uv":[0,3.25,1.25,3.75],"texture":"#0"},"east":{"uv":[0,3.25,1.25,3.75],"texture":"#0"},"south":{"uv":[0,3.25,1.25,3.75],"texture":"#0"},"west":{"uv":[0,3.25,1.25,3.75],"texture":"#0"},"up":{"uv":[0,2,1.25,3.25],"rotation":90,"texture":"#0"},"down":{"uv":[1.25,2,2.5,3.25],"rotation":270,"texture":"#0"}}},{"from":[-2.25,-3,-2.25],"to":[18.25,-2,18.25],"rotation":{"angle":0,"axis":"y","origin":[8,0,8]},"faces":{"north":{"uv":[0,3.375,1.25,3.4375],"texture":"#0"},"east":{"uv":[0,3.375,1.25,3.4375],"texture":"#0"},"south":{"uv":[0,3.375,1.25,3.4375],"texture":"#0"},"west":{"uv":[0,3.375,1.25,3.4375],"texture":"#0"},"up":{"uv":[4,0,4.3125,0.3125],"rotation":90,"texture":"#0"},"down":{"uv":[4,0,4.3125,0.3125],"rotation":270,"texture":"#0"}}},{"from":[-2.25,-6,-2.25],"to":[18.25,-5,18.25],"rotation":{"angle":0,"axis":"y","origin":[8,0,8]},"faces":{"north":{"uv":[0,3.5625,1.25,3.625],"texture":"#0"},"east":{"uv":[0,3.5625,1.25,3.625],"texture":"#0"},"south":{"uv":[0,3.5625,1.25,3.625],"texture":"#0"},"west":{"uv":[0,3.5625,1.25,3.625],"texture":"#0"},"up":{"uv":[4,0,4.3125,0.3125],"rotation":90,"texture":"#0"},"down":{"uv":[4,0,4.3125,0.3125],"rotation":270,"texture":"#0"}}},{"from":[3.99,3.99,-0.01],"to":[12.01,9.01,5.01],"rotation":{"angle":0,"axis":"y","origin":[0,4,1]},"faces":{"north":{"uv":[14.8125,0,15.3125,0.3125],"texture":"#0"},"east":{"uv":[14.3125,0,14,0.3125],"texture":"#0"},"south":{"uv":[14.8125,0.3125,15.3125,0.625],"texture":"#0"},"west":{"uv":[14,0,14.3125,0.3125],"texture":"#0"},"up":{"uv":[14.8125,0.3125,14.3125,0],"texture":"#0"},"down":{"uv":[14.8125,0,14.3125,0.3125],"texture":"#0"}}},{"from":[4,9,4],"to":[12,12,4],"rotation":{"angle":22.5,"axis":"x","origin":[8,9,4]},"faces":{"north":{"uv":[15.5,0,16,0.1875],"texture":"#0"},"east":{"uv":[0.1875,2.3125,0.1875,2.5],"texture":"#0"},"south":{"uv":[16,0,15.5,0.1875],"texture":"#0"},"west":{"uv":[0.6875,2.3125,0.6875,2.5],"texture":"#0"},"up":{"uv":[0.6875,2.3125,0.1875,2.3125],"texture":"#0"},"down":{"uv":[1.1875,2.3125,0.6875,2.3125],"texture":"#0"}}},{"from":[12,4,4],"to":[15,11,4],"rotation":{"angle":-22.5,"axis":"y","origin":[12,4,4]},"faces":{"north":{"uv":[15.5,0,15.3125,0.4375],"texture":"#0"},"east":{"uv":[0,2.5,0,2.9375],"texture":"#0"},"south":{"uv":[15.3125,0,15.5,0.4375],"texture":"#0"},"west":{"uv":[0,2.5625,0,3],"texture":"#0"},"up":{"uv":[0.1875,2.5,0,2.5],"texture":"#0"},"down":{"uv":[0.375,2.5,0.1875,2.5],"texture":"#0"}}},{"from":[1,4,4],"to":[4,11,4],"rotation":{"angle":22.5,"axis":"y","origin":[4,4,4]},"faces":{"north":{"uv":[15.3125,0,15.5,0.4375],"texture":"#0"},"east":{"uv":[0.6875,2.5,0.6875,2.9375],"texture":"#0"},"south":{"uv":[15.5,0,15.3125,0.4375],"texture":"#0"},"west":{"uv":[0.875,2.5,0.875,2.9375],"texture":"#0"},"up":{"uv":[0.875,2.5,0.6875,2.5],"texture":"#0"},"down":{"uv":[1.0625,2.5,0.875,2.5],"texture":"#0"}}},{"from":[8,0,4],"to":[8,5,13],"rotation":{"angle":22.5,"axis":"x","origin":[8,0,13]},"faces":{"north":{"uv":[0.6875,1.625,0.6875,1.9375],"texture":"#0"},"east":{"uv":[13.5,0,12.9375,0.3125],"texture":"#0"},"south":{"uv":[1.25,1.625,1.25,1.9375],"texture":"#0"},"west":{"uv":[12.9375,0,13.5,0.3125],"texture":"#0"},"up":{"uv":[0.6875,1.625,0.6875,1.0625],"texture":"#0"},"down":{"uv":[0.6875,1.0625,0.6875,1.625],"texture":"#0"}}},{"from":[4,0,3],"to":[12,4,13],"rotation":{"angle":22.5,"axis":"x","origin":[8,0,13]},"faces":{"north":{"uv":[13.5,0.625,14,0.875],"texture":"#0"},"east":{"uv":[14.625,0.625,14,0.875],"texture":"#0"},"south":{"uv":[13.5,0.625,14,0.875],"texture":"#0"},"west":{"uv":[14,0.625,14.625,0.875],"texture":"#0"},"up":{"uv":[14,0.625,13.5,0],"texture":"#0"},"down":{"uv":[1.75,2,1.25,2.625],"texture":"#0"}}},{"from":[7.5,0,14],"to":[7.5,5,26],"rotation":{"angle":22.5,"axis":"y","origin":[8,0,13]},"faces":{"north":{"uv":[0.875,1.9375,0.875,2.25],"texture":"#0"},"east":{"uv":[12.9375,0,12.1875,0.3125],"texture":"#0"},"south":{"uv":[1.625,1.9375,1.625,2.25],"texture":"#0"},"west":{"uv":[12.1875,0,12.9375,0.3125],"texture":"#0"},"up":{"uv":[0.875,1.9375,0.875,1.1875],"texture":"#0"},"down":{"uv":[0.875,1.1875,0.875,1.9375],"texture":"#0"}}},{"from":[0,1.6,9.5],"to":[5,1.6,12.5],"rotation":{"angle":22.5,"axis":"z","origin":[4,1.5,11]},"faces":{"north":{"uv":[0.625,1.125,0.9375,1.125],"texture":"#0"},"east":{"uv":[0.4375,1.125,0.625,1.125],"texture":"#0"},"south":{"uv":[0.125,1.125,0.4375,1.125],"texture":"#0"},"west":{"uv":[0.9375,1.125,1.125,1.125],"texture":"#0"},"up":{"uv":[14.8125,0.625,14.625,0.3125],"rotation":90,"texture":"#0"},"down":{"uv":[14.8125,0.3125,14.625,0.625],"rotation":270,"texture":"#0"}}},{"from":[11,1.6,9.5],"to":[16,1.6,12.5],"rotation":{"angle":-22.5,"axis":"z","origin":[12,1.5,11]},"faces":{"north":{"uv":[0.625,1.125,0.9375,1.125],"texture":"#0"},"east":{"uv":[0.4375,1.125,0.625,1.125],"texture":"#0"},"south":{"uv":[0.125,1.125,0.4375,1.125],"texture":"#0"},"west":{"uv":[0.9375,1.125,1.125,1.125],"texture":"#0"},"up":{"uv":[14.8125,0.3125,14.625,0.625],"rotation":90,"texture":"#0"},"down":{"uv":[14.8125,0.625,14.625,0.3125],"rotation":270,"texture":"#0"}}},{"from":[-1,4.1,2.5],"to":[4,4.1,5.5],"rotation":{"angle":45,"axis":"z","origin":[4,4,4]},"faces":{"north":{"uv":[0.625,1.125,0.9375,1.125],"texture":"#0"},"east":{"uv":[0.4375,1.125,0.625,1.125],"texture":"#0"},"south":{"uv":[0.125,1.125,0.4375,1.125],"texture":"#0"},"west":{"uv":[0.9375,1.125,1.125,1.125],"texture":"#0"},"up":{"uv":[14.8125,0.625,14.625,0.3125],"rotation":90,"texture":"#0"},"down":{"uv":[14.8125,0.3125,14.625,0.625],"rotation":270,"texture":"#0"}}},{"from":[12.1,-1,2.5],"to":[12.1,4,5.5],"rotation":{"angle":45,"axis":"z","origin":[12,4,4]},"faces":{"north":{"uv":[0.625,1.125,0.9375,1.125],"rotation":270,"texture":"#0"},"east":{"uv":[14.8125,0.3125,14.625,0.625],"rotation":180,"texture":"#0"},"south":{"uv":[0.125,1.125,0.4375,1.125],"rotation":90,"texture":"#0"},"west":{"uv":[14.8125,0.625,14.625,0.3125],"texture":"#0"},"up":{"uv":[0.9375,1.125,1.125,1.125],"rotation":90,"texture":"#0"},"down":{"uv":[0.4375,1.125,0.625,1.125],"rotation":90,"texture":"#0"}}}]}