{"display":{"thirdperson_righthand":{"rotation":[75,45,0],"translation":[0,1,1],"scale":[0.15,0.15,0.15]},"thirdperson_lefthand":{"rotation":[75,45,0],"translation":[0,1,1],"scale":[0.15,0.15,0.15]},"firstperson_righthand":{"rotation":[0,45,0],"translation":[0,1,0],"scale":[0.2,0.2,0.2]},"firstperson_lefthand":{"rotation":[0,45,0],"translation":[0,1,0],"scale":[0.2,0.2,0.2]},"ground":{"translation":[0,3.2,0],"scale":[0.15,0.15,0.15]},"gui":{"rotation":[30,225,0],"translation":[0,2.5,0],"scale":[0.3,0.3,0.3]},"head":{"translation":[0,-9.25,0],"scale":[2,2,2]},"fixed":{"rotation":[-90,0,0],"translation":[0,0,-46],"scale":[2,2,2]}},"texture_size":[256,256],"textures":{"0":"statue/wooden_statue"},"elements":[{"from":[-2,-16,-2],"to":[18,-8,18],"faces":{"north":{"uv":[0,1.25,1.25,1.75],"texture":"#0"},"east":{"uv":[0,1.25,1.25,1.75],"texture":"#0"},"south":{"uv":[0,1.25,1.25,1.75],"texture":"#0"},"west":{"uv":[0,1.25,1.25,1.75],"texture":"#0"},"up":{"uv":[1.25,0,2.5,1.25],"texture":"#0"},"down":{"uv":[0,0,1.25,1.25],"texture":"#0"}}},{"from":[-2.25,-10,-2.25],"to":[18.25,-9,18.25],"faces":{"north":{"uv":[0,1.3125,1.25,1.375],"texture":"#0"},"east":{"uv":[0,1.3125,1.25,1.375],"texture":"#0"},"south":{"uv":[0,1.3125,1.25,1.375],"texture":"#0"},"west":{"uv":[0,1.3125,1.25,1.375],"texture":"#0"},"up":{"uv":[1.25,1.25,1.5625,1.5625],"texture":"#0"},"down":{"uv":[1.25,1.25,1.5625,1.5625],"texture":"#0"}}},{"from":[-2.25,-14,-2.25],"to":[18.25,-13,18.25],"faces":{"north":{"uv":[0,1.5625,1.25,1.625],"texture":"#0"},"east":{"uv":[0,1.5625,1.25,1.625],"texture":"#0"},"south":{"uv":[0,1.5625,1.25,1.625],"texture":"#0"},"west":{"uv":[0,1.5625,1.25,1.625],"texture":"#0"},"up":{"uv":[1.25,1.25,1.5625,1.5625],"texture":"#0"},"down":{"uv":[1.25,1.25,1.5625,1.5625],"texture":"#0"}}},{"name":"head","from":[4,9.5,4],"to":[12,17.5,12],"rotation":{"angle":0,"axis":"y","origin":[0,-8.5,0]},"faces":{"north":{"uv":[0,2.375,0.5,2.875],"texture":"#0"},"east":{"uv":[0.5,2.375,1,2.875],"texture":"#0"},"south":{"uv":[0.5,2.375,1,2.875],"texture":"#0"},"west":{"uv":[0.5,2.375,1,2.875],"texture":"#0"},"up":{"uv":[1.5,2.875,1,2.375],"texture":"#0"},"down":{"uv":[0.5,0,0,0.5],"texture":"#0"}}},{"name":"body","from":[4,-2.5,6],"to":[12,9.5,10],"rotation":{"angle":0,"axis":"y","origin":[0,-8.5,0]},"faces":{"north":{"uv":[3.375,1.625,3.875,2.375],"texture":"#0"},"east":{"uv":[3.125,1.625,3.375,2.375],"texture":"#0"},"south":{"uv":[3.375,1.625,3.875,2.375],"texture":"#0"},"west":{"uv":[3.125,1.625,3.375,2.375],"texture":"#0"},"up":{"uv":[4.375,1.875,3.875,1.625],"texture":"#0"},"down":{"uv":[0.5,0,0,0.25],"texture":"#0"}}},{"name":"leg1","from":[8,-8.5,2.25],"to":[12,-2.5,6.25],"rotation":{"angle":22.5,"axis":"x","origin":[8,-2,6.25]},"faces":{"north":{"uv":[3.875,1.875,4.125,2.25],"texture":"#0"},"east":{"uv":[4.125,1.875,4.375,2.25],"texture":"#0"},"south":{"uv":[4.375,1.625,4.625,2],"texture":"#0"},"west":{"uv":[4.375,1.875,4.125,2.25],"texture":"#0"},"up":{"uv":[4.625,2.25,4.375,2],"texture":"#0"},"down":{"uv":[0.25,0,0,0.25],"texture":"#0"}}},{"name":"leg2","from":[4,-6.5,1.75],"to":[8,-0.5,5.75],"rotation":{"angle":-22.5,"axis":"x","origin":[8,-2,6.25]},"faces":{"north":{"uv":[3.875,1.875,4.125,2.25],"texture":"#0"},"east":{"uv":[4.125,1.875,4.375,2.25],"texture":"#0"},"south":{"uv":[4.375,1.625,4.625,2],"texture":"#0"},"west":{"uv":[4.375,1.875,4.125,2.25],"texture":"#0"},"up":{"uv":[4.625,2.25,4.375,2],"texture":"#0"},"down":{"uv":[0.25,0,0,0.25],"texture":"#0"}}},{"name":"leg3","from":[4,-6.5,10.25],"to":[8,-0.5,14.25],"rotation":{"angle":22.5,"axis":"x","origin":[8,-2,9.75]},"faces":{"north":{"uv":[3.875,1.875,4.125,2.25],"texture":"#0"},"east":{"uv":[4.125,1.875,4.375,2.25],"texture":"#0"},"south":{"uv":[4.375,1.625,4.625,2],"texture":"#0"},"west":{"uv":[4.375,1.875,4.125,2.25],"texture":"#0"},"up":{"uv":[4.625,2.25,4.375,2],"texture":"#0"},"down":{"uv":[0.25,0,0,0.25],"texture":"#0"}}},{"name":"leg2","from":[8,-8.5,9.75],"to":[12,-2.5,13.75],"rotation":{"angle":-22.5,"axis":"x","origin":[8,-2,9.75]},"faces":{"north":{"uv":[3.875,1.875,4.125,2.25],"texture":"#0"},"east":{"uv":[4.125,1.875,4.375,2.25],"texture":"#0"},"south":{"uv":[4.375,1.625,4.625,2],"texture":"#0"},"west":{"uv":[4.375,1.875,4.125,2.25],"texture":"#0"},"up":{"uv":[4.625,2.25,4.375,2],"texture":"#0"},"down":{"uv":[0.25,0,0,0.25],"texture":"#0"}}},{"from":[12,-1.5,10],"to":[12,14.5,26],"rotation":{"angle":22.5,"axis":"y","origin":[12,6.75,10]},"faces":{"north":{"uv":[0,0,0,1],"texture":"#0"},"east":{"uv":[8.75,0,7.75,1],"texture":"#0"},"south":{"uv":[0,0,0,1],"texture":"#0"},"west":{"uv":[7.75,0,8.75,1],"texture":"#0"},"up":{"uv":[0,0,1,0],"rotation":270,"texture":"#0"},"down":{"uv":[0,0,1,0],"rotation":90,"texture":"#0"}}},{"from":[-12,15.75,4],"to":[4,31.75,4],"rotation":{"angle":-45,"axis":"y","origin":[4,22,4]},"faces":{"north":{"uv":[7.75,0,8.75,1],"texture":"#0"},"east":{"uv":[0,0,0,1],"texture":"#0"},"south":{"uv":[8.75,0,7.75,1],"texture":"#0"},"west":{"uv":[0,0,0,1],"texture":"#0"},"up":{"uv":[0,0,1,0],"rotation":180,"texture":"#0"},"down":{"uv":[0,0,1,0],"rotation":180,"texture":"#0"}}}]}