{"display":{"thirdperson_righthand":{"rotation":[75,0,0],"translation":[0,1,0],"scale":[0.15,0.15,0.15]},"thirdperson_lefthand":{"rotation":[75,90,0],"translation":[0,1,0],"scale":[0.15,0.15,0.15]},"firstperson_righthand":{"scale":[0.2,0.2,0.2]},"firstperson_lefthand":{"scale":[0.2,0.2,0.2]},"ground":{"rotation":[0,-45,0],"translation":[0,3.2,0],"scale":[0.15,0.15,0.15]},"gui":{"rotation":[30,180,0],"scale":[0.3,0.3,0.3]},"head":{"rotation":[0,-45,0],"scale":[2,2,2]},"fixed":{"rotation":[-90,-45,0],"translation":[0,0,-32],"scale":[2,2,2]}},"texture_size":[256,256],"textures":{"0":"statue/dark_statue"},"elements":[{"from":[-2,-9,-2],"to":[18,-1,18],"rotation":{"angle":-45,"axis":"y","origin":[8,0,8]},"faces":{"north":{"uv":[0,3.25,1.25,3.75],"texture":"#0"},"east":{"uv":[0,3.25,1.25,3.75],"texture":"#0"},"south":{"uv":[0,3.25,1.25,3.75],"texture":"#0"},"west":{"uv":[0,3.25,1.25,3.75],"texture":"#0"},"up":{"uv":[0,2,1.25,3.25],"texture":"#0"},"down":{"uv":[1.25,2,2.5,3.25],"texture":"#0"}}},{"from":[-2.25,-4,-2.25],"to":[18.25,-3,18.25],"rotation":{"angle":-45,"axis":"y","origin":[8,0,8]},"faces":{"north":{"uv":[0,3.375,1.25,3.4375],"texture":"#0"},"east":{"uv":[0,3.375,1.25,3.4375],"texture":"#0"},"south":{"uv":[0,3.375,1.25,3.4375],"texture":"#0"},"west":{"uv":[0,3.375,1.25,3.4375],"texture":"#0"},"up":{"uv":[4,0,4.3125,0.3125],"texture":"#0"},"down":{"uv":[4,0,4.3125,0.3125],"texture":"#0"}}},{"from":[-2.25,-7,-2.25],"to":[18.25,-6,18.25],"rotation":{"angle":-45,"axis":"y","origin":[8,0,8]},"faces":{"north":{"uv":[0,3.5625,1.25,3.625],"texture":"#0"},"east":{"uv":[0,3.5625,1.25,3.625],"texture":"#0"},"south":{"uv":[0,3.5625,1.25,3.625],"texture":"#0"},"west":{"uv":[0,3.5625,1.25,3.625],"texture":"#0"},"up":{"uv":[4,0,4.3125,0.3125],"texture":"#0"},"down":{"uv":[4,0,4.3125,0.3125],"texture":"#0"}}},{"from":[3,22,3],"to":[13,32,13],"rotation":{"angle":45,"axis":"y","origin":[8,21,8]},"faces":{"north":{"uv":[5.5625,0,6.1875,0.625],"texture":"#0"},"east":{"uv":[6.1875,0,6.8125,0.625],"texture":"#0"},"south":{"uv":[6.1875,0,6.8125,0.625],"texture":"#0"},"west":{"uv":[6.1875,0,6.8125,0.625],"texture":"#0"},"up":{"uv":[6.8125,0,7.4375,0.625],"rotation":90,"texture":"#0"},"down":{"uv":[7.4375,0,8.0625,0.625],"rotation":270,"texture":"#0"}}},{"from":[2,0,-0.5],"to":[14,20,1.5],"rotation":{"angle":22.5,"axis":"x","origin":[8,20,1.5]},"faces":{"north":{"uv":[5.5625,0.625,6.3125,1.875],"texture":"#0"},"east":{"uv":[6.3125,0.625,6.4375,1.875],"texture":"#0"},"south":{"uv":[5.5625,0.625,6.3125,1.875],"texture":"#0"},"west":{"uv":[6.4375,0.625,6.3125,1.875],"texture":"#0"},"up":{"uv":[6.4375,0.75,7.1875,0.625],"texture":"#0"},"down":{"uv":[6.4375,0.875,7.1875,0.75],"texture":"#0"}}},{"from":[2,0,14.5],"to":[14,20,16.5],"rotation":{"angle":-22.5,"axis":"x","origin":[8,20,14.5]},"faces":{"north":{"uv":[5.5625,0.625,6.3125,1.875],"texture":"#0"},"east":{"uv":[6.4375,0.625,6.3125,1.875],"texture":"#0"},"south":{"uv":[5.5625,0.625,6.3125,1.875],"texture":"#0"},"west":{"uv":[6.3125,0.625,6.4375,1.875],"texture":"#0"},"up":{"uv":[6.4375,0.625,7.1875,0.75],"texture":"#0"},"down":{"uv":[6.4375,0.75,7.1875,0.875],"texture":"#0"}}},{"from":[-0.5,0,2],"to":[1.5,20,14],"rotation":{"angle":-22.5,"axis":"z","origin":[1.5,20,8]},"faces":{"north":{"uv":[6.3125,0.625,6.4375,1.875],"texture":"#0"},"east":{"uv":[5.5625,0.625,6.3125,1.875],"texture":"#0"},"south":{"uv":[6.4375,0.625,6.3125,1.875],"texture":"#0"},"west":{"uv":[5.5625,0.625,6.3125,1.875],"texture":"#0"},"up":{"uv":[6.4375,0.625,7.1875,0.75],"rotation":90,"texture":"#0"},"down":{"uv":[6.4375,0.75,7.1875,0.875],"rotation":270,"texture":"#0"}}},{"from":[14.5,0,2],"to":[16.5,20,14],"rotation":{"angle":22.5,"axis":"z","origin":[14.5,20,8]},"faces":{"north":{"uv":[6.4375,0.625,6.3125,1.875],"texture":"#0"},"east":{"uv":[5.5625,0.625,6.3125,1.875],"texture":"#0"},"south":{"uv":[6.3125,0.625,6.4375,1.875],"texture":"#0"},"west":{"uv":[5.5625,0.625,6.3125,1.875],"texture":"#0"},"up":{"uv":[6.4375,0.75,7.1875,0.625],"rotation":90,"texture":"#0"},"down":{"uv":[6.4375,0.875,7.1875,0.75],"rotation":270,"texture":"#0"}}}]}