{"display":{"thirdperson_righthand":{"rotation":[75,45,0],"translation":[0,1,0],"scale":[0.15,0.15,0.15]},"thirdperson_lefthand":{"rotation":[75,45,0],"translation":[0,1,0],"scale":[0.15,0.15,0.15]},"firstperson_righthand":{"rotation":[0,45,0],"scale":[0.2,0.2,0.2]},"firstperson_lefthand":{"rotation":[0,45,0],"scale":[0.2,0.2,0.2]},"ground":{"translation":[0,3.2,0],"scale":[0.15,0.15,0.15]},"gui":{"rotation":[30,225,0],"translation":[0,1.25,0],"scale":[0.4,0.4,0.4]},"head":{"scale":[2,2,2]},"fixed":{"rotation":[-90,0,0],"translation":[0,0,-30],"scale":[2,2,2]}},"texture_size":[256,256],"textures":{"0":"statue/wooden_statue"},"elements":[{"from":[-2,-8,-2],"to":[18,0,18],"faces":{"north":{"uv":[0,1.25,1.25,1.75],"texture":"#0"},"east":{"uv":[0,1.25,1.25,1.75],"texture":"#0"},"south":{"uv":[0,1.25,1.25,1.75],"texture":"#0"},"west":{"uv":[0,1.25,1.25,1.75],"texture":"#0"},"up":{"uv":[1.25,0,2.5,1.25],"texture":"#0"},"down":{"uv":[0,0,1.25,1.25],"texture":"#0"}}},{"from":[-2.25,-2,-2.25],"to":[18.25,-1,18.25],"faces":{"north":{"uv":[0,1.3125,1.25,1.375],"texture":"#0"},"east":{"uv":[0,1.3125,1.25,1.375],"texture":"#0"},"south":{"uv":[0,1.3125,1.25,1.375],"texture":"#0"},"west":{"uv":[0,1.3125,1.25,1.375],"texture":"#0"},"up":{"uv":[1.25,1.25,1.5625,1.5625],"texture":"#0"},"down":{"uv":[1.25,1.25,1.5625,1.5625],"texture":"#0"}}},{"from":[-2.25,-6,-2.25],"to":[18.25,-5,18.25],"faces":{"north":{"uv":[0,1.5625,1.25,1.625],"texture":"#0"},"east":{"uv":[0,1.5625,1.25,1.625],"texture":"#0"},"south":{"uv":[0,1.5625,1.25,1.625],"texture":"#0"},"west":{"uv":[0,1.5625,1.25,1.625],"texture":"#0"},"up":{"uv":[1.25,1.25,1.5625,1.5625],"texture":"#0"},"down":{"uv":[1.25,1.25,1.5625,1.5625],"texture":"#0"}}},{"from":[4,5,4],"to":[12,13,12],"rotation":{"angle":0,"axis":"y","origin":[0,-0.25,0]},"faces":{"north":{"uv":[6,3.6875,6.5,4.1875],"texture":"#0"},"east":{"uv":[5.5,3.6875,6,4.1875],"texture":"#0"},"south":{"uv":[5.5,3.6875,6,4.1875],"texture":"#0"},"west":{"uv":[5.5,3.6875,6,4.1875],"texture":"#0"},"up":{"uv":[6.5,3.6875,7,4.1875],"texture":"#0"},"down":{"uv":[1.25,2.875,1.75,3.375],"texture":"#0"}}},{"from":[7,13,7],"to":[9,24,9],"rotation":{"angle":0,"axis":"y","origin":[0,-0.25,0]},"faces":{"north":{"uv":[5.5,4.1875,5.625,4.875],"texture":"#0"},"east":{"uv":[5.5,4.1875,5.625,4.875],"texture":"#0"},"south":{"uv":[5.5,4.1875,5.625,4.875],"texture":"#0"},"west":{"uv":[5.5,4.1875,5.625,4.875],"texture":"#0"},"up":{"uv":[5.625,4.1875,5.75,4.3125],"texture":"#0"},"down":{"uv":[5.625,4.1875,5.75,4.3125],"texture":"#0"}}},{"from":[4,21,7],"to":[7,23,9],"rotation":{"angle":0,"axis":"y","origin":[0,-0.25,0]},"faces":{"north":{"uv":[5.75,4.1875,5.9375,4.3125],"texture":"#0"},"east":{"uv":[5.75,4.1875,5.875,4.3125],"texture":"#0"},"south":{"uv":[5.75,4.3125,5.9375,4.1875],"texture":"#0"},"west":{"uv":[5.9375,4.1875,6.0625,4.3125],"texture":"#0"},"up":{"uv":[5.75,4.1875,5.9375,4.3125],"texture":"#0"},"down":{"uv":[5.9375,4.1875,5.75,4.3125],"texture":"#0"}}},{"from":[4,18,7],"to":[7,20,9],"rotation":{"angle":0,"axis":"y","origin":[0,-0.25,0]},"faces":{"north":{"uv":[5.75,4.1875,5.9375,4.3125],"texture":"#0"},"east":{"uv":[5.75,4.1875,5.875,4.3125],"texture":"#0"},"south":{"uv":[5.75,4.3125,5.9375,4.1875],"texture":"#0"},"west":{"uv":[5.9375,4.1875,6.0625,4.3125],"texture":"#0"},"up":{"uv":[5.75,4.1875,5.9375,4.3125],"texture":"#0"},"down":{"uv":[5.9375,4.1875,5.75,4.3125],"texture":"#0"}}},{"from":[10,0,8],"to":[11,5,8],"rotation":{"angle":-45,"axis":"x","origin":[10.5,4.75,8]},"faces":{"north":{"uv":[7,3.6875,7.0625,4],"texture":"#0"},"east":{"uv":[7,3.6875,7,4],"texture":"#0"},"south":{"uv":[7,3.6875,7.0625,4],"texture":"#0"},"west":{"uv":[7,3.6875,7,4],"texture":"#0"},"up":{"uv":[7,3.6875,7.0625,3.6875],"texture":"#0"},"down":{"uv":[7,3.6875,7.0625,3.6875],"texture":"#0"}}},{"from":[9,0,6],"to":[12,0,8],"rotation":{"angle":-45,"axis":"x","origin":[10.5,4.75,8]},"faces":{"north":{"uv":[7,4.0625,7.1875,4.0625],"texture":"#0"},"east":{"uv":[7,4.0625,7.125,4.0625],"texture":"#0"},"south":{"uv":[7,4.0625,7.1875,4.0625],"texture":"#0"},"west":{"uv":[7,4.0625,7.125,4.0625],"texture":"#0"},"up":{"uv":[7,4.0625,7.1875,4.1875],"texture":"#0"},"down":{"uv":[7,4.1875,7.1875,4.0625],"texture":"#0"}}},{"from":[4,0,6],"to":[7,0,8],"rotation":{"angle":22.5,"axis":"x","origin":[5.5,4.75,8]},"faces":{"north":{"uv":[7,4.0625,7.1875,4.0625],"texture":"#0"},"east":{"uv":[7,4.0625,7.125,4.0625],"texture":"#0"},"south":{"uv":[7,4.0625,7.1875,4.0625],"texture":"#0"},"west":{"uv":[7,4.0625,7.125,4.0625],"texture":"#0"},"up":{"uv":[7,4.0625,7.1875,4.1875],"texture":"#0"},"down":{"uv":[7,4.1875,7.1875,4.0625],"texture":"#0"}}},{"from":[5,0,8],"to":[6,5,8],"rotation":{"angle":22.5,"axis":"x","origin":[5.5,4.75,8]},"faces":{"north":{"uv":[7,3.6875,7.0625,4],"texture":"#0"},"east":{"uv":[7,3.6875,7,4],"texture":"#0"},"south":{"uv":[7,3.6875,7.0625,4],"texture":"#0"},"west":{"uv":[7,3.6875,7,4],"texture":"#0"},"up":{"uv":[7,3.6875,7.0625,3.6875],"texture":"#0"},"down":{"uv":[7,3.6875,7.0625,3.6875],"texture":"#0"}}},{"from":[4,12,12],"to":[4,20,20],"rotation":{"angle":-45,"axis":"y","origin":[4,12,12]},"faces":{"north":{"uv":[0,0,0,0.5],"texture":"#0"},"east":{"uv":[8.25,0.5,7.75,1],"texture":"#0"},"south":{"uv":[0,0,0,0.5],"texture":"#0"},"west":{"uv":[7.75,0.5,8.25,1],"texture":"#0"},"up":{"uv":[0,0,0.5,0],"rotation":270,"texture":"#0"},"down":{"uv":[0,0,0.5,0],"rotation":90,"texture":"#0"}}}]}