{"display":{"thirdperson_righthand":{"rotation":[75,45,0],"translation":[0,1,0],"scale":[0.15,0.15,0.15]},"thirdperson_lefthand":{"rotation":[75,45,0],"translation":[0,1,0],"scale":[0.15,0.15,0.15]},"firstperson_righthand":{"rotation":[0,45,0],"scale":[0.2,0.2,0.2]},"firstperson_lefthand":{"rotation":[0,45,0],"scale":[0.2,0.2,0.2]},"ground":{"translation":[0,3.2,0],"scale":[0.15,0.15,0.15]},"gui":{"rotation":[30,225,0],"translation":[0,1,0],"scale":[0.3,0.3,0.3]},"head":{"scale":[2,2,2]},"fixed":{"rotation":[-90,0,0],"translation":[0,0,-37.5],"scale":[2,2,2]}},"texture_size":[256,256],"textures":{"0":"statue/statue"},"elements":[{"from":[-2.25,-9.75,-8.25],"to":[18.25,-8.75,24.25],"faces":{"north":{"uv":[2.5,14.1875,1.25,14.125],"texture":"#0"},"east":{"uv":[0,15.5625,2,15.625],"texture":"#0"},"south":{"uv":[1.25,14.125,2.5,14.1875],"texture":"#0"},"west":{"uv":[2,15.625,0,15.5625],"texture":"#0"},"up":{"uv":[0,3.25,0.625,3.875],"texture":"#0"},"down":{"uv":[0,3.25,0.625,3.875],"texture":"#0"}}},{"from":[-2.25,-6.75,-8.25],"to":[18.25,-5.75,24.25],"faces":{"north":{"uv":[2.5,14,1.25,13.9375],"texture":"#0"},"east":{"uv":[0,15.375,2,15.4375],"texture":"#0"},"south":{"uv":[1.25,13.9375,2.5,14],"texture":"#0"},"west":{"uv":[2,15.4375,0,15.375],"texture":"#0"},"up":{"uv":[0,3.25,0.625,3.875],"texture":"#0"},"down":{"uv":[0,3.25,0.625,3.875],"texture":"#0"}}},{"from":[-2,-11.75,-8],"to":[18,-3.75,24],"faces":{"north":{"uv":[2.5,14.3125,1.25,13.8125],"texture":"#0"},"east":{"uv":[0,15.25,2,15.75],"texture":"#0"},"south":{"uv":[1.25,13.8125,2.5,14.3125],"texture":"#0"},"west":{"uv":[2,15.75,0,15.25],"texture":"#0"},"up":{"uv":[3.5,8.875,4.75,10.875],"texture":"#0"},"down":{"uv":[0,13.25,1.25,15.25],"texture":"#0"}}},{"from":[9,29,-3],"to":[12,32,-1],"rotation":{"angle":0,"axis":"y","origin":[0,0,-1]},"faces":{"north":{"uv":[1.375,11,1.1875,11.1875],"texture":"#0"},"east":{"uv":[1.0625,11,1.1875,11.1875],"texture":"#0"},"south":{"uv":[1.6875,11,1.5,11.1875],"texture":"#0"},"west":{"uv":[1.375,11,1.5,11.1875],"texture":"#0"},"up":{"uv":[1.375,11,1.1875,10.875],"texture":"#0"},"down":{"uv":[1.5625,10.875,1.375,11],"texture":"#0"}}},{"from":[6,23,-9],"to":[10,27,0],"rotation":{"angle":0,"axis":"y","origin":[0,0,-1]},"faces":{"north":{"uv":[0.5625,11.4375,0.8125,11.6875],"texture":"#0"},"east":{"uv":[0,11.4375,0.5625,11.6875],"texture":"#0"},"south":{"uv":[1.375,11.4375,1.625,11.6875],"texture":"#0"},"west":{"uv":[0.8125,11.4375,1.375,11.6875],"texture":"#0"},"up":{"uv":[0.8125,11.4375,0.5625,10.875],"texture":"#0"},"down":{"uv":[1.0625,10.875,0.8125,11.4375],"texture":"#0"}}},{"from":[2,8,-1],"to":[14,18,17],"rotation":{"angle":0,"axis":"y","origin":[0,0,-1]},"faces":{"north":{"uv":[2.4375,10.875,3.1875,11.5],"texture":"#0"},"east":{"uv":[1.8125,11.5,2.4375,12.625],"rotation":90,"texture":"#0"},"south":{"uv":[3.1875,10.875,3.9375,11.5],"texture":"#0"},"west":{"uv":[3.8125,11.5,3.1875,12.625],"rotation":90,"texture":"#0"},"up":{"uv":[4.5625,12.625,3.8125,11.5],"texture":"#0"},"down":{"uv":[3.1875,11.5,2.4375,12.625],"texture":"#0"}}},{"from":[9.5,-4,0],"to":[13.5,10,4],"rotation":{"angle":22.5,"axis":"x","origin":[8,9,2]},"faces":{"north":{"uv":[2.0625,12.9375,2.3125,13.8125],"texture":"#0"},"east":{"uv":[1.8125,12.9375,2.0625,13.8125],"texture":"#0"},"south":{"uv":[2.5625,12.9375,2.8125,13.8125],"texture":"#0"},"west":{"uv":[2.3125,12.9375,2.5625,13.8125],"texture":"#0"},"up":{"uv":[2.3125,12.9375,2.0625,12.6875],"texture":"#0"},"down":{"uv":[2.5625,12.6875,2.3125,12.9375],"texture":"#0"}}},{"from":[2.5,-4,0],"to":[6.5,10,4],"rotation":{"angle":-22.5,"axis":"x","origin":[8,9,2]},"faces":{"north":{"uv":[2.0625,12.9375,2.3125,13.8125],"texture":"#0"},"east":{"uv":[1.8125,12.9375,2.0625,13.8125],"texture":"#0"},"south":{"uv":[2.5625,12.9375,2.8125,13.8125],"texture":"#0"},"west":{"uv":[2.3125,12.9375,2.5625,13.8125],"texture":"#0"},"up":{"uv":[2.3125,12.9375,2.0625,12.6875],"texture":"#0"},"down":{"uv":[2.5625,12.6875,2.3125,12.9375],"texture":"#0"}}},{"from":[2.49,-4.01,10.99],"to":[6.51,10.01,15.01],"rotation":{"angle":22.5,"axis":"x","origin":[8,9,13]},"faces":{"north":{"uv":[2.0625,12.9375,2.3125,13.8125],"texture":"#0"},"east":{"uv":[1.8125,12.9375,2.0625,13.8125],"texture":"#0"},"south":{"uv":[2.5625,12.9375,2.8125,13.8125],"texture":"#0"},"west":{"uv":[2.3125,12.9375,2.5625,13.8125],"texture":"#0"},"up":{"uv":[2.3125,12.9375,2.0625,12.6875],"texture":"#0"},"down":{"uv":[2.5625,12.6875,2.3125,12.9375],"texture":"#0"}}},{"from":[9.5,-4,11],"to":[13.5,10,15],"rotation":{"angle":-22.5,"axis":"x","origin":[8,9,13]},"faces":{"north":{"uv":[2.0625,12.9375,2.3125,13.8125],"texture":"#0"},"east":{"uv":[1.8125,12.9375,2.0625,13.8125],"texture":"#0"},"south":{"uv":[2.5625,12.9375,2.8125,13.8125],"texture":"#0"},"west":{"uv":[2.3125,12.9375,2.5625,13.8125],"texture":"#0"},"up":{"uv":[2.3125,12.9375,2.0625,12.6875],"texture":"#0"},"down":{"uv":[2.5625,12.6875,2.3125,12.9375],"texture":"#0"}}},{"from":[4,11,-5],"to":[12,29,1],"rotation":{"angle":0,"axis":"y","origin":[0,0,-1]},"faces":{"north":{"uv":[0.375,12.125,0.875,13.25],"texture":"#0"},"east":{"uv":[0,12.125,0.375,13.25],"texture":"#0"},"south":{"uv":[1.25,12.125,1.75,13.25],"texture":"#0"},"west":{"uv":[0.875,12.125,1.25,13.25],"texture":"#0"},"up":{"uv":[0.875,12.125,0.375,11.75],"texture":"#0"},"down":{"uv":[1.375,11.75,0.875,12.125],"texture":"#0"}}},{"from":[4,29,-3],"to":[7,32,-1],"rotation":{"angle":0,"axis":"y","origin":[0,0,-1]},"faces":{"north":{"uv":[1.1875,11,1.375,11.1875],"texture":"#0"},"east":{"uv":[1.5,11,1.375,11.1875],"texture":"#0"},"south":{"uv":[1.5,11,1.6875,11.1875],"texture":"#0"},"west":{"uv":[1.1875,11,1.0625,11.1875],"texture":"#0"},"up":{"uv":[1.375,11,1.1875,10.875],"texture":"#0"},"down":{"uv":[1.5625,10.875,1.375,11],"texture":"#0"}}},{"from":[1.75,7.75,-1.25],"to":[14.25,18.25,17.25],"faces":{"north":{"uv":[0,3.25,0.625,3.875],"texture":"#0"},"east":{"uv":[2.875,16,2.25,14.875],"rotation":90,"texture":"#0"},"south":{"uv":[0,3.25,0.625,3.875],"texture":"#0"},"west":{"uv":[2.875,14.875,2.25,16],"rotation":90,"texture":"#0"},"up":{"uv":[3.625,16,2.875,14.875],"texture":"#0"},"down":{"uv":[0,3.25,0.625,3.875],"texture":"#0"}}},{"from":[3.75,10.75,-5.25],"to":[12.25,29.25,1.25],"faces":{"north":{"uv":[4.0625,14.5625,4.5625,15.6875],"texture":"#0"},"east":{"uv":[3.6875,14.5625,4.0625,15.6875],"texture":"#0"},"south":{"uv":[4.9375,14.5625,5.4375,15.6875],"texture":"#0"},"west":{"uv":[4.5625,14.5625,4.9375,15.6875],"texture":"#0"},"up":{"uv":[4.5625,14.5625,4.0625,14.1875],"texture":"#0"},"down":{"uv":[5.0625,14.1875,4.5625,14.5625],"texture":"#0"}}}]}