{"display":{"thirdperson_righthand":{"rotation":[75,45,0],"translation":[0,1,0],"scale":[0.15,0.15,0.15]},"thirdperson_lefthand":{"rotation":[75,45,0],"translation":[0,1,0],"scale":[0.15,0.15,0.15]},"firstperson_righthand":{"rotation":[0,45,0],"scale":[0.2,0.2,0.2]},"firstperson_lefthand":{"rotation":[0,45,0],"scale":[0.2,0.2,0.2]},"ground":{"translation":[0,3.2,0],"scale":[0.15,0.15,0.15]},"gui":{"rotation":[30,225,0],"scale":[0.3,0.3,0.3]},"head":{"scale":[2,2,2]},"fixed":{"rotation":[-90,0,0],"translation":[0,0,-34],"scale":[2,2,2]}},"texture_size":[256,256],"textures":{"0":"statue/dark_statue"},"elements":[{"from":[-2,-10,-2],"to":[18,-2,18],"rotation":{"angle":0,"axis":"y","origin":[8,0,8]},"faces":{"north":{"uv":[0,3.25,1.25,3.75],"texture":"#0"},"east":{"uv":[0,3.25,1.25,3.75],"texture":"#0"},"south":{"uv":[0,3.25,1.25,3.75],"texture":"#0"},"west":{"uv":[0,3.25,1.25,3.75],"texture":"#0"},"up":{"uv":[0,2,1.25,3.25],"rotation":90,"texture":"#0"},"down":{"uv":[1.25,2,2.5,3.25],"rotation":270,"texture":"#0"}}},{"from":[-2.25,-5,-2.25],"to":[18.25,-4,18.25],"rotation":{"angle":0,"axis":"y","origin":[8,0,8]},"faces":{"north":{"uv":[0,3.375,1.25,3.4375],"texture":"#0"},"east":{"uv":[0,3.375,1.25,3.4375],"texture":"#0"},"south":{"uv":[0,3.375,1.25,3.4375],"texture":"#0"},"west":{"uv":[0,3.375,1.25,3.4375],"texture":"#0"},"up":{"uv":[4,0,4.3125,0.3125],"rotation":90,"texture":"#0"},"down":{"uv":[4,0,4.3125,0.3125],"rotation":270,"texture":"#0"}}},{"from":[-2.25,-8,-2.25],"to":[18.25,-7,18.25],"rotation":{"angle":0,"axis":"y","origin":[8,0,8]},"faces":{"north":{"uv":[0,3.5625,1.25,3.625],"texture":"#0"},"east":{"uv":[0,3.5625,1.25,3.625],"texture":"#0"},"south":{"uv":[0,3.5625,1.25,3.625],"texture":"#0"},"west":{"uv":[0,3.5625,1.25,3.625],"texture":"#0"},"up":{"uv":[4,0,4.3125,0.3125],"rotation":90,"texture":"#0"},"down":{"uv":[4,0,4.3125,0.3125],"rotation":270,"texture":"#0"}}},{"from":[3.99,-4.26,6.99],"to":[8.01,7.76,11.01],"rotation":{"angle":-45,"axis":"x","origin":[6,6,8]},"faces":{"north":{"uv":[9.375,0,9.125,0.75],"texture":"#0"},"east":{"uv":[9.375,0,9.125,0.75],"texture":"#0"},"south":{"uv":[9.375,0,9.125,0.75],"texture":"#0"},"west":{"uv":[9.375,0,9.125,0.75],"texture":"#0"},"up":{"uv":[9.375,0.25,9.625,0],"texture":"#0"},"down":{"uv":[9.625,0,9.875,0.25],"texture":"#0"}}},{"from":[3.99,17.99,3.99],"to":[12.01,26.01,12.01],"rotation":{"angle":22.5,"axis":"x","origin":[8,18,8]},"faces":{"north":{"uv":[8.9375,1.25,9.4375,1.75],"texture":"#0"},"east":{"uv":[9.9375,1.25,9.4375,1.75],"texture":"#0"},"south":{"uv":[9.9375,1.25,10.4375,1.75],"texture":"#0"},"west":{"uv":[9.4375,1.25,9.9375,1.75],"texture":"#0"},"up":{"uv":[10.9375,1.75,10.4375,1.25],"texture":"#0"},"down":{"uv":[11.4375,1.25,10.9375,1.75],"texture":"#0"}}},{"from":[4,6,6],"to":[12,18,10],"rotation":{"angle":0,"axis":"y","origin":[8,16,8]},"faces":{"north":{"uv":[9.875,0,10.375,0.75],"texture":"#0"},"east":{"uv":[10.375,0,10.625,0.75],"texture":"#0"},"south":{"uv":[9.875,0,10.375,0.75],"texture":"#0"},"west":{"uv":[10.375,0,10.625,0.75],"texture":"#0"},"up":{"uv":[10.375,1.25,9.875,1],"texture":"#0"},"down":{"uv":[10.375,0.75,9.875,1],"texture":"#0"}}},{"from":[-0.01,14.99,5.99],"to":[4.01,27.01,10.01],"rotation":{"angle":22.5,"axis":"z","origin":[4,16,8]},"faces":{"north":{"uv":[9.375,0,9.125,0.75],"texture":"#0"},"east":{"uv":[9.375,0,9.125,0.75],"texture":"#0"},"south":{"uv":[9.375,0,9.125,0.75],"texture":"#0"},"west":{"uv":[9.375,0,9.125,0.75],"texture":"#0"},"up":{"uv":[9.375,0.25,9.625,0],"texture":"#0"},"down":{"uv":[9.375,0,9.625,0.25],"texture":"#0"}}},{"from":[11.99,14.99,5.99],"to":[16.01,27.01,10.01],"rotation":{"angle":-22.5,"axis":"z","origin":[12,16,8]},"faces":{"north":{"uv":[9.375,0,9.125,0.75],"texture":"#0"},"east":{"uv":[9.375,0,9.125,0.75],"texture":"#0"},"south":{"uv":[9.375,0,9.125,0.75],"texture":"#0"},"west":{"uv":[9.375,0,9.125,0.75],"texture":"#0"},"up":{"uv":[9.375,0.25,9.625,0],"texture":"#0"},"down":{"uv":[9.375,0,9.625,0.25],"texture":"#0"}}},{"from":[8,-2,2],"to":[12,10,6],"rotation":{"angle":0,"axis":"y","origin":[0,-2,0]},"faces":{"north":{"uv":[9.375,0,9.125,0.75],"texture":"#0"},"east":{"uv":[9.375,0,9.125,0.75],"texture":"#0"},"south":{"uv":[9.375,0,9.125,0.75],"texture":"#0"},"west":{"uv":[9.375,0,9.125,0.75],"texture":"#0"},"up":{"uv":[9.375,0.25,9.625,0],"texture":"#0"},"down":{"uv":[9.625,0,9.875,0.25],"texture":"#0"}}},{"from":[15.25,26.5,8],"to":[19.25,30.5,8],"rotation":{"angle":-22.5,"axis":"z","origin":[15,24,8]},"faces":{"north":{"uv":[9.1875,1.75,8.9375,2],"texture":"#0"},"east":{"uv":[8.9375,1.75,9.1875,2],"texture":"#0"},"south":{"uv":[8.9375,1.75,9.1875,2],"texture":"#0"},"west":{"uv":[8.9375,1.75,9.1875,2],"texture":"#0"},"up":{"uv":[4,0,4.3125,0.3125],"texture":"#0"},"down":{"uv":[4,0,4.3125,0.3125],"texture":"#0"}}},{"from":[0,27,8],"to":[4,31,8],"rotation":{"angle":22.5,"axis":"z","origin":[4,16,8]},"faces":{"north":{"uv":[8.9375,1.75,9.1875,2],"texture":"#0"},"east":{"uv":[8.9375,1.75,9.1875,2],"texture":"#0"},"south":{"uv":[9.1875,1.75,8.9375,2],"texture":"#0"},"west":{"uv":[8.9375,1.75,9.1875,2],"texture":"#0"},"up":{"uv":[4,0,4.3125,0.3125],"texture":"#0"},"down":{"uv":[4,0,4.3125,0.3125],"texture":"#0"}}},{"from":[6,26,-8],"to":[10,30,-4],"rotation":{"angle":0,"axis":"y","origin":[8,26,-6]},"faces":{"north":{"uv":[9.1875,1.75,9.4375,2],"texture":"#0"},"east":{"uv":[9.1875,1.75,9.4375,2],"texture":"#0"},"south":{"uv":[9.1875,1.75,9.4375,2],"texture":"#0"},"west":{"uv":[9.1875,1.75,9.4375,2],"texture":"#0"},"up":{"uv":[9.1875,1.75,9.4375,2],"texture":"#0"},"down":{"uv":[9.1875,1.75,9.4375,2],"texture":"#0"}}},{"from":[8,24,-11],"to":[8,32,-1],"rotation":{"angle":45,"axis":"y","origin":[8,26,-6]},"faces":{"north":{"uv":[9.4375,1.75,9.9375,2.25],"texture":"#0"},"east":{"uv":[9.4375,1.75,9.9375,2.25],"texture":"#0"},"south":{"uv":[9.4375,1.75,9.9375,2.25],"texture":"#0"},"west":{"uv":[9.4375,1.75,9.9375,2.25],"texture":"#0"},"up":{"uv":[0,0,0.625,0],"rotation":90,"texture":"#0"},"down":{"uv":[0,0,0.625,0],"rotation":270,"texture":"#0"}}},{"from":[3,24,-6],"to":[13,32,-6],"rotation":{"angle":45,"axis":"y","origin":[8,26,-6]},"faces":{"north":{"uv":[9.4375,1.75,9.9375,2.25],"texture":"#0"},"east":{"uv":[9.4375,1.75,9.9375,2.25],"texture":"#0"},"south":{"uv":[9.4375,1.75,9.9375,2.25],"texture":"#0"},"west":{"uv":[9.4375,1.75,9.9375,2.25],"texture":"#0"},"up":{"uv":[0,0,0.625,0],"texture":"#0"},"down":{"uv":[0,0,0.625,0],"texture":"#0"}}}]}