{"display":{"thirdperson_righthand":{"rotation":[75,45,0],"translation":[0,1.5,1],"scale":[0.375,0.375,0.375]},"thirdperson_lefthand":{"rotation":[75,45,0],"translation":[0,1.5,1],"scale":[0.375,0.375,0.375]},"firstperson_righthand":{"rotation":[0,45,0],"translation":[0,1,0],"scale":[0.4,0.4,0.4]},"firstperson_lefthand":{"rotation":[0,45,0],"translation":[0,1,0],"scale":[0.4,0.4,0.4]},"ground":{"translation":[0,3,0],"scale":[0.25,0.25,0.25]},"gui":{"rotation":[30,225,0],"translation":[0,2.5,0],"scale":[0.7,0.7,0.7]},"head":{"rotation":[0,15,0],"translation":[0,18.5,0],"scale":[1.5,1.5,1.5]},"fixed":{"scale":[0.5,0.5,0.5]}},"texture_size":[64,64],"textures":{"0":"entity/zombie/husk"},"elements":[{"from":[5,0,2],"to":[11,6,8],"rotation":{"angle":-22.5,"axis":"x","origin":[0,-4,1]},"faces":{"north":{"uv":[2,2,4,4],"texture":"#0"},"east":{"uv":[0,2,2,4],"texture":"#0"},"south":{"uv":[6,2,8,4],"texture":"#0"},"west":{"uv":[4,2,6,4],"texture":"#0"},"up":{"uv":[4,2,2,0],"texture":"#0"},"down":{"uv":[6,0,4,2],"texture":"#0"}}},{"from":[6,0.25,3],"to":[10,2.25,9],"rotation":{"angle":0,"axis":"x","origin":[0,-4,1]},"faces":{"north":{"uv":[7,5,5,4],"rotation":180,"texture":"#0"},"east":{"uv":[4,5,5,8],"rotation":90,"texture":"#0"},"south":{"uv":[9,4,7,5],"texture":"#0"},"west":{"uv":[7,5,8,8],"rotation":270,"texture":"#0"},"up":{"uv":[8,5,10,8],"texture":"#0"},"down":{"uv":[5,5,7,8],"rotation":180,"texture":"#0"}}},{"from":[4,-4.25,8.5],"to":[6,-2.25,14.5],"rotation":{"angle":-45,"axis":"x","origin":[0,-7,1]},"faces":{"north":{"uv":[12,5,11,4],"rotation":180,"texture":"#0"},"east":{"uv":[10,5,11,8],"rotation":90,"texture":"#0"},"south":{"uv":[13,4,12,5],"texture":"#0"},"west":{"uv":[12,5,13,8],"rotation":270,"texture":"#0"},"up":{"uv":[13,5,14,8],"texture":"#0"},"down":{"uv":[11,5,12,8],"rotation":180,"texture":"#0"}}},{"from":[10,-4.25,8.5],"to":[12,-2.25,14.5],"rotation":{"angle":-45,"axis":"x","origin":[0,-7,1]},"faces":{"north":{"uv":[12,5,11,4],"rotation":180,"texture":"#0"},"east":{"uv":[10,5,11,8],"rotation":90,"texture":"#0"},"south":{"uv":[13,4,12,5],"texture":"#0"},"west":{"uv":[12,5,13,8],"rotation":270,"texture":"#0"},"up":{"uv":[13,5,14,8],"texture":"#0"},"down":{"uv":[11,5,12,8],"rotation":180,"texture":"#0"}}},{"from":[8,0.25,9],"to":[10,2.25,15],"faces":{"north":{"uv":[2,5,1,4],"rotation":180,"texture":"#0"},"east":{"uv":[0,5,1,8],"rotation":90,"texture":"#0"},"south":{"uv":[3,4,2,5],"texture":"#0"},"west":{"uv":[2,5,3,8],"rotation":270,"texture":"#0"},"up":{"uv":[3,5,4,8],"texture":"#0"},"down":{"uv":[1,5,2,8],"rotation":180,"texture":"#0"}}},{"from":[6,4.5,6.75],"to":[8,10.5,8.75],"rotation":{"angle":22.5,"axis":"x","origin":[0,0,0]},"faces":{"north":{"uv":[3,5,4,8],"rotation":180,"texture":"#0"},"east":{"uv":[0,5,1,8],"rotation":180,"texture":"#0"},"south":{"uv":[1,5,2,8],"rotation":180,"texture":"#0"},"west":{"uv":[2,5,3,8],"rotation":180,"texture":"#0"},"up":{"uv":[3,4,2,5],"texture":"#0"},"down":{"uv":[2,5,1,4],"texture":"#0"}}}]}