{"display":{"thirdperson_righthand":{"rotation":[75,45,0],"translation":[0,1.5,1],"scale":[0.375,0.375,0.375]},"thirdperson_lefthand":{"rotation":[75,45,0],"translation":[0,1.5,1],"scale":[0.375,0.375,0.375]},"firstperson_righthand":{"rotation":[0,45,0],"scale":[0.4,0.4,0.4]},"firstperson_lefthand":{"rotation":[0,225,0],"scale":[0.4,0.4,0.4]},"ground":{"translation":[0,4,0],"scale":[0.25,0.25,0.25]},"gui":{"rotation":[30,225,0],"translation":[0,-1.25,0],"scale":[0.6,0.6,0.6]},"head":{"translation":[-25,16,-8],"scale":[1.5,1.5,1.5]},"fixed":{"scale":[0.5,0.5,0.5]}},"texture_size":[64,32],"textures":{"0":"pets/static/inferno_pet"},"elements":[{"from":[5,13.5,5],"to":[11,19.5,11],"rotation":{"angle":0,"axis":"y","origin":[0,-4,1]},"faces":{"north":{"uv":[2,4,4,8],"texture":"#0"},"east":{"uv":[0,4,2,8],"texture":"#0"},"south":{"uv":[6,4,8,8],"texture":"#0"},"west":{"uv":[4,4,6,8],"texture":"#0"},"up":{"uv":[4,4,2,0],"texture":"#0"},"down":{"uv":[6,0,4,4],"texture":"#0"}}},{"from":[4.5,13,4.5],"to":[11.5,22,4.5],"rotation":{"angle":0,"axis":"y","origin":[0,-4,1]},"faces":{"north":{"uv":[2,11,4,16],"texture":"#0"},"east":{"uv":[0,4,2,8],"texture":"#0"},"south":{"uv":[4,11,2,16],"texture":"#0"},"west":{"uv":[4,4,6,8],"texture":"#0"},"up":{"uv":[4,4,2,0],"texture":"#0"},"down":{"uv":[6,0,4,4],"texture":"#0"}}},{"from":[4.5,13,11.5],"to":[11.5,22,11.5],"rotation":{"angle":0,"axis":"y","origin":[0,-4,1]},"faces":{"north":{"uv":[6,11,8,16],"texture":"#0"},"east":{"uv":[0,4,2,8],"texture":"#0"},"south":{"uv":[8,11,6,16],"texture":"#0"},"west":{"uv":[4,4,6,8],"texture":"#0"},"up":{"uv":[4,4,2,0],"texture":"#0"},"down":{"uv":[6,0,4,4],"texture":"#0"}}},{"from":[4.5,13,4.5],"to":[4.5,22,11.5],"rotation":{"angle":0,"axis":"y","origin":[0,-4,1]},"faces":{"north":{"uv":[4,4,6,8],"texture":"#0"},"east":{"uv":[6,11,4,16],"texture":"#0"},"south":{"uv":[0,4,2,8],"texture":"#0"},"west":{"uv":[4,11,6,16],"texture":"#0"},"up":{"uv":[4,4,2,0],"rotation":90,"texture":"#0"},"down":{"uv":[6,0,4,4],"rotation":270,"texture":"#0"}}},{"from":[11.5,13,4.5],"to":[11.5,22,11.5],"rotation":{"angle":0,"axis":"y","origin":[0,-4,1]},"faces":{"north":{"uv":[4,4,6,8],"texture":"#0"},"east":{"uv":[0,11,2,16],"texture":"#0"},"south":{"uv":[0,4,2,8],"texture":"#0"},"west":{"uv":[2,11,0,16],"texture":"#0"},"up":{"uv":[4,4,2,0],"rotation":90,"texture":"#0"},"down":{"uv":[6,0,4,4],"rotation":270,"texture":"#0"}}},{"from":[12,0.25,4.5],"to":[13.5,12.25,11.5],"rotation":{"angle":22.5,"axis":"z","origin":[12,12.25,8]},"faces":{"north":{"uv":[10.25,0,10.75,8],"texture":"#0"},"east":{"uv":[8.25,0,10.75,8],"texture":"#0"},"south":{"uv":[8.25,0,8.75,8],"texture":"#0"},"west":{"uv":[8.25,0,10.75,8],"texture":"#0"},"up":{"uv":[10.75,1,8.25,0],"rotation":270,"texture":"#0"},"down":{"uv":[10.75,7,8.25,8],"rotation":90,"texture":"#0"}}},{"from":[2.5,0.25,4.5],"to":[4,12.25,11.5],"rotation":{"angle":-22.5,"axis":"z","origin":[4,12.25,8]},"faces":{"north":{"uv":[10.25,0,10.75,8],"texture":"#0"},"east":{"uv":[8.25,0,10.75,8],"texture":"#0"},"south":{"uv":[8.25,0,8.75,8],"texture":"#0"},"west":{"uv":[8.25,0,10.75,8],"texture":"#0"},"up":{"uv":[10.75,1,8.25,0],"rotation":270,"texture":"#0"},"down":{"uv":[10.75,7,8.25,8],"rotation":90,"texture":"#0"}}},{"from":[4.5,0.25,2.5],"to":[11.5,12.25,4],"rotation":{"angle":22.5,"axis":"x","origin":[8,12.25,4]},"faces":{"north":{"uv":[8.25,0,10.75,8],"texture":"#0"},"east":{"uv":[10.25,0,10.75,8],"texture":"#0"},"south":{"uv":[8.25,0,10.75,8],"texture":"#0"},"west":{"uv":[8.25,0,8.75,8],"texture":"#0"},"up":{"uv":[10.75,1,8.25,0],"texture":"#0"},"down":{"uv":[10.75,7,8.25,8],"texture":"#0"}}},{"from":[4.5,0.25,12],"to":[11.5,12.25,13.5],"rotation":{"angle":-22.5,"axis":"x","origin":[8,12.25,12]},"faces":{"north":{"uv":[8.25,0,10.75,8],"texture":"#0"},"east":{"uv":[10.25,0,10.75,8],"texture":"#0"},"south":{"uv":[8.25,0,10.75,8],"texture":"#0"},"west":{"uv":[8.25,0,8.75,8],"texture":"#0"},"up":{"uv":[10.75,1,8.25,0],"texture":"#0"},"down":{"uv":[10.75,7,8.25,8],"texture":"#0"}}},{"from":[6.5,0.5,6.5],"to":[9.5,12.5,9.5],"rotation":{"angle":0,"axis":"y","origin":[0,-4,1]},"faces":{"north":{"uv":[9,8,8.25,2],"texture":"#0"},"east":{"uv":[9.25,8,10,2],"texture":"#0"},"south":{"uv":[10,8,10.75,2],"texture":"#0"},"west":{"uv":[9.75,8,9,2],"texture":"#0"},"up":{"uv":[10.75,8,10,6.5],"texture":"#0"},"down":{"uv":[10.75,0,10,1.5],"texture":"#0"}}}]}