{"display":{"thirdperson_righthand":{"rotation":[75,45,0],"translation":[0,0.5,0],"scale":[0.375,0.375,0.375]},"thirdperson_lefthand":{"rotation":[75,45,0],"translation":[0,0.5,0],"scale":[0.375,0.375,0.375]},"firstperson_righthand":{"rotation":[0,45,0],"scale":[0.4,0.4,0.4]},"firstperson_lefthand":{"rotation":[0,45,0],"scale":[0.4,0.4,0.4]},"ground":{"translation":[0,3,0],"scale":[0.25,0.25,0.25]},"gui":{"rotation":[30,225,0],"scale":[0.825,0.825,0.825]},"head":{"translation":[0,16.75,0],"scale":[1.5,1.5,1.5]},"fixed":{"scale":[0.5,0.5,0.5]}},"texture_size":[32,32],"textures":{"0":"pets/animation/parrot_anim1_3_pet","1":"pets/animation/parrot_anim2_3_pet"},"elements":[{"from":[6.5,0,8],"to":[9.5,6,11],"rotation":{"angle":-22.5,"axis":"x","origin":[0,0,0]},"faces":{"north":{"uv":[5.5,5.5,7,8.5],"texture":"#0"},"east":{"uv":[4,5.5,5.5,8.5],"texture":"#0"},"south":{"uv":[2.5,5.5,4,8.5],"texture":"#0"},"west":{"uv":[1,5.5,2.5,8.5],"texture":"#0"},"up":{"uv":[4,4,5.5,5.5],"texture":"#0"},"down":{"uv":[2.5,4,4,5.5],"texture":"#0"}}},{"from":[7,8.75,5.75],"to":[9,11.75,7.75],"faces":{"north":{"uv":[2,2,3,3.5],"texture":"#0"},"east":{"uv":[1,2,2,3.5],"texture":"#0"},"south":{"uv":[4,2,5,3.5],"texture":"#0"},"west":{"uv":[3,2,4,3.5],"texture":"#0"},"up":{"uv":[2,1,3,2],"texture":"#0"},"down":{"uv":[3,1,4,2],"texture":"#0"}}},{"from":[7,11.75,3.75],"to":[9,12.75,7.75],"faces":{"north":{"uv":[10,2,11,2.5],"texture":"#0"},"east":{"uv":[8,2,10,2.5],"texture":"#0"},"south":{"uv":[7,2,8,2.5],"texture":"#0"},"west":{"uv":[5,2,7,2.5],"texture":"#0"},"up":{"uv":[8,0,9,2],"texture":"#0"},"down":{"uv":[7,0,8,2],"texture":"#0"}}},{"from":[7.5,9.75,4.75],"to":[8.5,11.75,5.75],"faces":{"north":{"uv":[6,4,6.5,5],"texture":"#0"},"east":{"uv":[7,4,7.5,5],"texture":"#0"},"south":{"uv":[5.5,4,6,5],"texture":"#0"},"west":{"uv":[6.5,4,7,5],"texture":"#0"},"up":{"uv":[6.5,3.5,7,4],"texture":"#0"},"down":{"uv":[6,3.5,6.5,4],"texture":"#0"}}},{"from":[7.5,10,3.75],"to":[8.5,11.75,4.75],"faces":{"north":{"uv":[8.5,4,8,5],"texture":"#0"},"east":{"uv":[9.5,4,9,5],"texture":"#0"},"south":{"uv":[10,4,9.5,5],"texture":"#0"},"west":{"uv":[9,4,8.5,5],"texture":"#0"},"up":{"uv":[9.5,3.5,9,4],"texture":"#0"},"down":{"uv":[9,3.5,8.5,4],"texture":"#0"}}},{"from":[8,12.75,-1],"to":[8,17.75,3],"rotation":{"angle":22.5,"axis":"x","origin":[0,0,0]},"faces":{"north":{"uv":[0,0,0.5,2.5],"texture":"#0"},"east":{"uv":[1,11,3,13.5],"texture":"#0"},"south":{"uv":[0,0,0.5,2.5],"texture":"#0"},"west":{"uv":[3,11,1,13.5],"texture":"#0"},"up":{"uv":[0,0,0.5,2],"texture":"#0"},"down":{"uv":[0,0,0.5,2],"texture":"#0"}}},{"from":[6.5,7.25,6.75],"to":[9.5,8.25,10.75],"rotation":{"angle":22.5,"axis":"x","origin":[0,0,0]},"faces":{"north":{"uv":[11.5,0.5,13,1],"rotation":180,"texture":"#0"},"east":{"uv":[11,1,11.5,3],"rotation":90,"texture":"#0"},"south":{"uv":[13,0.5,14.5,1],"texture":"#0"},"west":{"uv":[13,1,13.5,3],"rotation":270,"texture":"#0"},"up":{"uv":[11.5,1,13,3],"texture":"#0"},"down":{"uv":[13.5,1,15,3],"rotation":180,"texture":"#0"}}},{"from":[5.5,-3,9],"to":[6.5,2,12],"rotation":{"angle":-45,"axis":"x","origin":[0,0,0]},"faces":{"north":{"uv":[13,5.5,13.5,8],"texture":"#0"},"east":{"uv":[11.5,5.5,13,8],"texture":"#0"},"south":{"uv":[11,5.5,11.5,8],"texture":"#0"},"west":{"uv":[9.5,5.5,11,8],"texture":"#0"},"up":{"uv":[11,4,11.5,5.5],"texture":"#0"},"down":{"uv":[11.5,4,12,5.5],"texture":"#0"}}},{"from":[9.5,-3,9],"to":[10.5,2,12],"rotation":{"angle":-45,"axis":"x","origin":[0,0,0]},"faces":{"north":{"uv":[13,5.5,13.5,8],"texture":"#0"},"east":{"uv":[11.5,5.5,13,8],"texture":"#0"},"south":{"uv":[11,5.5,11.5,8],"texture":"#0"},"west":{"uv":[9.5,5.5,11,8],"texture":"#0"},"up":{"uv":[11,4,11.5,5.5],"texture":"#0"},"down":{"uv":[11.5,4,12,5.5],"texture":"#0"}}},{"from":[8.5,2,8.5],"to":[9.5,4,8.5],"faces":{"north":{"uv":[8.5,9.5,9,10.5],"texture":"#0"},"east":{"uv":[8.5,9.5,9,10.5],"texture":"#0"},"south":{"uv":[8.5,9.5,9,10.5],"texture":"#0"},"west":{"uv":[8.5,9.5,9,10.5],"texture":"#0"},"up":{"uv":[0,0,0.5,0.5],"texture":"#0"},"down":{"uv":[0,0,0.5,0.5],"texture":"#0"}}},{"from":[8.5,2,7.5],"to":[9.5,2,8.5],"faces":{"north":{"uv":[0,0,0.5,0],"texture":"#0"},"east":{"uv":[0,0,0.5,0],"texture":"#0"},"south":{"uv":[0,0,0.5,0],"texture":"#0"},"west":{"uv":[0,0,0.5,0],"texture":"#0"},"up":{"uv":[8,9,8.5,9.5],"texture":"#0"},"down":{"uv":[8,9,8.5,9.5],"texture":"#0"}}},{"from":[6.5,2,7.5],"to":[7.5,2,8.5],"faces":{"north":{"uv":[0,0,0.5,0],"texture":"#0"},"east":{"uv":[0,0,0.5,0],"texture":"#0"},"south":{"uv":[0,0,0.5,0],"texture":"#0"},"west":{"uv":[0,0,0.5,0],"texture":"#0"},"up":{"uv":[8,9,8.5,9.5],"texture":"#0"},"down":{"uv":[8,9,8.5,9.5],"texture":"#0"}}},{"from":[6.5,2,8.5],"to":[7.5,4,8.5],"faces":{"north":{"uv":[8.5,9.5,9,10.5],"texture":"#0"},"east":{"uv":[8.5,9.5,9,10.5],"texture":"#0"},"south":{"uv":[8.5,9.5,9,10.5],"texture":"#0"},"west":{"uv":[8.5,9.5,9,10.5],"texture":"#0"},"up":{"uv":[0,0,0.5,0.5],"texture":"#0"},"down":{"uv":[0,0,0.5,0.5],"texture":"#0"}}},{"from":[6.5,0,8],"to":[9.5,6,11],"rotation":{"angle":-22.5,"axis":"x","origin":[0,0,0]},"faces":{"north":{"uv":[5.5,5.5,7,8.5],"texture":"#1"},"east":{"uv":[4,5.5,5.5,8.5],"texture":"#1"},"south":{"uv":[2.5,5.5,4,8.5],"texture":"#1"},"west":{"uv":[1,5.5,2.5,8.5],"texture":"#1"},"up":{"uv":[4,4,5.5,5.5],"texture":"#1"},"down":{"uv":[2.5,4,4,5.5],"texture":"#1"}}},{"from":[4,8.75,8],"to":[6,11.75,10],"rotation":{"angle":22.5,"axis":"y","origin":[0,0,0]},"faces":{"north":{"uv":[3,2,4,3.5],"texture":"#1"},"east":{"uv":[2,2,3,3.5],"texture":"#1"},"south":{"uv":[1,2,2,3.5],"texture":"#1"},"west":{"uv":[4,2,5,3.5],"texture":"#1"},"up":{"uv":[2,1,3,2],"rotation":90,"texture":"#1"},"down":{"uv":[3,1,4,2],"rotation":270,"texture":"#1"}}},{"from":[4,11.75,8],"to":[8,12.75,10],"rotation":{"angle":22.5,"axis":"y","origin":[0,0,0]},"faces":{"north":{"uv":[5,2,7,2.5],"texture":"#1"},"east":{"uv":[10,2,11,2.5],"texture":"#1"},"south":{"uv":[8,2,10,2.5],"texture":"#1"},"west":{"uv":[7,2,8,2.5],"texture":"#1"},"up":{"uv":[8,0,9,2],"rotation":90,"texture":"#1"},"down":{"uv":[7,0,8,2],"rotation":270,"texture":"#1"}}},{"from":[6,9.75,8.5],"to":[7,11.75,9.5],"rotation":{"angle":22.5,"axis":"y","origin":[0,0,0]},"faces":{"north":{"uv":[6.5,4,7,5],"texture":"#1"},"east":{"uv":[6,4,6.5,5],"texture":"#1"},"south":{"uv":[7,4,7.5,5],"texture":"#1"},"west":{"uv":[5.5,4,6,5],"texture":"#1"},"up":{"uv":[6.5,3.5,7,4],"rotation":90,"texture":"#1"},"down":{"uv":[6,3.5,6.5,4],"rotation":270,"texture":"#1"}}},{"from":[7,10,8.5],"to":[8,11.75,9.5],"rotation":{"angle":22.5,"axis":"y","origin":[0,0,0]},"faces":{"north":{"uv":[9,4,8.5,5],"texture":"#1"},"east":{"uv":[8.5,4,8,5],"texture":"#1"},"south":{"uv":[9.5,4,9,5],"texture":"#1"},"west":{"uv":[10,4,9.5,5],"texture":"#1"},"up":{"uv":[9.5,3.5,9,4],"rotation":90,"texture":"#1"},"down":{"uv":[9,3.5,8.5,4],"rotation":270,"texture":"#1"}}},{"from":[2.75,11.75,9],"to":[6.75,16.75,9],"rotation":{"angle":22.5,"axis":"y","origin":[0,0,0]},"faces":{"north":{"uv":[3,11,1,13.5],"texture":"#1"},"east":{"uv":[0,0,0.5,2.5],"texture":"#1"},"south":{"uv":[1,11,3,13.5],"texture":"#1"},"west":{"uv":[0,0,0.5,2.5],"texture":"#1"},"up":{"uv":[0,0,0.5,2],"rotation":90,"texture":"#1"},"down":{"uv":[0,0,0.5,2],"rotation":270,"texture":"#1"}}},{"from":[6.5,7.25,6.75],"to":[9.5,8.25,10.75],"rotation":{"angle":22.5,"axis":"x","origin":[0,0,0]},"faces":{"north":{"uv":[11.5,0.5,13,1],"rotation":180,"texture":"#1"},"east":{"uv":[11,1,11.5,3],"rotation":90,"texture":"#1"},"south":{"uv":[13,0.5,14.5,1],"texture":"#1"},"west":{"uv":[13,1,13.5,3],"rotation":270,"texture":"#1"},"up":{"uv":[11.5,1,13,3],"texture":"#1"},"down":{"uv":[13.5,1,15,3],"rotation":180,"texture":"#1"}}},{"from":[5.5,-3,9],"to":[6.5,2,12],"rotation":{"angle":-45,"axis":"x","origin":[0,0,0]},"faces":{"north":{"uv":[13,5.5,13.5,8],"texture":"#1"},"east":{"uv":[11.5,5.5,13,8],"texture":"#1"},"south":{"uv":[11,5.5,11.5,8],"texture":"#1"},"west":{"uv":[9.5,5.5,11,8],"texture":"#1"},"up":{"uv":[11,4,11.5,5.5],"texture":"#1"},"down":{"uv":[11.5,4,12,5.5],"texture":"#1"}}},{"from":[9.5,-3,9],"to":[10.5,2,12],"rotation":{"angle":-45,"axis":"x","origin":[0,0,0]},"faces":{"north":{"uv":[13,5.5,13.5,8],"texture":"#1"},"east":{"uv":[11.5,5.5,13,8],"texture":"#1"},"south":{"uv":[11,5.5,11.5,8],"texture":"#1"},"west":{"uv":[9.5,5.5,11,8],"texture":"#1"},"up":{"uv":[11,4,11.5,5.5],"texture":"#1"},"down":{"uv":[11.5,4,12,5.5],"texture":"#1"}}},{"from":[6.5,2,8.5],"to":[7.5,4,8.5],"faces":{"north":{"uv":[8.5,9.5,9,10.5],"texture":"#1"},"east":{"uv":[8.5,9.5,9,10.5],"texture":"#1"},"south":{"uv":[8.5,9.5,9,10.5],"texture":"#1"},"west":{"uv":[8.5,9.5,9,10.5],"texture":"#1"},"up":{"uv":[0,0,0.5,0.5],"texture":"#1"},"down":{"uv":[0,0,0.5,0.5],"texture":"#1"}}},{"from":[6.5,2,7.5],"to":[7.5,2,8.5],"faces":{"north":{"uv":[0,0,0.5,0],"texture":"#1"},"east":{"uv":[0,0,0.5,0],"texture":"#1"},"south":{"uv":[0,0,0.5,0],"texture":"#1"},"west":{"uv":[0,0,0.5,0],"texture":"#1"},"up":{"uv":[8,9,8.5,9.5],"texture":"#1"},"down":{"uv":[8,9,8.5,9.5],"texture":"#1"}}},{"from":[8.5,2,8.5],"to":[9.5,4,8.5],"faces":{"north":{"uv":[8.5,9.5,9,10.5],"texture":"#1"},"east":{"uv":[8.5,9.5,9,10.5],"texture":"#1"},"south":{"uv":[8.5,9.5,9,10.5],"texture":"#1"},"west":{"uv":[8.5,9.5,9,10.5],"texture":"#1"},"up":{"uv":[0,0,0.5,0.5],"texture":"#1"},"down":{"uv":[0,0,0.5,0.5],"texture":"#1"}}},{"from":[8.5,2,7.5],"to":[9.5,2,8.5],"faces":{"north":{"uv":[0,0,0.5,0],"texture":"#1"},"east":{"uv":[0,0,0.5,0],"texture":"#1"},"south":{"uv":[0,0,0.5,0],"texture":"#1"},"west":{"uv":[0,0,0.5,0],"texture":"#1"},"up":{"uv":[8,9,8.5,9.5],"texture":"#1"},"down":{"uv":[8,9,8.5,9.5],"texture":"#1"}}}]}