{"elements":[{"from":[5.3,4.7,5.3],"to":[10.7,6.4,10.7],"rotation":{"angle":0,"axis":"y","origin":[15,12.7,15]},"faces":{"north":{"uv":[0,13,5,15],"texture":"#1"},"east":{"uv":[0,11,5,13],"texture":"#1"},"south":{"uv":[0,8,5,10],"texture":"#1"},"west":{"uv":[0,6,5,8],"texture":"#1"},"up":{"uv":[0,0,5,5],"texture":"#1"},"down":{"uv":[0,0,5,5],"texture":"#1"}}},{"from":[7.3,0,7.3],"to":[8.7,4.7,8.7],"rotation":{"angle":0,"axis":"y","origin":[15,8,15]},"faces":{"north":{"uv":[14,0,16,5],"texture":"#1"},"east":{"uv":[14,0,16,5],"texture":"#1"},"south":{"uv":[14,0,16,5],"texture":"#1"},"west":{"uv":[14,0,16,5],"texture":"#1"},"up":{"uv":[0,0,1,1],"texture":"#1"},"down":{"uv":[14,5,16,7],"texture":"#1"}}}],"parent":"minecraft:block/cross","textures":{"1":"block/brown_mushroom_mx","particle":"block/brown_mushroom_mx"}}