{"elements":[{"from":[7,3,3],"to":[13,6,9],"rotation":{"angle":0,"axis":"y","origin":[2,10,-2]},"faces":{"north":{"uv":[6,7,12,10],"texture":"#1"},"east":{"uv":[0,7,6,10],"texture":"#1"},"south":{"uv":[6,11,12,14],"texture":"#1"},"west":{"uv":[0,11,6,14],"texture":"#1"},"up":{"uv":[0,0,6,6],"rotation":180,"texture":"#1"},"down":{"uv":[6,0,12,6],"rotation":180,"texture":"#1"}}},{"from":[9,0,5],"to":[11,3,7],"rotation":{"angle":0,"axis":"y","origin":[2,10,-2]},"faces":{"north":{"uv":[14,0,16,3],"texture":"#1"},"east":{"uv":[14,0,16,3],"texture":"#1"},"south":{"uv":[14,0,16,3],"texture":"#1"},"west":{"uv":[14,0,16,3],"texture":"#1"},"up":{"uv":[0,0,2,2],"rotation":180,"texture":"#1"},"down":{"uv":[14,4,16,6],"rotation":180,"texture":"#1"}}},{"from":[4,2,5],"to":[8,4,9],"rotation":{"angle":22.5,"axis":"y","origin":[15,10,12]},"faces":{"north":{"uv":[7,11,11,13],"texture":"#1"},"east":{"uv":[6,12,10,14],"texture":"#1"},"south":{"uv":[7,7,11,9],"texture":"#1"},"west":{"uv":[0,7,4,9],"texture":"#1"},"up":{"uv":[12,12,16,16],"texture":"#1"},"down":{"uv":[6,0,12,6],"texture":"#1"}}},{"from":[5,0,6],"to":[7,2,8],"rotation":{"angle":22.5,"axis":"y","origin":[15,10,12]},"faces":{"north":{"uv":[14,0,16,2],"texture":"#1"},"east":{"uv":[14,0,16,2],"texture":"#1"},"south":{"uv":[14,0,16,2],"texture":"#1"},"west":{"uv":[14,0,16,2],"texture":"#1"},"up":{"uv":[0,0,2,2],"texture":"#1"},"down":{"uv":[14,4,16,6],"texture":"#1"}}}],"parent":"minecraft:block/cross","textures":{"1":"block/red_mushroom_mx","particle":"block/red_mushroom_mx"}}