{"elements":[{"from":[5,4,7],"to":[13,8,15],"rotation":{"angle":0,"axis":"y","origin":[14,12,16]},"faces":{"north":{"uv":[8,12,16,16],"texture":"#1"},"east":{"uv":[0,12,8,16],"texture":"#1"},"south":{"uv":[8,8,16,12],"texture":"#1"},"west":{"uv":[0,8,8,12],"texture":"#1"},"up":{"uv":[0,0,8,8],"texture":"#1"},"down":{"uv":[8,0,14,6],"texture":"#1"}}},{"from":[8,0,10],"to":[10,4,12],"rotation":{"angle":0,"axis":"y","origin":[14,8,16]},"faces":{"north":{"uv":[14,0,16,4],"texture":"#1"},"east":{"uv":[14,0,16,4],"texture":"#1"},"south":{"uv":[14,0,16,4],"texture":"#1"},"west":{"uv":[14,0,16,4],"texture":"#1"},"up":{"uv":[0,0,2,2],"texture":"#1"},"down":{"uv":[14,6,16,8],"texture":"#1"}}},{"from":[5,2,2],"to":[11,5,8],"rotation":{"angle":22.5,"axis":"y","origin":[3,8,10]},"faces":{"north":{"uv":[0,8,8,12],"texture":"#1"},"east":{"uv":[8,12,16,16],"texture":"#1"},"south":{"uv":[0,12,8,16],"texture":"#1"},"west":{"uv":[8,8,16,12],"texture":"#1"},"up":{"uv":[0,0,8,8],"rotation":90,"texture":"#1"},"down":{"uv":[8,0,14,6],"rotation":270,"texture":"#1"}}},{"from":[7,0,4],"to":[9,2,6],"rotation":{"angle":22.5,"axis":"y","origin":[3,8,10]},"faces":{"north":{"uv":[14,0,16,2],"texture":"#1"},"east":{"uv":[14,0,16,2],"texture":"#1"},"south":{"uv":[14,0,16,2],"texture":"#1"},"west":{"uv":[14,0,16,2],"texture":"#1"},"up":{"uv":[0,0,2,2],"rotation":90,"texture":"#1"},"down":{"uv":[14,6,16,8],"rotation":270,"texture":"#1"}}}],"parent":"minecraft:block/cross","textures":{"1":"block/warped_fungus_mx","particle":"block/warped_fungus_mx"}}